movie_name,year,tags
jawan,2023,action thriller a high-octane action thriller which outlines the emotional journey of a man who is set to rectify the wrongs in the society. atlee shah rukh khan nayanthara vijay sethupathi deepika padukone 
jaane jaan,2023,crime drama mystery a single mother and her daughter who commit a crime and a neighbor who helps them cover it up amidst a police investigation. sujoy ghosh kareena kapoor jaideep ahlawat vijay varma saurabh sachdeva 
jailer,2023,"action comedy crime a retired jailer goes on a manhunt to find his son's killers. but the road leads him to a familiar, albeit a bit darker place. can he emerge from this complex situation successfully? nelson dilipkumar rajinikanth mohanlal shivarajkumar jackie shroff "
rocky aur rani kii prem kahaani,2023,"comedy drama family flamboyant punjabi rocky and intellectual bengali journalist rani fall in love despite their differences. after facing family opposition, they decide to live with each other's families for three months before getting married. karan johar ranveer singh alia bhatt dharmendra shabana azmi "
omg 2,2023,comedy drama an unhappy civilian asks the court to mandate comprehensive education in schools in a dramatic yet amusing courtroom play. amit rai pankaj tripathi akshay kumar yami gautam pawan malhotra 
sukhee,2023,"drama much to the dismay of her husband, a middle-class housewife, known for her rebellious attitude in high school, decides to attend her class reunion. sonal joshi shilpa shetty kundra amit sadh chaitannya choudhry kusha kapila "
the great indian family,2023,"family ved vyas tripathi, aka bhajan kumar, is a devout hindu man who faces an identity crisis and a personal dilemma when he discovers he is actually a muslim by birth. vijay krishna acharya alka amin bhuvan arora manushi chhillar srishti dixit "
the bfg,2016,"adventure family fantasy an orphan little girl befriends a benevolent giant who takes her to giant country, where they attempt to stop the man-eating giants that are invading the human world. steven spielberg mark rylance ruby barnhill penelope wilton jemaine clement "
pathaan,2023,"action adventure thriller an indian agent races against a doomsday clock as a ruthless mercenary, with a bitter vendetta, mounts an apocalyptic attack against the country. siddharth anand shah rukh khan deepika padukone john abraham dimple kapadia "
mastaney,2023,"action drama history set in 1739, nadar shah's undefeated army was attacked by sikh rebellions. nadar demands to arrest them but it doesn't work out. five ordinary men are hired to play sikh rebellions but over time they learn what sikhs are. sharan art tarsem jassar simi chahal gurpreet ghuggi karamjit anmol "
3 idiots,2009,"comedy drama two friends are searching for their long lost companion. they revisit their college days and recall the memories of their friend who inspired them to think differently, even as the rest of the world called them ""idiots"". rajkumar hirani aamir khan madhavan mona singh sharman joshi "
satyaprem ki katha,2023,"comedy drama musical a middle-class boy in ahmedabad, satyaprem falling in one-sided love with katha, who is coping with her breakup with tapan. through the journey, they discover each other's life and complement in accomplishing what was left halfway. sameer vidwans kartik aaryan kiara advani supriya pathak gajraj rao "
lion,2016,"biography drama a five-year-old indian boy is adopted by an australian couple after getting lost hundreds of kilometers from home. 25 years later, he sets out to find his lost family. garth davis dev patel nicole kidman rooney mara sunny pawar "
bholaa shankar,2023,action drama a doting brother tries to hunt down notorious criminals who had harmed his sister. meher ramesh chiranjeevi tamannaah bhatia keerthy suresh raghu babu 
haddi,2023,"crime drama in this zee5 original film, a transgender, haddi moves to delhi and joins a gang of transgenders and cross-dressers headed by an influential man. but is this move aspirational or driven by revenge? akshat ajay sharma nawazuddin siddiqui anurag kashyap mohd. zeeshan ayyub resh lamba "
friday night plan,2023,"comedy drama when their mother takes off on a business trip, two bickering brothers unite to secretly attend the hottest party of the year before she returns. vatsal neelakantan babil khan amrith jayan medha rana aadhya anand "
neeyat,2023,"crime mystery thriller when a mysterious murder takes place at exiled billionaire ashish kapoor's birthday getaway, detective mira rao must use all her skill to unravel devious motives as the suspects are kapoor's close family and friends. anu menon vidya balan ram kapoor rahul bose neeraj kabi "
gadar 2,2023,"action adventure drama when tara singh goes missing during a skirmish and is believed to be captured in pakistan, his son jeete sets out to rescue him and enters a labyrinth from which they both must escape at all costs. anil sharma sunny deol amrish puri nana patekar ameesha patel "
por thozhil,2023,"action crime thriller a bright but faint-hearted rookie cop has to overcome his fears in order to succeed in his first case which sees him partnered with a reclusive senior officer to catch a serial killer on the loose. vignesh raja, t. senthil paramasivam r. sarathkumar ashok selvan nikhila vimal sarath babu "
life of pi,2012,"adventure drama fantasy a young man who survives a disaster at sea is hurtled into an epic journey of adventure and discovery. while cast away, he forms an unexpected connection with another survivor: a fearsome bengal tiger. ang lee suraj sharma irrfan khan adil hussain tabu "
asoka,2001,action biography drama the epic tale of king asoka's life is recounted. santosh sivan shah rukh khan kareena kapoor danny denzongpa hrishitaa bhatt 
the darjeeling limited,2007,"adventure comedy drama a year after their father's funeral, three brothers travel across india by train in an attempt to bond with each other. wes anderson owen wilson adrien brody jason schwartzman amara karan "
dangal,2016,action biography drama former wrestler mahavir singh phogat and his two wrestler daughters struggle towards glory at the commonwealth games in the face of societal oppression. nitesh tiwari aamir khan sakshi tanwar fatima sana shaikh sanya malhotra 
tumbbad,2018,"drama fantasy horror a mythological story about a goddess who created the entire universe. the plot revolves around the consequences when humans build a temple for her first-born. rahi anil barve, anand gandhi, adesh prasad sohum shah jyoti malshe anita date-kelkar ronjini chakraborty "
dunki,2023,comedy drama the rampant use of an illegal backdoor route called 'donkey flight' by indians to immigrate to countries like canada and usa. rajkumar hirani shah rukh khan taapsee pannu boman irani vicky kaushal 
sirf ek bandaa kaafi hai,2023,crime drama thriller a common man with honesty and integrity can take on the system when he has truth on his side. apoorv singh karki manoj bajpayee surya mohan kulshreshtha jai hind kumar nikhil pandey 
gangs of wasseypur,2012,"action comedy crime a clash between sultan and shahid khan leads to the expulsion of khan from wasseypur, and ignites a deadly blood feud spanning three generations. anurag kashyap manoj bajpayee nawazuddin siddiqui tigmanshu dhulia richa chadha "
khufiya,2023,"action biography crime krishna mehra who is an operative at indian spy agency known as r&aw. she is assigned to track down the mole selling india's defense secrets, while all along grappling with her dual identity as a spy and a lover. vishal bhardwaj tabu ali fazal wamiqa gabbi azmeri haque badhon "
animal,2023,"action crime drama animal is the story of a son's obsessive love for his father. often away due to work the father is unable to comprehend the intensity of his son's love. ironically, this fervent love and ...                see full summary » sandeep reddy vanga ranbir kapoor triptii dimri saurabh sachdeva anil kapoor "
miss shetty mr polishetty,2023,"comedy drama romance miss shetty is a feminist living in london and wants to be single forever. mr. polishetty from hyderabad in telangana, india, wants to be in a committed relationship. the two appear to be in different stages of life but somehow connect. mahesh babu p. keshav deepak abhinav gomatam jayasudha koushik mahata "
bawaal,2023,action drama romance a small-town man who falls in love with the most beautiful girl in town. he wants to marry her one day because marrying her can raise his social position. nitesh tiwari varun dhawan janhvi kapoor manoj pahwa anjuman saxena 
brahmastra part one: shiva,2022,"action adventure fantasy a dj with superpowers and his ladylove embark on a mission to protect the brahmastra, a weapon of enormous energy, from dark forces closing in on them. ayan mukerji amitabh bachchan ranbir kapoor alia bhatt nagarjuna akkineni "
ghoomer,2023,"drama sport anina, a young batting prodigy, loses her right hand in an accident. an unsympathetic, failed cricketer gives her new hope, trains her with unconventional techniques, to turn her fate around. ghoomer is a new style of bowling they invent. r. balki amitabh bachchan shabana azmi abhishek bachchan saiyami kher "
tiger 3,2023,action adventure thriller plot under wraps maneesh sharma salman khan katrina kaif 
tu jhoothi main makkaar,2023,"comedy romance madness ensues when a 'player' in the world of romantic relationships finds a girl who's a worthy opponent, that believes love is a battle of wits. luv ranjan ranbir kapoor shraddha kapoor krrish saini anubhav singh bassi "
drishyam 2,2022,crime drama mystery a gripping tale of an investigation and a family which is threatened by it. will vijay salgaonkar be able to protect his family this time? abhishek pathak ajay devgn akshaye khanna tabu shriya saran 
gandhi,1982,biography drama history the life of the lawyer who became the famed leader of the indian revolts against the british rule through his philosophy of nonviolent protest. richard attenborough ben kingsley john gielgud rohini hattangadi roshan seth 
pk,2014,comedy drama sci-fi an alien on earth loses the only device he can use to communicate with his spaceship. his innocent nature and child-like questions force the country to evaluate the impact of there religious views on there people. rajkumar hirani aamir khan anushka sharma sanjay dutt boman irani 
my name is khan,2010,adventure drama romance an indian muslim man with asperger's syndrome takes a challenge to speak to the president of the united states seriously and embarks on a cross-country journey. karan johar shah rukh khan kajol sheetal menon katie amanda keane 
raees,2017,action crime drama a bootlegger sets out to improve his community as a promising leader but falls in a political trap. rahul dholakia shah rukh khan jaideep ahlawat sunny leone nawazuddin siddiqui 
rama banam,2023,"action drama two siblings, who despite their difference in ideologies come together to fight for their common goal. sriwass gopichand dimple hayathi jagapathi babu kushboo "
andhadhun,2018,"crime mystery thriller a series of mysterious events change the life of a blind pianist, who must now report a crime that he should technically know nothing of. sriram raghavan tabu ayushmann khurrana radhika apte anil dhawan "
thank you for coming,2023,"comedy when five best friends assemble together at a family gathering, they must navigate the hilarious and heartwarming consequences of their lie, discovering the true depth of their friendship and love. karan boolani bhumi pednekar dolly ahluwalia shibani bedi saloni daini "
dream girl 2,2023,"comedy drama romance karam, who is trying to live a serious life in mathura and falls in love with pari but life is hell bent on not taking him seriously. in a turn of events karam becomes pooja which creates further chaos in his already chaotic life. raaj shaandilyaa paresh rawal ananya panday ayushmann khurrana annu kapoor "
kushi,2023,"comedy drama romance raised in an atheist household, a young man falls in love with the daughter of his father's arch-rival, a devout hindu leader. shiva nirvana samantha ruth prabhu vijay deverakonda lakshmi murli sharma "
taare zameen par,2007,"drama family an eight-year-old boy is thought to be a lazy trouble-maker, until the new art teacher has the patience and compassion to discover the real problem behind his struggles in school. aamir khan, amole gupte darsheel safary aamir khan tanay chheda sachet engineer "
drishyam,2015,"crime drama mystery desperate measures are taken by a man who tries to save his family from the dark side of the law, after they commit an unexpected crime. nishikant kamat ajay devgn shriya saran tabu rajat kapoor "
chor nikal ke bhaga,2023,"crime drama thriller a flight attendant and her business partner on a mission to steal diamonds and free themselves from the clutches of a loan shark.at 40,000 feet in the air, the heist goes horribly wrong and turns into a hostage situation. ajay singh yami gautam sunny kaushal sharad kelkar indraneil sengupta "
gangubai kathiawadi,2022,"biography crime drama duped and sold to a brothel, a young woman fearlessly reclaims her power, using underworld connections to preside over the world she was once a pawn in. sanjay leela bhansali alia bhatt shantanu maheshwari vijay raaz indira tiwari "
gaslight,2023,"crime horror mystery misha returns to her royal family estate after 15 years to visit her estranged father, only to find him missing. pavan kirpalani sara ali khan vikrant massey chitrangda singh rahul dev "
the buckingham murders,2023,"thriller follows jass, a detective-mother who after losing her own child must investigate the murder of a 10-year-old in buckinghamshire, going down a rabbit hole of secrets, where almost everyone in the small town becomes a suspect. hansal mehta kareena kapoor keith allen haqi ali chris wilson "
fighter,2024,"action adventure thriller fighter is india's first aerial action film releasing in theaters on 25th january, 2024. siddharth anand hrithik roshan deepika padukone anil kapoor akarsh alagh "
bholaa,2023,"action adventure crime after getting out of prison with the desire to meet his daughter, bholaa's plans are interrupted by a well-orchestrated drug bust. ajay devgn ajay devgn tabu abhishek bachchan amala paul "
om shanti om,2007,"action comedy drama in the 1970s, om, an aspiring actor, is murdered, but is immediately reincarnated into the present day. he attempts to discover the mystery of his demise and find shanti, the love of his previous life. farah khan shah rukh khan deepika padukone arjun rampal kirron kher "
kabhi khushi kabhie gham...,2001,"drama musical romance after marrying a poor woman, rich rahul is disowned by his father and moves to london to build a new life. years later, his now-grown younger brother rohan embarks on a mission to bring rahul back home and reunite the family. karan johar shah rukh khan kajol amitabh bachchan hrithik roshan "
the kerala story,2023,"drama a converted muslim woman fatima ba narrates her ordeal of how she once wanted to become a nurse but was abducted from her home and manipulated by religious vanguards, turned into an isis terrorist and landed in afghanistan jail. sudipto sen, vipul amrutlal shah adah sharma yogita bihani sonia balani siddhi idnani "
vikram vedha,2022,"action crime drama a tough police officer sets out to track down and kill an equally tough gangster. gayatri, pushkar saif ali khan hrithik roshan radhika apte rohit saraf "
"swades: we, the people",2004,drama musical a successful indian scientist returns to an indian village to take his nanny to america with him and in the process rediscovers his roots. ashutosh gowariker shah rukh khan gayatri joshi kishori ballal smith seth 
bajrangi bhaijaan,2015,"action adventure comedy an indian man with a magnanimous heart takes a young mute pakistani girl back to her homeland to reunite her with her family. kabir khan, mehmet tutkun salman khan harshaali malhotra nawazuddin siddiqui kareena kapoor "
bloody daddy,2023,"action crime drama a messed up, tenacious man faces off against cops and crime lords to save the one relationship that matters to him. ali abbas zafar shahid kapoor vivan bhatena diana penty ronit roy "
the hundred-foot journey,2014,comedy drama the kadam family leaves india for france where they open a restaurant directly across the road from madame mallory's michelin-starred eatery. lasse hallström helen mirren om puri manish dayal charlotte le bon 
the kashmir files,2022,"drama a heart-wrenching tale that captures the pain, suffering, and struggle of the kashmiri pandit community in 1990 and leads krishna, a young college student, to set out on a quest to uncover the truth. vivek agnihotri mithun chakraborty anupam kher darshan kumaar pallavi joshi "
akelli,2023,drama thriller an ordinary indian girl gets trapped in a war-torn land and survival is her battle. pranay meshram nushrratt bharuccha amir boutrous nishant dahiya vijay kumar dogra 
omg: oh my god!,2012,comedy drama fantasy a shopkeeper takes god to court when his shop is destroyed by an earthquake. umesh shukla paresh rawal akshay kumar mithun chakraborty mahesh manjrekar 
adipurush,2023,action adventure drama a modern adaptation of the indian epic ramayana which follows the exiled prince raghav's journey to rescue his wife janaki from the raakshash king lankesh. om raut kriti sanon saif ali khan prabhas devdutta nage 
ib 71,2023,"action thriller a two- front war between indian intelligence agencies and the pakistani establishment. sankalp reddy, lee whittaker anupam kher vidyut jammwal dalip tahil nissar khan "
padmaavat,2018,"drama history romance set in medieval rajasthan, queen padmavati is married to a noble king and they live in a prosperous fortress with their subjects until an ambitious sultan hears of padmavati's beauty and forms an obsessive love for the queen of mewar. sanjay leela bhansali deepika padukone ranveer singh shahid kapoor aditi rao hydari "
zindagi na milegi dobara,2011,comedy drama musical three friends decide to turn their fantasy vacation into reality after one of their friends gets engaged. zoya akhtar hrithik roshan farhan akhtar abhay deol katrina kaif 
jab tak hai jaan,2012,drama romance an uncompromising film on true love from the legendary and unforgettable director yash chopra which is fascinatingly distinctive and contemporary. yash chopra shah rukh khan katrina kaif anushka sharma lucy phelps 
monica o my darling,2022,"comedy crime drama a slick robotics expert joins a murderous plot after a passionate affair takes a sudden turn, but nothing not even death , is what it seems to be. vasan bala rajkummar rao huma qureshi sikandar kher bagavathi perumal "
bhediya,2022,"comedy fantasy horror set in the forests of arunachal, bhediya is a story of bhaskar, a man who gets bitten by a wolf, and begins to transform into the creature. as bhaskar and his buddies try to find answers, a bunch of twists, turns, and laughs ensue. amar kaushik varun dhawan kriti sanon abhishek banerjee deepak dobriyal "
ra.one,2011,"action adventure sci-fi when the titular antagonist of an action game takes on physical form, it's only the game's less powerful protagonist who can save his creator's family. anubhav sinha shah rukh khan arjun rampal kareena kapoor shahana goswami "
laal singh chaddha,2022,"comedy drama romance the story of laal singh chaddha, a simple man whose extraordinary journey will fill you with love, warmth and happiness. advait chandan aamir khan ahmad ibn umar kareena kapoor hafsa ashraf "
don 2,2011,"action crime thriller don turns himself in and escapes with vardhaan from prison, following which he recruits a team to steal currency printing plates from a bank in berlin. farhan akhtar shah rukh khan florian lukas om puri priyanka chopra jonas "
chup,2022,crime drama mystery a crime thriller in which police are on the hunt for a killer who is targeting film critics. r. balki dulquer salmaan shreya dhanwanthary sunny deol pooja bhatt 
kuch kuch hota hai,1998,"comedy drama musical during their college years, anjali was in love with her best-friend rahul, but he had eyes only for tina. years later, rahul and the now-deceased tina's eight-year-old daughter attempts to reunite her father and anjali. karan johar shah rukh khan kajol rani mukerji sana saeed "
don,2006,"action crime thriller vijay is recruited by a police officer to masquerade as his lookalike don, the leader of an international gang of smugglers. things go wrong when the officer is killed and vijay is left to fend for himself. farhan akhtar shah rukh khan priyanka chopra jonas arjun rampal isha koppikar "
devdas,2002,"drama musical romance after his wealthy family prohibits him from marrying the woman he is in love with, devdas mukherjee's life spirals further and further out of control as he takes up alcohol and a life of vice to numb the pain. sanjay leela bhansali shah rukh khan aishwarya rai bachchan madhuri dixit jackie shroff "
badla,2019,crime drama mystery a dynamic young entrepreneur finds herself locked in a hotel room with the corpse of her dead lover. she hires a prestigious lawyer to defend her and they work together to figure out what actually happened. sujoy ghosh amitabh bachchan taapsee pannu amrita singh antonio aakeel 
gumraah,2023,action crime drama the murder investigation of a young man takes an unexpected turn when the cops discover that the prime suspect has a lookalike. vardhan ketkar aditya roy kapoor mrunal thakur ronit roy vedika pinto 
the lunchbox,2013,drama romance a mistaken delivery in mumbai's famously efficient lunchbox delivery system connects a young housewife to an older man in the dusk of his life as they build a fantasy world together through notes in the lunchbox. ritesh batra irrfan khan nimrat kaur nawazuddin siddiqui lillete dubey 
zara hatke zara bachke,2023,"comedy drama family kapil and somya are a happily married couple from indore who live in a joint family and decide to get a divorce one fine day. things don't go as planned as their family gets to know of it, and thus begins a comedy of errors. laxman utekar vicky kaushal sara ali khan inaamulhaq sushmita mukherjee "
street fighter: the legend of chun-li,2009,"action crime fantasy when a child, chun-li sees her father being captured by wealthy gangster bison. when she grows up, she goes into a quest for justice and bring down the criminal organization shadaloo which is led by bison. andrzej bartkowiak kristin kreuk neal mcdonough michael clarke duncan chris klein "
ganapath,2023,"action drama sci-fi in a dystopian future, ganapath, a relentless and skilled vigilante, embarks on a mission to dismantle a powerful criminal empire that has gripped the city in fear, ganapath becomes a symbol of hope for the oppressed in which leads dark. vikas bahl tiger shroff himanshu jaykar kriti sanon amitabh bachchan "
kalki 2898-ad,2024,"action drama fantasy a modern-day avatar of vishnu, a hindu god, who is believed to have descended to earth to protect the world from evil forces. nag ashwin deepika padukone amitabh bachchan dulquer salmaan disha patani "
kal ho naa ho,2003,"comedy drama musical naina, an introverted, perpetually depressed girl's life changes when she meets aman. but aman has a secret of his own which changes their lives forever. embroiled in all this is rohit, naina's best friend who conceals his love for her. nikkhil advani preity g zinta shah rukh khan saif ali khan jaya bachchan "
bride & prejudice,2004,"comedy drama musical a modern adaptation of jane austen's classic novel, pride and prejudice, that features the lives of four unmarried daughters in an indian family. gurinder chadha martin henderson aishwarya rai bachchan nadira babbar anupam kher "
the white tiger,2021,crime drama an ambitious indian driver uses his wit and cunning to escape from poverty and rise to the top. an epic journey based on the new york times bestseller. ramin bahrani adarsh gourav rajkummar rao priyanka chopra jonas vedant sinha 
lust stories 2,2023,"drama romance four eminent indian directors explore sex, desire and love through short films in this sequel to 2018's emmy-nominated ""lust stories"". r. balki, sujoy ghosh, amit ravindernath sharma, konkona sen sharma tamannaah bhatia vijay varma neena gupta mrunal thakur "
bajirao mastani,2015,"action drama history an account of the romance between the maratha general, baji rao i and mastani, princess of bundelkhand. sanjay leela bhansali ranveer singh deepika padukone priyanka chopra jonas tanvi azmi "
kaun?,1999,"mystery thriller while alone in the house, a woman hears news of serial killer on the loose. and then a stranger rings the doorbell... ram gopal varma urmila matondkar manoj bajpayee sushant singh "
dear zindagi,2016,"drama romance kaira is a budding cinematographer in search of a perfect life. her encounter with jug, an unconventional thinker, helps her gain a new perspective on life. she discovers that happiness is all about finding comfort in life's imperfections. gauri shinde alia bhatt shah rukh khan kunal kapoor priyanka moodley "
chhichhore,2019,"comedy drama romance a tragic incident forces anirudh, a middle-aged man, to take a trip down memory lane and reminisce his college days along with his friends, who were labelled as losers. nitesh tiwari sushant singh rajput shraddha kapoor varun sharma prateik patil babbar "
freddy,2022,drama mystery romance the lines between love and obsession blur in this romantic thriller packed with unpredictable twists and sharp turns. shashanka ghosh kartik aaryan alaya f karan pandit sajjad delafrooz 
yeh jawaani hai deewani,2013,"comedy drama musical kabir and naina bond during a trekking trip. before naina can express herself, kabir leaves india to pursue his career. they meet again years later, but he still cherishes his dreams more than bonds. ayan mukerji ranbir kapoor deepika padukone aditya roy kapoor kalki koechlin "
sir,2018,"drama romance a prosperous young indian man falls in love with his servant, a widow with the dream of becoming a fashion designer. rohena gera tillotama shome vivek gomber geetanjali kulkarni rahul vohra "
mrs. chatterjee vs. norway,2023,biography drama an immigrant indian mother's battle against the norwegian foster care system and local legal machinery to win back the custody of her children. ashima chibber rani mukerji jim sarbh bodhisattwa majumdar saswati guhathakurta 
munna bhai m.b.b.s.,2003,comedy drama a gangster sets out to fulfill his father's dream of becoming a doctor. rajkumar hirani sanjay dutt arshad warsi gracy singh boman irani 
fan,2016,action drama thriller gaurav's world revolves around the superstar aryan khanna. what happens when his passion turns into a dangerous obsession that crosses the fine line? maneesh sharma shah rukh khan shriya pilgaonkar sayani gupta waluscha d'souza 
welcome to the jungle,2024, police officers jay bakshi and sandhya have been given task to track down notorious criminal raj solanki. things take an unexpected turn when jay finds out that raj plays a significant role in his life. ahmed khan akshay kumar sanjay dutt disha patani jacqueline fernandez 
vikram vedha,2017,"action crime drama vikram, a no-nonsense police officer, accompanied by simon, his partner, is on the hunt to capture vedha, a smuggler and a murderer. vedha tries to change vikram's life, which leads to a conflict. gayatri, pushkar, gowtham selvaraj madhavan vijay sethupathi shraddha srinath kathir "
lagaan: once upon a time in india,2001,drama musical sport the people of a small village in victorian india stake their future on a game of cricket against their ruthless british rulers. ashutosh gowariker aamir khan raghubir yadav gracy singh rachel shelley 
trial period,2023,comedy drama a working single mother's world turns upside down when her inquisitive son demands a new papa on a 30-day 'trial period'. aleya sen genelia deshmukh manav kaul shakti kapoor sheeba chaddha 
kathal: a jackfruit mystery,2023,comedy crime drama a local politician whose prized jackfruits go missing and a young police officer who is adamant to solve this bizarre case to prove herself. yashowardhan mishra sanya malhotra joshi anantvijay vijay raaz rajpal naurang yadav 
sardar udham,2021,"biography crime drama a biopic detailing the 2 decades that punjabi sikh revolutionary, udham singh, spent planning the assassination of the man responsible for the jallianwala bagh massacre. shoojit sircar vicky kaushal shaun scott stephen hogan amol parashar "
kisi ka bhai kisi ki jaan,2023,"action comedy drama the eldest brother refuses to marry since he believes it may create disharmony in his big family. his brothers, who've already found partners, come together to find a match for him. farhad samji salman khan pooja hegde venkatesh daggubati jagapathi babu "
king of kotha,2023,"action drama thriller in a crime-infested town, kannan bhai and his gang are the reigning powers. to combat this reign and seek revenge, inspector shahul tactfully plots the return of the 'king', leading to a transformative turn of events. abhilash joshiy dulquer salmaan aishwarya lekshmi soubin shahir ritika singh "
ek tha tiger,2012,"action adventure romance india's top spy tiger and his love zoya battle the dark world of intelligence and espionage that forbids its soldiers from loving the enemy. mathur goswami, kabir khan salman khan katrina kaif girish karnad roshan seth "
hit: the first case,2022,"action crime drama vikram is a 32-year-old cop. while he is battling with his own traumatic past, the stakes get high when a girl called preethi mysteriously disappears in hyderabad and vikram has to solve the case at any cost. sailesh kolanu rajkummar rao sanya malhotra akhil iyer jatin goswami "
singham again,2024,drama plot under wraps. rohit shetty kareena kapoor deepika padukone akshay kumar ranveer singh 
the second best exotic marigold hotel,2015,"comedy drama romance as the best exotic marigold hotel has only a single remaining vacancy, posing a rooming predicament for two fresh arrivals, sonny kapoor (dev patel) pursues his expansionist dream of opening a second hotel. john madden judi dench maggie smith bill nighy dev patel "
dilwale dulhania le jayenge,1995,"drama romance when raj meets simran in europe, it isn't love at first sight but when simran moves to india for an arranged marriage, love makes its presence felt. aditya chopra shah rukh khan kajol amrish puri farida jalal "
kill,2023,action adventure drama follows a passenger on a train to new delhi. the train soon becomes a combat battleground as a pair of commandos face an army of invading bandits. nikhil nagesh bhat lakshya raghav juyal tanya maniktala abhishek chauhan 
october,2018,"drama romance a group of interns are going through the usual grind when suddenly an accident changes their lives. the protagonist can't get let go of it and becomes obsessed with it. what does it all lead to? is it love or something else? shoojit sircar, kuran dhillon varun dhawan banita sandhu gitanjali rao sahil vedoliyaa "
an action hero,2022,"action comedy crime youth icon. superstar. action hero. at the age of just 30, maanav was at the peak of his career when he got caught up in an accident while filming in haryana. maanav, who was once a household name, is now living in hiding. anirudh iyer ayushmann khurrana jaideep ahlawat neeraj madhav gautam joglekar "
the vaccine war,2023,"drama thriller based on india's battle against covid-19, and the efforts the medical department took to overcome the global crisis. vivek agnihotri nivedita bhattacharya anupam kher girija oak nana patekar "
jab we met,2007,comedy drama romance a depressed wealthy businessman finds his life changing after he meets a spunky and care-free young woman. imtiaz ali shahid kapoor kareena kapoor tarun arora dara singh randhawa 
k.g.f: chapter 1,2018,"action crime drama in the 1970s, a gangster named rocky goes undercover as a slave to assassinate the owner of a notorious gold mine known as the k.g.f. prashanth neel yash srinidhi shetty ramachandra raju archana jois "
mimi,2021,"comedy drama mimi is introduced by bhanu to an american couple as a surrogate in exchange for rs 2 million. she decides to have the baby even when they change their mind and tells her parent that bhanu is the father. rajesh bhatia, laxman utekar kriti sanon evelyn edwards pankaj tripathi sai tamhankar "
afwaah,2023,drama thriller an advertising professional and a political heiress whose lives are upended by a viral social media rumour. sudhir mishra nawazuddin siddiqui t.j. bhanu bhumi pednekar eisha chopra 
godfather,2022,"action crime drama after the death of a political leader, a mysterious man steps in to ascend the throne. mohan raja chiranjeevi salman khan nayanthara satyadev kancharana "
laila majnu,2018,"drama romance taking the leap out of the classic folklore, the story is set in today's time in kashmir where laila majnu have problems relevant to the youth of today. while dealing with their feuding families a passionate love story unravels. sajid ali avinash tiwary triptii dimri sumit kaul abrar qazi "
ghajini,2008,action drama mystery a short-term memory loss patient goes on a killing spree in order to avenge the death of his ladylove. a.r. murugadoss aamir khan asin thottumkal jiah khan aamir naik 
jab harry met sejal,2017,comedy drama romance a depressed middle-aged tour guide who lives in his own bubble gets another chance to experience and face reality through a chirpy girl. imtiaz ali shah rukh khan anushka sharma björn freiberg bruce huther 
barfi!,2012,comedy drama romance three young people learn that love can neither be defined nor contained by society's definition of normal and abnormal. anurag basu ranbir kapoor priyanka chopra jonas ileana d'cruz saurabh shukla 
mumbai meri jaan,2008,"drama a moving portrayal of the 2006 train bombings in mumbai, this indian drama follows the interconnected stories of several strangers. nishikant kamat paresh rawal kay kay menon irrfan khan madhavan "
ludo,2020,"action comedy crime from a resurfaced sex tape to a rogue suitcase of money, four wildly different stories overlap at the whims of fate, chance and one eccentric criminal. anurag basu pankaj tripathi abhishek bachchan rajkummar rao fatima sana shaikh "
haider,2014,"action crime drama a young man returns to kashmir after his father's disappearance to confront his uncle, whom he suspects of playing a role in his father's fate. vishal bhardwaj shahid kapoor tabu shraddha kapoor kay kay menon "
mission majnu,2023,"action drama history in the 1970s, an undercover indian spy takes on a deadly mission to expose a covert nuclear weapons program in the heart of pakistan. shantanu bagchi sidharth malhotra rashmika mandanna parmeet sethi zakir hussain "
talaash,2012,"crime drama mystery inspector surjan shekhawat, who is dealing with a depressing past, has to investigate a high profile murder case, deal with his crumbling marriage and use the help and solace of a prostitute by the name of rosie. reema kagti, priyamvada narayanan aamir khan kareena kapoor rani mukerji nawazuddin siddiqui "
ae dil hai mushkil,2016,"drama music musical this story explores love - the shapes it takes, the ways it changes us and the exhilarating and often terrifying ride it takes us on. it is the journey of two characters, alizeh and ayan, as they navigate life, love and heartbreak. karan johar ranbir kapoor aishwarya rai bachchan anushka sharma fawad khan "
a wednesday,2008,action crime drama a retiring police officer reminisces about the most astounding day of his career. about a case that was never filed but continues to haunt him in his memories - the case of a man and a wednesday. neeraj pandey anupam kher naseeruddin shah veerendra saxena mahesh kanual 
wajah tum ho,2016,drama mystery romance people get entangled in a mystery when a murder is committed on live television. vishal pandya sharman joshi sana khan gurmeet choudhary rajneesh duggal 
raazi,2018,action drama thriller a kashmiri woman agrees to marry a pakistani army officer in order to spy on pakistan during the indo-pakistan war of 1971. meghna gulzar alia bhatt vicky kaushal rajit kapoor shishir sharma 
dil chahta hai,2001,"comedy drama romance three inseparable childhood friends are just out of college. nothing comes between them - until they each fall in love, and their wildly different approaches to relationships creates tension. farhan akhtar aamir khan saif ali khan akshaye khanna preity g zinta "
bye2,2020,"drama romance story of boy and girl, how relationships change over a period of life and how hard is to say bye sometimes when you want to end the relationship. tanveer hashmi bhushan karan vipin singh shreya tyagi "
darlings,2022,comedy drama thriller it follows the lives of two women as they find courage and love in exceptional circumstances. jasmeet k reen alia bhatt shefali shah vijay varma roshan mathew 
runway 34,2022,"drama thriller inspired by true incidents, ""runway 34"" revolves around captain vikrant khanna played by ajay devgn, a flying prodigy, whose flight takes a mysterious course after take-off from an international destination. ajay devgn ajay devgn amitabh bachchan rakul preet singh carryminati "
masaan,2015,"drama along india's ganges river, four people face prejudice, a strict moral code and a punishing caste system as they confront personal tragedies. neeraj ghaywan richa chadha sanjay mishra vicky kaushal pankaj tripathi "
sanju,2018,"biography comedy drama biopic of the controversial life of actor sanjay dutt: his film career, jail sentence, and personal life. rajkumar hirani ranbir kapoor paresh rawal manisha koirala vicky kaushal "
govinda naam mera,2022,"comedy crime drama the very charming govinda waghmare juggles his time and love between his wife mrs. waghmare and his girlfriend in this dose of chaos, confusion, and laughter. shashank khaitan vicky kaushal kiara advani bhumi pednekar renuka shahane "
rockstar,2011,"drama music romance janardhan jakhar chases his dreams of becoming a big rock star, during which he falls in love with heer. imtiaz ali ranbir kapoor nargis fakhri shammi kapoor kumud mishra "
mom,2017,"crime drama thriller after her daughter is sexually assaulted at a party, a furious mother sets out to destroy the lives of the four perpetrators who walked away free. ravi udyawar sridevi sajal ali akshaye khanna adnan siddiqui "
kalank,2019,"drama romance the lives of six enigmatic characters become entangled whilst in search of love, but separated by the dichotomy between the two worlds of husnabad, a town in north india. abhishek varman alia bhatt kiara advani sanjay dutt kriti sanon "
article 15,2019,"crime drama mystery in the rural heartlands of india, an upright police officer sets out on a crusade against violent caste-based crimes and discrimination. anubhav sinha ayushmann khurrana nassar manoj pahwa kumud mishra "
lust stories,2018,"drama romance four short films by four of india's biggest directors exploring love, sex and relationships in modern india. zoya akhtar, dibakar banerjee, karan johar, anurag kashyap kiara advani vicky kaushal bhumi pednekar neil bhoopalam "
shehzada,2023,"action comedy drama bantu is hated by his father valmiki since he was a toddler. samara, his boss, shows him affection and love until he discovers that the jindals are his parents. bantu decides to seek jindals love and protect them from threats they facing. rohit dhawan kartik aaryan kriti sanon paresh rawal manisha koirala "
zero,2018,"comedy drama romance the story revolves around bauua singh (shah rukh khan), a vertically challenged man, who is full of charm and wit, with a pinch of arrogance. born to a wealthy family and raised in an environment of affluence, he is challenged to broaden his horizon and find purpose in life. aanand l. rai shah rukh khan anushka sharma katrina kaif mohd. zeeshan ayyub "
a thursday,2022,"drama thriller naina, a playschool teacher, takes 16 students hostage. rattling the police and the leaders, her demands send shockwaves through the country. behzad khambata yami gautam atul kulkarni neha dhupia dimple kapadia "
rang de basanti,2006,"comedy crime drama the story of six young indians who assist an english woman to film a documentary on the freedom fighters from their past, and the events that lead them to relive the long-forgotten saga of freedom. rakeysh omprakash mehra aamir khan soha ali khan siddharth sharman joshi "
rocketry: the nambi effect,2022,"biography drama based on the life of indian space research organization scientist nambi narayanan, who was framed for being a spy and arrested in 1994. though free, he continues to fight for justice against the officials who falsely implicated him. madhavan madhavan simran rajit kapoor ravi raghavendra "
dilwale,2015,"action comedy drama the siblings of two estranged lovers fall for each other, unaware of the violent past that drove them apart. rohit shetty shah rukh khan kajol varun dhawan kriti sanon "
jug jugg jeeyo,2022,comedy drama family two couples from different generations confront their issues after marriage. raj mehta varun dhawan anil kapoor kiara advani neetu singh 
gully boy,2019,drama music romance a coming-of-age story based on the lives of street rappers in mumbai. zoya akhtar ranveer singh alia bhatt siddhant chaturvedi vijay raaz 
chennai express,2013,action comedy drama a man travelling to rameshwaram via chennai express in order to immerse his late grandfather's ashes finds himself in trouble after helping a don's daughter and her cousins board the train. rohit shetty deepika padukone shah rukh khan sathyaraj nikitin dheer 
war,2019,"action adventure thriller indian agent khalid goes on a mission to hunt and eliminate his former mentor, the country's top agent kabir who has gone rogue. a deadly war begins. siddharth anand hrithik roshan tiger shroff vaani kapoor ashutosh rana "
shershaah,2021,"action biography drama shershaah is the story of pvc awardee indian soldier capt. vikram batra, whose bravery and unflinching courage in chasing the pakistani soldiers out of indian territory contributed immensely in india finally winning the kargil war in 1999. vishnuvardhan sidharth malhotra kiara advani shiv panditt pranay pachauri "
student of the year 2,2019,"action comedy drama a student must face off against bullies and overcome hurdles, both academic and romantic, to win his college's coveted student of the year trophy. punit malhotra tiger shroff ananya panday tara sutaria aditya seal "
qala,2022,"drama music haunted by her past, a talented singer with a rising career copes with the pressure of success, a mother's disdain and the voices of doubt within her. anvita dutt triptii dimri babil khan swastika mukherjee amit sial "
talvar,2015,crime drama mystery an experienced investigator confronts several conflicting theories about the perpetrators of a violent double homicide. meghna gulzar irrfan khan konkona sen sharma neeraj kabi sohum shah 
kuttey,2023,"action comedy crime a van carrying crores of cash. one rainy night in the outskirts of mumbai. unaware of each other, three stray gangs cross paths on the hunt. unfortunately, all of them have the same plan. will they bite the bone or will they lose to greed? aasmaan bhardwaj tabu arjun kapoor naseeruddin shah konkona sen sharma "
fukrey 3,2023,comedy crime drama the friends facing disastrously funny situations together and having each other's backs through the trenches to make it out of a new mess this time. mrighdeep lamba pankaj tripathi farhan akhtar richa chadha pulkit samrat 
dangerous,2022,action crime drama dangerous is a story of two women who have some bad experiences with men and in due course passionately fall in love with each other. the film's story proceeds with how violently they fight...                see full summary » ram gopal varma naina ganguly rajpal naurang yadav mithun purandare apsara rani 
bang bang,2014,"action adventure comedy a young bank receptionist gets mixed up with rajveer nanda, a man who has a mysterious background. siddharth anand hrithik roshan katrina kaif pawan malhotra danny denzongpa "
hey ram,2000,crime drama history saketh ram's wife is raped and killed during direct action day riots in calcutta. he is convinced that mahatma gandhi is responsible for all the problems happening in the country and sets out to kill him. kamal haasan kamal haasan shah rukh khan rani mukerji hema malini 
83,2021,"biography drama history on june 25, 1983, the lord's cricket ground witnessed 14 men beat the two times world champions west indies, putting india back onto the cricket world stage. kabir khan ranveer singh deepika padukone tahir raj bhasin jiiva "
selfiee,2023,"action comedy drama bollywood superstar vijay kumar needs to obtain a new driving license from rto officer om prakash agarwal, a diehard fan of vijay. a misunderstanding escalates into a feud which is played out in front of the entire country. raj mehta akshay kumar mrunal thakur nushrratt bharuccha emraan hashmi "
veer-zaara,2004,"drama family musical ""veer-zaara"" is a saga of love, separation, courage, and sacrifice. a love story that is an inspiration and will remain a legend forever. yash chopra shah rukh khan preity g zinta rani mukerji kirron kher "
goliyon ki rasleela ram-leela,2013,"drama musical romance modern adaptation of william shakespeare's 'romeo and juliet' with an indian twist, the film focuses on the story of ram and leela, their love, lust and the drama afterwards. sanjay leela bhansali ranveer singh deepika padukone supriya pathak sharad kelkar "
thugs of hindostan,2018,action adventure a story about one man's love for his nation and another's love for power. an epic adventure filled with edge-of-the-seat thrills and war on the seas. vijay krishna acharya aamir khan amitabh bachchan lloyd owen katrina kaif 
bheed,2023,drama history the toughest times people had to face just to reach their homes. anubhav sinha rajkummar rao pankaj kapur bhumi pednekar aditya srivastav 
kabhi alvida naa kehna,2006,"drama romance dev, a former football player is married to rhea, a successful fashion editor. maya is a kindergarten teacher who is married to rishi, an outgoing event planner. these couples' lives intersect and they each question their own marriage. karan johar shah rukh khan rani mukerji amitabh bachchan abhishek bachchan "
badhaai do,2022,comedy crime drama shardul thakur flaglot and suman singh enter into a marriage of convenience but chaos ensues when her unhinged girlfriend comes to stay with them. harshavardhan kulkarni rajkummar rao bhumi pednekar chum darang sheeba chaddha 
prem ki shaadi,2024,drama romance add a plot sooraj r. barjatya salman khan keerthy suresh kriti kharbanda parineeti chopra 
ghost stories,2020,"horror thriller the winning team of ""lust stories"" reunites to tell some spine-chilling tales. ""ghost stories"" is a 2020 indian anthology horror film consisting of four short film segments. zoya akhtar, dibakar banerjee, karan johar, anurag kashyap janhvi kapoor surekha sikri amruta subhash vijay varma "
pushpa: the rule - part 2,2024,action crime drama the clash continues as pushpa and bhanwar singh continue their rivalry in this epic c onclusion to the two-parted series. sukumar allu arjun sunil fahadh faasil rashmika mandanna 
climax,2020,"action horror thriller mia malkova and her boyfriend try to do things out of the blue and enter a desert even after there is a no-entry board written on it. in this situation, scary things and some crazy people ...                see full summary » ram gopal varma mia malkova mourmi renan severo "
stree,2018,"comedy horror in the small town of chanderi, the menfolk live in fear of an evil spirit named ""stree"" who abducts men in the night. based on the urban legend of ""nale ba"" that went viral in karnataka in the 1990s. amar kaushik ashish chhipa rajkummar rao shraddha kapoor pankaj tripathi "
monsoon wedding,2001,"comedy drama romance a stressed father, a bride-to-be with a secret, a smitten event planner, and relatives from around the world create much ado about the preparations for an arranged marriage in india. mira nair naseeruddin shah lillete dubey shefali shah vijay raaz "
delhi belly,2011,"action comedy crime three struggling room-mates unknowingly become potential prey of a ruthless gangster. abhinay deo, akshat verma imran khan vir das kunaal roy kapur shenaz treasury "
mission raniganj,2023,"biography drama history a total of 65 miners were trapped in a mine, who were rescued by mining engineer jaswant singh gill. tinu suresh desai akshay kumar parineeti chopra rajesh sharma ravi kishan "
main hoon na,2004,"action comedy drama an army major goes undercover as a college student. his mission is both professional and personal: to protect his general's daughter from a radical militant, and to find his estranged half-brother. farah khan shah rukh khan sushmita sen suniel shetty zayed khan "
gadar: ek prem katha,2001,"action drama romance during the partition of india in 1947, a sikh truck driver falls in love with a muslim girl belonging to an aristocratic family. anil sharma sunny deol ameesha patel amrish puri lillete dubey "
bhagwan bharose,2023,"comedy drama a story about two young, impressionable kids whose ideas about faith are constantly questioned and changed as their little world expands and takes into its fold, their country's fast-changing socio-political landscape. shiladitya bora satendra soni sparsh suman vinay pathak masumeh makhija "
omkara,2006,action crime drama a politically-minded enforcer's misguided trust in his lieutenant leads him to suspect his wife of infidelity in this adaptation of shakespeare's 'othello'. vishal bhardwaj ajay devgn kareena kapoor saif ali khan konkona sen sharma 
chak de! india,2007,"drama family sport kabir khan, the coach of the indian women's national hockey team, dreams of making his all-girls team emerge victorious against all odds. shimit amin shah rukh khan vidya malvade sagarika ghatge shilpa shukla "
mohabbatein,2000,"drama musical romance a film about the battle between love and fear, between two stubborn men and their opposing beliefs and the outcome of the love stories of 3 couples. aditya chopra amitabh bachchan shah rukh khan uday chopra jugal hansraj "
krrish 3,2013,"action adventure sci-fi krrish and his scientist father must save the world and their own family from an evil man named kaal and his gang of mutants, led by the ruthless kaya. rakesh roshan hrithik roshan vivek oberoi priyanka chopra jonas kangana ranaut "
kabir singh,2019,"action drama romance an exalted but short-fused surgeon plunges into a spiral of drugs, alcohol and rage after his intense relationship with his girlfriend turbulently ends. sandeep reddy vanga shahid kapoor kiara advani nikita dutta soham majumdar "
raat akeli hai,2020,crime drama mystery the film follows a small town cop who is summoned to investigate the death of a politician which gets complicated by the victim's secretive family and his own conflicted heart. honey trehan ashish chhipa nawazuddin siddiqui radhika apte aditya srivastav 
housefull 4,2019,"action comedy drama three couples who get separated from each other due to an evil ploy, reincarnate after 600 years and meet each other as history repeats itself again and their respective partners get mixed up this time. farhad samji akshay kumar riteish deshmukh bobby deol kriti sanon "
happy new year,2014,action comedy crime a gang of amateur dancers takes part in a dancing competition to avenge their personal vendetta. farah khan shah rukh khan deepika padukone abhishek bachchan boman irani 
ittefaq,2017,crime mystery thriller a detective seeks out the truth between two different stories of a crime scene. abhay chopra sidharth malhotra sonakshi sinha akshaye khanna mandira bedi 
sultan,2016,"action drama romance sultan is a classic underdog tale about a wrestler's journey, looking for a comeback by defeating all odds. ali abbas zafar salman khan anushka sharma randeep hooda amit sadh "
dil dhadakne do,2015,comedy drama romance the mehra family must contemplate over their way of living and their love lives while on a cruise celebrating their 30th wedding anniversary. zoya akhtar anil kapoor shefali shah priyanka chopra jonas ranveer singh 
dhokha: round d corner,2022,"crime drama thriller when a housewife with a personality disorder is taken hostage by a terrorist on the loose and a husband accused of cheating on his wife, have their own versions of reality, how do we know what the truth is? kookie gulati madhavan khushali kumar aparshakti khurana darshan kumaar "
the other side of the door,2016,"horror thriller after her young son is killed in a tragic accident, a woman learns of a ritual which will bring him back to say goodbye, but when she disobeys a sacred warning, she upsets the balance between life and death. johannes roberts sarah wayne callies jeremy sisto sofia rosinsky logan creran "
omerta,2017,"action biography crime a recounting of the story of infamous british-born terrorist ahmed omar saeed sheikh, who kidnapped and murdered wall street journal reporter daniel pearl in 2002. hansal mehta rajkummar rao rajesh tailang satwant kaur abhimanue kamboj "
maqbool,2003,crime drama thriller the intrigue of the shakespearean tragedy 'macbeth' is transposed to the mumbai underworld. vishal bhardwaj irrfan khan tabu pankaj kapur naseeruddin shah 
satya,1998,action crime drama an innocent man is embroiled in underworld after being falsely charged and sets out to punish the perpetrators who subjected his life to misery. ram gopal varma j.d. chakravarthi manoj bajpayee urmila matondkar paresh rawal 
cirkus,2022,"comedy drama two sets of identical twins are accidentally separated at birth. several years later, when they are coincidentally in the same town, there is a lot of confusion and misunderstanding when people mistake them for each other. rohit shetty ranveer singh varun sharma pooja hegde jacqueline fernandez "
merry christmas,2023,"drama thriller on christmas eve, an uneventful day turns the world of two people upside down. sriram raghavan vijay sethupathi katrina kaif radhika apte ashwini kalsekar "
badlapur,2015,"action crime drama raghu begins walking a fine line between good and evil as he exacts violent revenge on two criminals who killed his family 15 years ago. sriram raghavan, mehmet tutkun varun dhawan nawazuddin siddiqui yami gautam huma qureshi "
kaun kitney paani mein,2015,"comedy drama family the film wryly expresses the changes in hierarchy, caste and the power equation when water, the most important resource, vanishes and how the oppressed become the oppressors. the story is ...                see full summary » nila madhab panda kunal kapoor radhika apte saurabh shukla gulshan grover "
karwaan,2018,adventure comedy drama two friends and a chirpy teenager take a road trip from bangalore to kochi. akarsh khurana irrfan khan dulquer salmaan mithila palkar amala akkineni 
fukrey,2013,"comedy drama romance the paths of four dream-chasing college friends cross with an array of colourful characters, from a tough-talking punjabi female don to a jugaad baaz college watchman. mayhem ensues. mrighdeep lamba pulkit samrat manjot singh ali fazal varun sharma "
mili,2022,drama thriller janhvi kapoor as a woman stuck in a freezer fighting to stay alive. 'mili' is the official hindi remake of the malayalam thriller 'helen'. mathukutty xavier janhvi kapoor manoj pahwa sunny kaushal deepak simwal 
ugly,2013,crime drama mystery the case of a missing girl takes us through a journey of human greed and brushes upon the egos and repressed emotions of the characters. anurag kashyap rahul bhat ronit roy tejaswini kolhapure vineet kumar singh 
rab ne bana di jodi,2008,"comedy drama music a breathtaking, goose flesh igniting, awe inspiring love journey of an ordinary man suri and his 'total opposite' love taani. aditya chopra shah rukh khan anushka sharma vinay pathak m.k. raina "
tiger zinda hai,2017,"action adventure thriller inspired by real events, tiger zinda hai is a sequel to the blockbuster ek tha tiger, and an espionage action drama that follows a daring rescue mission in iraq. mehmet tutkun, ali abbas zafar, musa muhammed olayinka salman khan katrina kaif nawab shah anupriya goenka "
once upon a time in mumbaai,2010,"action crime drama as a smuggler rises to power in in 1970s mumbai, a younger gangster seeks to overthrow him and a police officer is caught in the middle. milan luthria ajay devgn emraan hashmi kangana ranaut prachi desai "
salaam venky,2022,"drama sujata, an ideal mother, who battled the most challenging situations one can ever face with a smile. revathi aamir khan priyamani kajol prakash raj "
vadh,2022,"crime drama thriller after their son moves to usa, a middle-class married couple is relentlessly harassed by a loan shark. jaspal singh sandhu, rajeev barnwal sanjay mishra neena gupta manav vij saurabh sachdeva "
faraaz,2022,"action thriller based on the real-life terrorist attack that ravaged a dhaka cafe, faraaz is a tense hostage drama that unfolds over one claustrophobic night. hansal mehta jatin sarin anirban adhikary aamir ali aneeta "
sholay,1975,"action adventure comedy after his family is murdered by a notorious and ruthless bandit, a former police officer enlists the services of two outlaws to capture the bandit. ramesh sippy sanjeev kumar dharmendra amitabh bachchan amjad khan "
1920: horrors of the heart,2023,drama horror a young girl walks into a world of darkness is search of revenge but darkness consumes her making her a victim of that very revenge. krishna bhatt rupam bag amit behl barkha bisht rahul dev 
section 375,2019,"crime drama mystery a celebrated bollywood director rohan khurana stands accused by a female member of his crew, anjali dangle of having raped her at his residence. ajay bahl akshaye khanna richa chadha rahul bhat meera chopra "
shiddat,2021,"romance a passionate love story involving two couples which highlights the contrast between a regular, mature yet egoistic husband and a unique, happy go lucky, enamored, overzealous boy chasing after the love of his life. kunal deshmukh sunny kaushal radhika madan mohit raina diana penty "
jalpari: the desert mermaid,2012,"drama family mystery when they travel to their father's ancestral village, city kids expecting a natural paradise instead find a poor, dusty town that harbors secrets. nila madhab panda lehar khan krishang trivedi parvin dabas suhasini mulay "
the girl on the train,2021,"crime drama mystery the story follows a recent divorcee who spends her daily commute fantasizing about a seemingly perfect couple who live in a house that her train passes daily, but something shocking happens there one day. ribhu dasgupta parineeti chopra aditi rao hydari kirti kulhari rajiv chabria "
piku,2015,"comedy drama a quirky comedy about the relationship between a daughter and her aging father, whose eccentricities drive everyone crazy. shoojit sircar deepika padukone amitabh bachchan irrfan khan moushumi chatterjee "
kennedy,2023,"action crime drama an insomniac ex-cop who dwells in different circumstances looking for redemption. the ex-cop, who is presumed dead for a long time, operates secretly for the corrupt system. anurag kashyap rahul bhat megha burman kurush deboo abhishek deswal "
takht,Unknown,"action drama history vicky kaushal plays aurangzeb and ranveer plays dara, aurangzeb's elder brother. it's the story about the enmity between brothers caused for the succession of the throne. karan johar kareena kapoor alia bhatt ranveer singh anil kapoor "
company,2002,"action crime drama a small-time gangster named chandu teams up with malik, a low-level enforcer for a criminal syndicate. together they eliminate all their enemies, becoming the most feared gangsters in mumbai. ram gopal varma ajay devgn mohanlal manisha koirala seema biswas "
kahaani,2012,"mystery thriller a pregnant woman's search for her missing husband takes her from london to kolkata, but everyone she questions denies having ever met him. sujoy ghosh vidya balan parambrata chattopadhyay indraneil sengupta nawazuddin siddiqui "
dil se..,1998,drama romance a radio broadcaster's intense attraction to a mysterious woman opens the door to a tidal wave of powerful emotions and desires. mani ratnam shah rukh khan manisha koirala preity g zinta raghubir yadav 
laapataa ladies,2023,"comedy drama it's a jolly mess when two young brides get lost from a train. set in 2001, somewhere in rural india. kiran rao atishay jain akhil shivam ghawariya nitanshi goel daood hussain "
goodbye,2022,comedy drama family a heartwarming story of the bhalla family that depicts their journey of grief and self-discovery after they suffer the loss of their loved one. vikas bahl amitabh bachchan neena gupta rashmika mandanna pavail gulati 
uri: the surgical strike,2019,"action drama history indian army special forces execute a covert operation, avenging the killing of fellow army men at their base by a terrorist group. aditya dhar vicky kaushal paresh rawal mohit raina yami gautam "
sooryavanshi,2021,"action crime thriller dcp veer sooryavanshi, the chief of the anti-terrorism squad in india, tries to bring down a terrorist organization with which he has a history. rohit shetty akshay kumar katrina kaif ajay devgn ranveer singh "
highway,2014,"crime drama romance right before her wedding, a young woman finds herself abducted and held for ransom. as the initial days pass, she begins to develop a strange bond with her kidnapper. imtiaz ali alia bhatt randeep hooda durgesh kumar pradeep nagar "
tamasha,2015,"comedy drama romance a boy meets a girl, in corsica. they decide not to reveal their real name or personality. imtiaz ali deepika padukone ranbir kapoor ishwak singh arushi sharma "
operation mayfair,2023,crime thriller a detective hunts for a london-based serial killer who targets women in this gritty hindi language thriller. sudipto sarkar jimmy shergill vedieka dutt ankur bhatia hritiqa chheber 
agneepath,2012,action crime drama a young boy's father is lynched before his eyes; fifteen years later he returns home for revenge. karan malhotra hrithik roshan priyanka chopra jonas sanjay dutt rishi kapoor 
lootera,2013,"drama romance an aristocrat's daughter falls in love with a visiting archaeologist, but he holds a secret that could drive them apart. vikramaditya motwane ranveer singh sonakshi sinha barun chanda adil hussain "
dostana,2008,"comedy drama romance two straight guys pretend to be gay in order to secure a miami apartment. when both of them fall for their roommate neha, hilarity ensues as they strive to convince one and all that they're gay whilst secretly trying to win her heart. tarun mansukhani, punit malhotra abhishek bachchan john abraham priyanka chopra jonas kirron kher "
dream girl,2019,"comedy romance rom-com movie, directed by raaj shaandilyaa, stars ayushmann khurrana who plays a 'dream girl'. in every love story, there is always one trying to win the heart of the other, who could be the 'dream girl'. raaj shaandilyaa ayushmann khurrana nushrratt bharuccha annu kapoor manjot singh "
chandigarh kare aashiqui,2021,"comedy crime drama manu, a bodybuilder from chandigarh, india, falls in love with maanvi, a zumba teacher. all seems well until a revelation causes turmoil in their love story. abhishek kapoor ayushmann khurrana vaani kapoor yograj singh anjan srivastav "
dhoom:3,2013,"action crime drama jai and ali return to catch the clown thief, sahir, who has the city of chicago captive. watch an unconventional battle of revenge that will thrill you. vijay krishna acharya aamir khan katrina kaif abhishek bachchan uday chopra "
u turn,2023,"crime drama horror motorists who take an illegal u-turn on a flyover die mysteriously. radhika, who is interning to be a journalist, is investigating it. however, she becomes the prime suspect by a twist of fate. what happens next? arif khan alaya f priyanshu painyuli manu rishi chadha aashim gulati "
haseen dillruba,2021,"crime drama mystery under investigation as a suspect in her husband's murder, a wife reveals details of their thorny marriage that seem to only further blur the truth. vinil mathew taapsee pannu vikrant massey harshvardhan rane aditya srivastav "
blurr,2022,"drama horror thriller with progressive blindness setting in, gayatri has to find answers to her twin sister's unlikely death. as the lines of reality keep getting blurred, is she ready to look the truth in the eye? ajay bahl taapsee pannu gulshan devaiah abhilash thapliyal sorabh chauhan "
shamshera,2022,"action adventure drama shamshera (ranbir kapoor), leader of an imprisoned tribe, failed to escape for their freedom. years later his son balli realizes his father's legacy. karan malhotra ranbir kapoor sanjay dutt vaani kapoor saurabh shukla "
bareilly ki barfi,2017,"comedy romance set in the small-town of bareilly, bitti is a free-spirited young girl who lives life on her own terms and refuses to be pressured into getting married. her life takes a shift when she meets chirag dubey and pritam vidrohi. ashwiny iyer tiwari ayushmann khurrana kriti sanon rajkummar rao pankaj tripathi "
thar,2022,action crime drama a mysterious stranger arrives in a village situated in the thar desert and crosses paths with a veteran cop investigating a case of brutal killings. raj singh chaudhary anil kapoor harshvardhan kapoor fatima sana shaikh jitendra joshi 
bade miyan chote miyan,2024,"action comedy thriller with their contrasting personalities and maverick methods, bade miyan and chote miyan need to overcome their differences and labor together to transport the offenders to impartiality and preserve the day. ali abbas zafar akshay kumar tiger shroff janhvi kapoor manushi chhillar "
uunchai,2022,"adventure drama three friends take a trek to the everest base camp. a simple trek turns out to be a personal, emotional and spiritual journey as they battle their physical limitations and discover the true meaning of freedom. sooraj r. barjatya amitabh bachchan anupam kher boman irani parineeti chopra "
no smoking,2007,drama horror mystery a heavily addicted smoker is unprepared for the true price he must pay when he asks a guru's help to kick the habit. anurag kashyap john abraham ayesha takia paresh rawal ranvir shorey 
dobaaraa,2022,"drama fantasy mystery a woman gets an opportunity to save the life of a 12-year old boy who witnessed a death during a thunderstorm which happened 25 years ago, by getting connected through the television set during a similar storm in the present. anurag kashyap taapsee pannu pavail gulati nassar saswata chatterjee "
bulbbul,2020,"drama horror mystery a man returns home after years to find his brother's child bride now grown up and abandoned, and his ancestral village plagued by mysterious deaths. anvita dutt triptii dimri avinash tiwary rahul bose parambrata chattopadhyay "
kapoor & sons,2016,comedy drama family the story about two brothers who visit their dysfunctional family for their grandfather's birthday party. shakun batra rishi kapoor rajat kapoor ratna pathak shah fawad khan 
the crew,2024,comedy drama follows three hard-working women as their destinies lead to some unwarranted situations and end up caught in a web of lies. rajesh krishnan kareena kapoor kriti sanon rajkummar rao tabu 
the archies,2023,"comedy drama musical set in the 1960s, based on archie comics that finds indian actors taking on the beloved characters. an experience bursting with youth, rebellion, friendships, first loves, and everything young adult. zoya akhtar agastya nanda khushi kapoor suhana khan vedang raina "
mumbaikar,2023,"action drama thriller the story is based on the life of people at mumbai which includes their happiness, drama, fun, and romance which interlink their lives. santosh sivan vikrant massey vijay sethupathi tanya maniktala sanjay mishra "
yodha,2023,"action drama thriller an aeroplane hijack where a soldier helps the passenger and fight against the terrorist. but the damage to the flight engine made it very tough to survive the situation. sagar ambre, pushkar ojha disha patani raashi khanna sidharth malhotra sougata ghosh "
jalsa,2022,drama thriller it tells the story of a celebrated journalist and her cook and their conflict. suresh triveni vidya balan shefali shah rohini hattangadi vidhatri bandi 
game changer,2024,action drama thriller add a plot s. shankar ram charan kiara advani s.j. suryah sunil 
gulaal,2009,"crime drama thriller a law student witnesses deception, homicide, and crime after being elected as general secretary of his college. anurag kashyap kay kay menon raj singh chaudhary raja chaudhary jesse randhawa "
raid,2018,action crime drama a fearless income tax officer raids the mansion of the most powerful man in lucknow after someone mysteriously draws his attention towards the evidence. raj kumar gupta ajay devgn ileana d'cruz saurabh shukla amit sial 
black friday,2004,"action crime drama a film about the investigations following the 1993 serial bombay bomb blasts, told through the different stories of the people involved --police, conspirators, victims, middlemen. anurag kashyap kay kay menon pawan malhotra aditya srivastav dibyendu bhattacharya "
the sky is pink,2019,"drama romance based on the love story of a couple spanning 25 years and told through the lens of their spunky teenage daughter aisha chaudhary, who was diagnosed with pulmonary fibrosis. shonali bose priyanka chopra jonas farhan akhtar zaira wasim rohit saraf "
student of the year,2012,"comedy drama music several alumni reminisce about their final year at st. theresa's college and the events that shaped their lives. karan johar, abhishek varman alia bhatt sidharth malhotra varun dhawan rishi kapoor "
jodhaa akbar,2008,"action drama history a sixteenth century love story about a marriage of alliance that gave birth to true love between a great mughal emperor, akbar, and a rajput princess, jodha. ashutosh gowariker hrithik roshan aishwarya rai bachchan sonu sood poonam sinha "
jersey,2022,drama sport a cricketer who quits cricket decides to revive his career at the age of 36 for his sons dream and prove his ability. gowtam tinnanuri shahid kapoor mrunal thakur pankaj kapur prit kamani 
gehraiyaan,2022,drama romance takes you on a journey into the deep rooted intricacies of modern human relationships. shakun batra deepika padukone naseeruddin shah ananya panday siddhant chaturvedi 
queen,2013,adventure comedy drama a delhi girl from a traditional family sets out on a solo honeymoon after her marriage gets cancelled. vikas bahl kangana ranaut rajkummar rao lisa haydon jeffrey ho 
dabangg 3,2019,"action comedy crime chulbul pandey encounters an enemy from his past, and his origin story as the fearless cop unfolds. prabhu deva salman khan sudeep sonakshi sinha saiee manjrekar "
darr,1993,action drama romance darr is a girl's (kiran) story caught between one man's (sunil) love and another man's (rahul) obsession. yash chopra juhi chawla sunny deol shah rukh khan anupam kher 
ala vaikunthapurramuloo,2020,"action comedy drama fate plays a vital role in connecting the life of bantu, a son who seeks validation from his cold-hearted father with the life of raj, whose millionaire father wishes that he was more assertive. trivikram srinivas allu arjun pooja hegde tabu jayaram "
kolai,2023,"crime drama mystery when a famous model is killed, a smart detective investigates after realizing the incident seems to be a mystery. balaji k. kumar vijay antony meenakshii chaudhary ritika singh radhika sarathkumar "
dhoom,2004,"action crime drama dhoom reinvents the classic cops and robbers tale for the 21st century. fast bikes, big action, and non-stop fun make for a thrilling story. sanjay gadhvi abhishek bachchan john abraham uday chopra esha deol "
super 30,2019,biography drama based on the life of patna-based mathematician anand kumar who runs the famed super 30 program for iit aspirants in patna. vikas bahl hrithik roshan mrunal thakur nandish singh sandhu veerendra saxena 
a death in the gunj,2016,drama thriller life for a shy young indian student slowly falls to pieces during a family road trip. konkona sen sharma kalki koechlin vikrant massey gulshan devaiah ranvir shorey 
dhoom:2,2006,action crime thriller back in action dhoom:2 reinvents the action comedy genre and propels it into the 21st century. go on and enjoy the ride once again with jai and ali. sanjay gadhvi hrithik roshan abhishek bachchan aishwarya rai bachchan uday chopra 
kaabil,2017,action crime drama a blind man seeks revenge against a corrupt politician and his brother after his wife is raped and killed. sanjay gupta hrithik roshan yami gautam ronit roy rohit roy 
shootout at byculla,2024,thriller it would be based on jj hospital shootout story in 1992. arun gawli gang killed haseena parkar's husband and later how dawood ibrahim gang took avenge from gawli gang. sanjay gupta sanjay dutt sunny deol saif ali khan john abraham 
dum laga ke haisha,2015,comedy drama romance prem and his oversized wife sandhya are supposed to spend a lifetime together. will a regular arranged marriage turn out to be a perfect mismatch? sharat katariya bhumi pednekar ayushmann khurrana sanjay mishra sheeba chaddha 
fukrey returns,2017,"comedy just out of jail, a don is ready to get back at the four friends who conned her. mrighdeep lamba pulkit samrat varun sharma ali fazal manjot singh "
ek villain,2014,"action crime drama when his wife becomes the latest victim of a serial killer, guru blurs the line between good and evil in his pursuit of revenge. mohit suri sidharth malhotra shraddha kapoor riteish deshmukh shaad randhawa "
kick,2014,"action comedy crime an adrenaline junkie walks away from a whirlwind romance and embraces a new life as a thief, though he soon finds himself pursued by veteran police officer and engaged in a turf war with a local gangster. sajid nadiadwala salman khan jacqueline fernandez nawazuddin siddiqui randeep hooda "
shaitan,2011,action crime drama five substance-abusing friends decide to fake a kidnapping in order to bribe a police constable for covering-up a hit-and-run accident. bejoy nambiar kalki koechlin shiv panditt gulshan devaiah rajeev khandelwal 
raksha bandhan,2022,"comedy drama family lala kedarnath, the eldest and only brother of 4 sisters, runs a chaat shop that was started by his father. lala promises his frail mother on her deathbed that he will get married only ...                see full summary » aanand l. rai akshay kumar bhumi pednekar sadia khateeb seema pahwa "
2,2018,"action sci-fi thriller after mobiles start mysteriously flying out of the hands of people in chennai, dr vaseegaran summons his trusted robot chitti to ward off the bird-shaped supernatural powers of pakshirajan. s. shankar rajinikanth akshay kumar amy jackson adil hussain "
cuttputlli,2022,"crime drama mystery when a small town gets plunged into the nightmare of serial killings, rookie cop arjan embarks on a chase for the truth and unravels a gruesome conspiracy. ranjit tewari akshay kumar rakul preet singh sargun mehta chandrachur singh "
housefull 5,2024,comedy drama add a plot tarun mansukhani akshay kumar sanjay dutt john abraham kriti sanon 
kabhi haan kabhi naa,1994,comedy drama music a dreamer falls for a girl who is in love with someone else and tries to create a rift between her and the man she loves. kundan shah shah rukh khan suchitra krishnamoorthi deepak tijori rita bhaduri 
pyaar ka punchnama,2011,comedy drama romance nishant starts dating charu while his roommates rajat and vikrant already have girlfriends in neha and rhea respectively. trouble starts when the guys feel that their girlfriends are dominating them. luv ranjan kartik aaryan ashish chhipa raayo s. bakhirta divyendu sharma 
billu,2009,"comedy drama in an indian village, a struggling barber sees his luck begin to turn when residents learn that a famous actor he once knew is coming to town. priyadarshan irrfan khan lara dutta om puri govardhan asrani "
jaane tu... ya jaane na,2008,comedy drama romance two best friends being convinced that they are not in love search for each other's love. abbas tyrewala imran khan genelia deshmukh manjari fadnnis ayaz khan 
dil bechara,2020,"comedy drama romance the emotional journey of two hopelessly-in-love youngsters; a young girl, kizie, who is suffering from cancer; and manny, a boy kizie meets at a support group. mukesh chhabra sushant singh rajput sanjana sanghi sahil vaid saswata chatterjee "
hera pheri,2000,"action comedy crime three unemployed men look for answers to all their money problems - but when their opportunity arrives, will they know what to do with it? priyadarshan akshay kumar suniel shetty paresh rawal tabu "
bhool bhulaiyaa,2007,"comedy horror mystery an nri and his wife decide to stay in his ancestral home, paying no heed to the warnings about ghosts. soon, inexplicable occurrences cause him to call a psychiatrist to help solve the mystery. priyadarshan akshay kumar vidya balan shiney ahuja ameesha patel "
aashiqui 2,2013,drama music musical rahul loses his fans and fame due to alcoholism. but he then decides to turn a small time singer into a rising star. mohit suri aditya roy kapoor shraddha kapoor shaad randhawa salil acharya 
kurbaan,2009,"action crime drama a woman finds that her neighbors are terrorists, and her husband is not who he claims to be. renzil d'silva lewis tan kareena kapoor saif ali khan om puri "
don 3: the final chapter,2025,action thriller plot under wraps. farhan akhtar ranveer singh 
zid,2014,"crime romance thriller a journalist, who is still in love with his ex-girlfriend, becomes the obsession of his landlord's daughter. vivek agnihotri mannara chopra karanvir sharma shraddha das denzil smith "
ajeeb daastaans,2021,"drama romance four shorts explore the surprising ways in which unexpected catalysts inflame the uncomfortable emotions simmering under fractured relationships. neeraj ghaywan, kayoze irani, shashank khaitan, raj mehta fatima sana shaikh jaideep ahlawat armaan ralhan nushrratt bharuccha "
simmba,2018,"action crime drama simmba, a corrupt officer, enjoys all the perks of being an immoral and unethical police officer until a life-changing event forces him to choose the righteous path. rohit shetty ranveer singh sara ali khan sonu sood ashutosh rana "
the raid,Unknown,action crime thriller an international fugitive and his thugs trap a small specials operations force inside a building. based on the concept from gareth evans' 2011 film 'the raid: redemption'. rohit shetty ranveer singh sara ali khan sonu sood ashutosh rana 
dabangg,2010,"action comedy crime a corrupt police officer faces challenges from his family, gangsters and politicians. abhinav kashyap salman khan sonakshi sinha sonu sood arbaaz khan "
waltair veerayya,2023,action drama a fisherman who engages in smuggling accepts a request from a disheveled police officer in order to use it to his personal advantage k.s. ravindra chiranjeevi shruti haasan urvashi rautela ravi teja 
jogira sara ra ra,2023,"comedy drama family jogi the match maker and dimple who seeks help to him to get rid of her marriage, both face the consequences as it is eventually decided that jogi will marry her to save face. kushan nandy nawazuddin siddiqui neha sharma vishal anand mimoh chakraborty "
checkmate,2023,"action comedy an assassin gets hired for a job that throws him in a murky pool of mishaps, eventually leading to a baffling secret. akriti bajpai, harsh beniwal harsh beniwal mohit chhikara aditya paul vishal vashishtha "
krrish,2006,"action adventure sci-fi krishna is forced by circumstances to use his superpowers and become the masked superhero krrish, before getting drawn towards his lost legacy. rakesh roshan hrithik roshan priyanka chopra jonas rekha naseeruddin shah "
baadshah,1999,"action comedy crime a small time detective is mistaken as a cbi agent and gets embroiled in a deadly mission to save the chief minister from an assassination attempt. abbas alibhai burmawalla, mastan alibhai burmawalla shah rukh khan twinkle khanna amrish puri johny lever "
udaan,2010,"drama expelled from his school, a 16-year old boy returns home to his abusive and oppressive father. vikramaditya motwane rajat barmecha ronit roy manjot singh ram kapoor "
water,2005,"drama set in colonial india against gandhi's rise to power, it's the story of 8-year-old chuyia, who is widowed and sent to a home to live in penitence; once there, chuyia's feisty presence deeply affects the lives of the other residents. deepa mehta lisa ray john abraham seema biswas sarala kariyawasam "
guzaarish,2010,"drama romance ethan, a magician rendered paralyzed in an accident, sets off a furor when he makes a petition to the court to end his own life. sanjay leela bhansali hrithik roshan aishwarya rai bachchan shernaz patel aditya roy kapoor "
koi... mil gaya,2003,"action drama romance a developmentally disabled young man tries to continue the work his father did in communicating with extra-terrestrials from outer space, which leads to something miraculous and wonderful. rakesh roshan rekha hrithik roshan preity g zinta rajat bedi "
dil to pagal hai,1997,"comedy drama musical a grand musical about three passionate and dreamy characters: rahul, pooja and nisha. will their dreams come true? will they find their true love? yash chopra shah rukh khan madhuri dixit karisma kapoor akshay kumar "
table no.21,2013,adventure drama thriller a couple is drawn into a game show with a whooping winning prize. however the game turns into more than a survival for them with no escape. aditya datt paresh rawal rajeev khandelwal tina desai dhruv ganesh 
murder 3,2013,"drama mystery thriller a hot-shot fashion and wildlife photographer vikram gets into a relationship with nisha. she moves in with him in his palatial house outside of the city. the old world house, made decades ...                see full summary » vishesh bhatt randeep hooda aditi rao hydari sara loren rajesh shringarpure "
taish,2020,"action thriller a story of friendship and loss of innocence when two worlds clash amid a wedding when a secret exposes a betrayal, and innocent friends converge with dangerous criminals and intense violence. bejoy nambiar harshvardhan rane jim sarbh pulkit samrat kriti kharbanda "
secret superstar,2017,drama music a talented teenage singer-songwriter living amid domestic abuse becomes a youtube sensation after a video in which she hides her identity goes viral. advait chandan zaira wasim meher vij raj arjun aamir khan 
dhaakad,2022,"action thriller agent agni, a highly trained and deadly field agent is entrusted with the mission to gather intel and eliminate rudraveer, an international human and arms trafficker who has been off the radar for ten years. razneesh ghai kangana ranaut arjun rampal divya dutta sharib hashmi "
sarkar,2005,"action crime drama subhash nagre runs a parallel government in the city where he has a cult following. when his enemies plot to murder him, his son takes charge and stands up against them. ram gopal varma amitabh bachchan abhishek bachchan kay kay menon supriya pathak "
chandu champion,2024,biography drama sport based on the extraordinary real-life story of a sportsman and his spirit of never giving up. kabir khan shraddha kapoor katrina kaif kartik aaryan bhuvan arora 
major,2022,"action biography drama based on the life of major sandeep unnikrishnan, who was martyred in action during the november 2008 mumbai attacks and was consequently awarded the ashoka chakra, india's highest peacetime gallantry award, on 26 january 2009. sashi kiran tikka adivi sesh prakash raj revathi saiee manjrekar "
doctor g,2022,"comedy drama uday gupta finds himself as the lone male resident in the gynaecology department. his reluctance leads to chaos, confusion, comedy and eventually, great camaraderie with his fellow classmates. anubhuti kashyap ayushmann khurrana rakul preet singh shefali shah sheeba chaddha "
viceroy's house,2017,"biography drama history the final viceroy of india, louis francis albert victor nicholas mountbatten, 1st earl mountbatten of burma (hugh bonneville), is tasked with overseeing the transition of british india to independence, but meets with conflict as different sides clash in the face of monumental change. gurinder chadha hugh bonneville gillian anderson manish dayal huma qureshi "
m.s. dhoni: the untold story,2016,"biography drama sport the untold story of mahendra singh dhoni's journey from ticket collector to trophy collector - the world-cup-winning captain of the indian cricket team. mathur goswami, neeraj pandey sushant singh rajput kiara advani anupam kher disha patani "
singham,2011,action crime drama a truly honest police officer is transferred to a town controlled by a gangster he has humiliated. the gangster believes he can use good power to bring down this officer who made him look foolish and weak. rohit shetty ajay devgn prakash raj sudhanshu pandey kajal aggarwal 
bhaag milkha bhaag,2013,"biography drama sport the truth behind the ascension of milkha singh, who was scarred by of the india-pakistan partition. rakeysh omprakash mehra farhan akhtar deepak singh rawat japtej singh divya dutta "
all ladies do it,2020,"drama thriller a handsome young man gets erotically involved with a sultry seductive wife of an impotent man only to find himself tangles in a dangerous web of lies and cheat akhil gautam, akhil gautam sejal shah vikas sachdeva ajay bafna "
bhavesh joshi superhero,2018,"action crime drama the origin story of bhavesh joshi, an indian superhero, who sets out to fulfill his slain friend's wish to clean and reform the country, by training himself to fight and wearing a mask. vikramaditya motwane harshvardhan kapoor priyanshu painyuli ashish verma shreiyah sabharwal "
desi boyz,2011,"comedy drama romance two friends lose their jobs, then part bitterly after they get exposed as male strippers. rohit dhawan akshay kumar john abraham deepika padukone chitrangda singh "
pataakha,2018,"action comedy drama based on charan singh pathik's short story do behnein, pataakha narrates the story of two feuding sisters who realize the true nature of their relationship only after marriage ""separates"" them. vishal bhardwaj sanya malhotra radhika madan sunil grover vijay raaz "
7 khoon maaf,2011,"comedy drama mystery susanna is hungry for love and will go to any extent to find it in its purest form. in her quest for the perfect man, she gets married a number of times as each of her husband's die mysteriously. vishal bhardwaj priyanka chopra jonas vivaan shah neil nitin mukesh john abraham "
angrezi medium,2020,"comedy drama when his daughter decides to further her studies in london, a hardworking rajasthani businessman does everything in power to make her dreams come true. homi adajania irrfan khan radhika madan kareena kapoor deepak dobriyal "
janaki jaane,2023,"drama family struggling with panic disorder, janaki is ecstatic when unni mukundan proposes to marry her. things go south when janaki's fears land her in serious trouble. aneesh upasana saiju kurup sharafudheen johny antony anarkali marikar "
shahid,2012,"biography drama the account of human rights lawyer shahid azmi, an ordinary citizen with an extraordinary commitment to justice. hansal mehta rajkummar rao prabhleen sandhu mohd. zeeshan ayyub baljinder kaur "
b.a. pass,2012,crime drama thriller a young boy is seduced by a woman who later turns him into a gigolo (male prostitute). ajay bahl shadab kamal shilpa shukla rajesh sharma deepti naval 
radhe,2021,"action crime thriller after taking the dreaded gangster gani bhai, acp rajveer shikawat aka radhe goes on a manhunt to find the wealthiest man of the town secretly running a crime syndicate. prabhu deva salman khan disha patani randeep hooda jackie shroff "
liger,2022,"action drama romance a story about martial arts, dreams and star crossed lovers. liger is an mma fighter who trains hard and rises up the ranks with one goal in mind, to fight like his idol, world renowned mma fighter mark anderson and get noticed by him. puri jagannadh mike tyson vijay deverakonda ananya panday ramya krishnan "
kamasutra 3d,2013,drama romance a young and beautiful indian princess sets out on a voyage in search of her husband. rupesh paul mohan kapur makrand deshpande abha paul sushmita mukherjee 
untitled vikas bahl/jio studios project,2024,horror thriller a timeless tale of battle between good and evil with a family embodying the forces of righteousness while a man symbolizes malevolence. vikas bahl ajay devgn madhavan janki bodiwala jyotika 
cocktail,2012,"comedy drama romance a love triangle between a guy and two girls, who are best friends but the complete opposite of one another. homi adajania saif ali khan deepika padukone diana penty dimple kapadia "
jewel thief,1967,crime drama musical a police commissioner's son comes under suspicion for being a jewel thief. vijay anand ashok kumar dev anand vyjayanthimala tanuja samarth 
deewana,1992,"action comedy drama a singer (rishi kapoor) marries his biggest fan, but his uncle (amrish puri) plans to kill him in order to gain his money. raj kanwar rishi kapoor divya bharti shah rukh khan alok nath "
bhagam bhag,2006,"comedy drama mystery the members of a drama troupe fall in trouble when they are framed for a murder. things go worse when they find their actress committing suicide, which is somehow linked with the murder. priyadarshan akshay kumar govinda paresh rawal lara dutta "
newton,2017,comedy drama a government clerk on election duty in the conflict ridden jungle of central india tries his best to conduct free and fair voting despite the apathy of security forces and the looming fear of guerrilla attacks by communist rebels. amit masurkar rajkummar rao pankaj tripathi anjali patil raghubir yadav 
made in china,2019,"comedy drama story of failed gujarati businessman, who jumps into unknown world of china to get once in a life time business idea, which will change his life. mikhil musale rajkummar rao boman irani mouni roy paresh rawal "
kai po che!,2013,drama sport three friends growing up in india at the turn of the millennium set out to open a training academy to produce the country's next cricket stars. abhishek kapoor amit sadh sushant singh rajput rajkummar rao amrita puri 
babumoshai bandookbaaz,2017,"action comedy crime the movie, filled with humor and romance, is a quirky ride into the life and times of a small time contract killer, babu, played by nawazuddin siddiqui. the film spins around his love, his friends, his rivalries and his revenge. kushan nandy nawazuddin siddiqui bidita bag jatin goswami shraddha das "
humpty sharma ki dulhania,2014,"comedy drama romance a girl from ambala, kavya pratap singh, is about to be married. when she visits delhi to shop for her 'dhai lakh ka ghagra, she meets humpty sharma, a carefree delhiite, and falls in love with him. shashank khaitan varun dhawan alia bhatt ashutosh rana sidharth shukla "
chatrapathi,2023,action drama shivaji and his family are uprooted from their community in sri lanka and wind up as bonded labourers in visakhapatnam. the situation worsens when his jealous stepbrother enters his life. v.v. vinayak sai srinivas bellamkonda nushrratt bharuccha karan singh chhabra vedika nawani 
kaminey,2009,"action crime drama the desperate lives of two estranged twin brothers converge over missing drugs, politics, racial prejudice, corrupt cops and an unplanned pregnancy. vishal bhardwaj shahid kapoor priyanka chopra jonas deb mukherjee shivkumar subramaniam "
karthik calling karthik,2010,"drama mystery romance a much abused loner achieves success, and even wins the heart of his gorgeous co-worker, after getting early morning mysterious phone calls from someone. vijay lalwani farhan akhtar deepika padukone ram kapoor shefali shah "
ramayana: the legend of prince rama,1993,"animation action adventure an anime adaptation of the hindu epic the ramayana, where lord ram combats the wicked king ravana. ram mohan, yûgô sakô, koichi saski arun govil nikhil kapoor edie mirman rael padamsee "
trapped,XV2016,"drama thriller a man struggles to survive after he unintentionally locks himself up in a high rise devoid of food, water and electricity. vikramaditya motwane rajkummar rao geetanjali thapa shiladitya sen rahul patel "
qarib qarib singlle,2017,"comedy romance yogi and jaya, who have polar opposite personalities and sensibilities, meet via a online dating app. this encounter turns into so much more when the two travel to rishikesh. tanuja chandra irrfan khan parvathy thiruvothu neha dhupia isha sharvani "
baaghi 3,2020,action adventure thriller a man embarks on a bloody rampage to save his kidnapped brother. ahmed khan tiger shroff riteish deshmukh shraddha kapoor ankita lokhande 
darbar,2020,action crime thriller a police officer is on a chase to hunt down a dreaded gangster to fulfill his own secret agenda. a.r. murugadoss rajinikanth nayanthara nivetha thomas suniel shetty 
bhool bhulaiyaa 2,2022,"comedy drama horror when strangers reet and ruhan cross paths, their journey leads to an abandoned mansion and a dreaded spirit that has been trapped for 18 years. anees bazmee tabu kartik aaryan kiara advani rajpal naurang yadav "
udta punjab,2016,action crime drama a story that revolves around drug abuse in the affluent north indian state of punjab and how the youth there have succumbed to it en-masse resulting in a socio-economic decline. abhishek chaubey shahid kapoor alia bhatt kareena kapoor diljit dosanjh 
agra,2023,drama a family and an exploration of space in an increasingly crowded world. it follows the quest for a sexual odyssey of an individual. kanu behl mohit agarwal priyanka bose vibha chhibber rahul roy 
notebook,2019,"drama romance an ex-army officer, kabir, becomes a teacher in kashmir in a school that is in a miserable condition. things take a turn when kabir finds a notebook, left behind by the previous year's teacher firdaus (pranutan bahl). nitin kakkar zaheer iqbal pranutan bahl mir mohammed mehroos mir mohammed zayan "
tara vs bilal,2022,"comedy drama romance set in london, a romantic comedy where the leading character enter a fake marriage and later fall in love. samar iqbal sonia rathee harshvardhan rane shammi aulakh tariq chacha "
matru ki bijlee ka mandola,2013,"comedy drama harry is an industrialist who loves his daughter bijlee, and the bond they share with harry's man friday, matru. bijlee's plan to wed the son of a politician, however, brings twists and turns in the lives of matru, bijlee and mandola. vishal bhardwaj pankaj kapur imran khan anushka sharma arya babbar "
garam masala,2005,comedy romance a rib tickling tale of two flirts who constantly flirt with women despite one of them being engaged. chaos ensues when the fiancé finds out that her to-be groom is cheating on her. priyadarshan akshay kumar john abraham paresh rawal rimi sen 
ek villain returns,2022,action crime romance the story of two men in one sided love. the paths they choose to fulfill their love stories decide who the hero is and who is the villain. mohit suri john abraham disha patani arjun kapoor tara sutaria 
kambakkht ishq,2009,action comedy romance a romantic comedy about an indian stuntman who takes hollywood by storm but cannot find true love. sabir khan sylvester stallone denise richards whoopi goldberg akshay kumar 
metro.... in dino,2024,"drama romance follows stories of bittersweet relationships in a contemporary setting, exploring various aspects, hues, and moods of love. anurag basu kay kay menon anupam kher ali fazal sara ali khan "
go goa gone,2013,"action adventure comedy a group of friends, just looking to have a good time in a rave party on a remote island in goa, find out that the island is infested with zombies. krishna d.k., raj nidimoru saif ali khan kunal kemmu vir das anand tiwari "
jo jeeta wohi sikandar,1992,"comedy drama romance a rich brat and a poor chap try to woo a girl, with their rivalry culminating in the most prestigious college event - the marathon cycle race. mansoor khan aamir khan ayesha jhulka deepak tijori pooja bedi "
dhamaka,2021,"action crime drama reassigned from tv to radio, a frustrated anchor sees both danger and opportunity when he receives threatening calls on the air. ram madhvani, heavenveer singh hayer kartik aaryan mrunal thakur amruta subhash soham majumdar "
cobalt blue,2022,"drama romance when a brother and sister fall in love with the same man, ensuing events shatter a traditional marathi family. based on sachin kundalkar's novel. sachin kundalkar neelay mehendale joshi anantvijay prateik patil babbar lovish bhatia "
manorama: six feet under,2007,"crime drama mystery manorama, wife of an irrigation minister, tasks satyaveer to find if her husband is cheating. as satyaveer starts investigating, he gets trapped in a web of lies and must uncover the entire truth. navdeep singh abhay deol gul panag raima sen sarika thakur "
antim: the final truth,2021,action crime drama the cop played by salman fights the land mafia in the film. mahesh manjrekar salman khan aayush sharma mahima makwana mahesh manjrekar 
welcome back,2015,"action comedy crime a pair of reformed gangsters try to find a husband for their newly discovered sister, but complications arise due to mistaken identities. anees bazmee john abraham anil kapoor nana patekar paresh rawal "
good newwz,2019,"comedy drama two couples with the same surname pursue in-vitro fertilization and wait for their upcoming babies. trouble ensues when they find that the sperms of each couple have been mixed with each other. raj mehta, kulwinder singh, ranjeet singh akshay kumar kareena kapoor diljit dosanjh kiara advani "
new york,2009,crime drama thriller a contemporary story of 3 friends discovering a new world set against the larger than life new york city. but one day the world around them changed. kabir khan john abraham katrina kaif neil nitin mukesh irrfan khan 
hum,1991,"action comedy drama a dockworker overthrows the tyranny of a cruel gangster but has to run away to make a new life for himself and his brothers. fifteen years later, his past catches up with him as his old enemy resurfaces. mukul anand amitabh bachchan rajinikanth govinda kimi katkar "
detective byomkesh bakshy!,2015,action crime drama detective byomkesh bakshy is set in the 2nd world war torn calcutta during the 1940s. enter a magical world of nostalgia and 'expect the unexpected'. dibakar banerjee sushant singh rajput anand tiwari neeraj kabi divya menon 
ram setu,2022,action adventure an atheist archaeologist turned believer must race against time to prove the true existence of the legendary ram setu before evil forces destroy the pillar of india's heritage. abhishek sharma akshay kumar jacqueline fernandez nushrratt bharuccha nassar 
devara,2024,action drama thriller devara is an intensive tale about a man who struck fear in the minds of those who were naive to it. koratala siva n.t. rama rao jr. saif ali khan janhvi kapoor prakash raj 
life in a metro,2007,"comedy drama musical six different stories, about nine people, each with different issues and problems, all occurring within one place: the metro. anurag basu dharmendra irrfan khan konkona sen sharma kay kay menon "
aligarh,2015,"biography drama a gay, linguistic professor living in a small orthodox city must deal with the aftermath of a sting operation that puts his sexual orientation in front of the entire nation. hansal mehta manoj bajpayee rajkummar rao ashish vidyarthi balaji gauri "
pink,2016,"crime drama thriller when three young women are implicated in a crime, a retired lawyer steps forward to help them clear their names. aniruddha roy chowdhury amitabh bachchan taapsee pannu kirti kulhari andrea tariang "
anek,2022,"action drama sport a socio political, action thriller set against the geopolitical backdrop of northeast india. anubhav sinha ayushmann khurrana andrea kevichüsa manoj pahwa kumud mishra "
befikre,2016,"comedy drama romance it is a carefree love story of dharam and shyra, who find love in an engaging series of experiences. doused in the spirit of paris, it celebrates a sensual and free-spirited love. aditya chopra, raj basu ranveer singh vaani kapoor ayesha raza mishra akarsh khurana "
sonu ke titu ki sweety,2018,comedy romance titu is going to marry a perfect woman named sweety. titu's best-friend sonu doubts sweety's character and tries to break the marriage while sweety tries to do opposite and which leads to war between bromance and romance. luv ranjan kartik aaryan nushrratt bharuccha sunny singh alok nath 
baghban,2003,"drama romance an elderly couple wish their children to care for them in their old age. but their children see and treat them as a burden, and they must struggle to regain their worth and dignity to themselves and others. ravi chopra amitabh bachchan hema malini salman khan mahima chaudhry "
kanjoos makhichoos,2023,"comedy drama family jamnaprasad pandey is infamous in the entire town as a miser whose family is fed up with his penny-pinching habits. however, little does the family know that these savings is to fulfill his father's wish of going on a char-dhaam yatra. vipul mehta kunal kemmu shweta tripathi piyush mishra alka amin "
guide,1965,"drama musical romance when mistaken to be a sage by some villagers, an ex-tour guide reflects on his past and lost love to search for spiritual wisdom to guide the villagers. vijay anand dev anand waheeda rehman leela chitnis anwar hussain "
tubelight,2017,"drama war a story of two brothers set during the sino-indian war, 1962: the younger one who's at war at the borders and the elder who's at war with his own world. kabir khan salman khan sohail khan om puri mohd. zeeshan ayyub "
anbe sivam,2003,"adventure comedy drama two men, one young and arrogant, the other damaged - physically but not spiritually - by life, are thrown together by circumstances, and find that they are in some ways bound together by fate. sundar c. kamal haasan madhavan kiran rathod nassar "
hum tum,2004,comedy drama romance a novel look at the eternal battle of the sexes and the trials and tribulations of karan and rhea and their attempts to understand each other. kunal kohli saif ali khan rani mukerji kirron kher rati agnihotri 
special chabbis,2013,crime drama thriller a gang of con-men rob prominent rich businessmen and politicians by posing as c.b.i and income tax officers. neeraj pandey akshay kumar anupam kher manoj bajpayee jimmy shergill 
dasvi,2022,"comedy drama jailed under a tough cop, an uneducated politician decides to spend his time studying for high school, while his scheming wife has plans of her own. tushar jalota abhishek bachchan nimrat kaur yami gautam manu rishi chadha "
mrs undercover,2023,"action comedy thriller a simple indian housewife who is in fact a special undercover agent is called back on the job after 10 years of being undercover to take down a terrifying, psycho killer while maintaining her parallel life of a housewife. anushree mehta radhika apte sumeet vyas rajesh sharma roy angana "
vicky donor,2012,"comedy romance a man is brought in by an infertility doctor to supply him with his sperm, where he becomes the biggest sperm donor for his clinic. shoojit sircar ayushmann khurrana yami gautam annu kapoor dolly ahluwalia "
bodyguard,2011,action comedy drama the daughter of a wealthy nobleman secretly falls in love with her bodyguard. siddique salman khan kareena kapoor raj babbar hazel keech 
kahaani 2,2016,mystery thriller a woman with a mysterious past is charged with kidnapping and murder. sujoy ghosh vidya balan arjun rampal jugal hansraj kharaj mukherjee 
malaikottai vaaliban,2024,action drama fantasy follows the life of a legendary man whose struggles and life pave the way for next generations. lijo jose pellissery mohanlal sonalee kulkarni hareesh peradi rajeev pillai 
bellbottom,2021,"action thriller when an indian commercial airliner is hijacked by terrorists in the mid 1980s, a government agent is tasked with rescuing the 210 hostages. ranjit tewari akshay kumar huma qureshi lara dutta vaani kapoor "
kaagaz,2021,biography comedy drama a satirical comedy about a common man and the struggle he goes through to prove his existence after being falsely being declared dead on government records. satish kaushik pankaj tripathi monal gajjar mita vashisht amar upadhyay 
salaam bombay!,1988,"crime drama young krishna struggles to survive among the drug dealers, pimps, and prostitutes in the back alleys and gutters of india. mira nair shafiq syed anjaan amrit patel murari sharma "
meri pyaari bindu,2017,"comedy drama romance abhimanyu roy returns to his roots to write an old-fashioned love story, 3 years in the making. this writer's block is called bindu. how do you contain this live wire in a book? akshay roy ayushmann khurrana parineeti chopra nishant dahiya prakash belawadi "
namastey london,2007,"comedy drama romance a man takes his thoroughly-british daughter to his home country, india. there, he arranges her marriage to someone she considers a fool. the daughter attempts to outwit them, but the groom quietly and patiently hatches his own plan. vipul amrutlal shah akshay kumar katrina kaif rishi kapoor clive standen "
welcome,2007,"comedy crime drama a man falls in love with a beautiful woman, but later discovers that her brothers are gangsters. anees bazmee akshay kumar katrina kaif nana patekar anil kapoor "
baazigar,1993,"crime drama musical a young man with a vendetta against a business tycoon seduces the man's younger daughter, but she begins to suspect her new lover's connection with her elder sister and his ulterior motive. abbas alibhai burmawalla, mastan alibhai burmawalla shah rukh khan kajol dalip tahil rakhee gulzar "
main tera hero,2014,"action comedy romance seenu and sunaina fall in love with each other when he saves her from a corrupt policeman who wishes to marry her. meanwhile, ayesha, a girl seenu meets on a train journey, wants to marry him. david dhawan varun dhawan ileana d'cruz nargis fakhri arunoday singh "
singham returns,2014,"action crime drama owing to the wrongdoings affiliated with evils similar to black money, an honest but ferocious police officer returns as the deputy commissioner of police with the prospect of wiping out injustice. rohit shetty ajay devgn kareena kapoor amole gupte anupam kher "
jagga jasoos,2017,"action adventure comedy join jagga, a gifted teenage detective, who along with a female companion, is on a quest to find his missing father. anurag basu, shubzz ranbir kapoor katrina kaif saswata chatterjee chitrak bandyopadhyay "
india lockdown,2022,adventure drama the indian government announces a country-wide lockdown for 21 days due to the pandemic. india lockdown encapsulates the story of four out of lakhs of individuals whose lives came to a standstill. madhur bhandarkar prateik patil babbar sai tamhankar shweta basu prasad prakash belawadi 
parched,2015,"drama in the arid landscape of rajasthan, four women navigate their way through personal and cultural difficulties. leena yadav tannishtha chatterjee radhika apte surveen chawla lehar khan "
sam bahadur,2023,"biography drama war based on the life of sam manekshaw who was the chief of the army staff of the indian army during the indo-pakistani war of 1971, and the first indian army officer to be promoted to the rank of field marshal. meghna gulzar sanya malhotra vicky kaushal fatima sana shaikh mohd. zeeshan ayyub "
hera pheri 3,Unknown," in the highly anticipated third installment of the beloved hera pheri franchise, raju, shyam, and baburao find themselves entangled in a hilarious yet perilous adventure involving a hidden treasure, mistaken identities, and criminology. farhad samji akshay kumar paresh rawal suniel shetty sanjay dutt "
malang - unleash the madness,2020,"action crime drama advait visits goa where he meets sara, a free-spirited girl who lives life unshackled. opposites attract and all goes well until life turns upside down. years later, advait is on a killing spree with cops aghase and michael in his way. mohit suri aditya roy kapoor anil kapoor disha patani kunal kemmu "
aladin,2009,"action adventure comedy since he was a child, aladin chatterjee has been teased for his fairytale name. as a college student he follows his namesake's footsteps; unleashing genie genius and wooing exchange student jasmine. but the evil ringmaster approaches. sujoy ghosh amitabh bachchan sanjay dutt riteish deshmukh jacqueline fernandez "
madras cafe,2013,action drama thriller an indian intelligence agent journeys to a war-torn coastal island to break a resolute rebel group and meets a passionate journalist. shoojit sircar john abraham nargis fakhri raashi khanna dinesh prabhakar 
race 3,2018,action crime thriller relationships and loyalties of a criminal family planning its next big heist are tested when some shocking revelations strike them. remo d'souza anil kapoor salman khan bobby deol jacqueline fernandez 
mrs. serial killer,2020,"crime drama thriller when a doctor gets jailed for a string of shocking murders, his loyal wife sets out to commit a copycat crime to prove his innocence. shirish kunder jacqueline fernandez manoj bajpayee mohit raina zayn marie khan "
any body can dance 2,2015,"biography drama music based on the true story of the fictitious dance group; their rise to fame, sudden downfall, and their heroic attempt to seek vindication by regaining their lost pride and glory. remo d'souza prabhu deva varun dhawan shraddha kapoor lauren gottlieb "
manmarziyaan,2018,"comedy drama romance a love triangle between a spirited young woman, her outgoing boyfriend and a fiance who's husband material. anurag kashyap taapsee pannu abhishek bachchan vicky kaushal jasmin bajwa "
tere naam,2003,"action drama romance problems arise when radhey mohan, a delinquent falls in love with a girl named nirjara. satish kaushik salman khan bhoomika chawla sachin khedekar savita prabhune "
tiku weds sheru,2023,"comedy drama romance tiku, who looks at marriage as her escape to mumbai from a local town to become an actress and sheru, who has been working as a junior artist in the city for years. they get married and the comedy of errors for this couple starts. sai kabir nawazuddin siddiqui avneet kaur rahoul mukesh s. bhatt "
housefull 3,2016,"action comedy romance a father doesn't want his three daughters to get married. now, it's up to three men to try to and convince the father that they're a good fit for his daughters. sajid, farhad samji akshay kumar abhishek bachchan riteish deshmukh jackie shroff "
toilet - ek prem katha,2017,"comedy drama romance a woman threatens to leave her husband unless he installs a toilet in their home. to win back her love and respect, he heads out on a journey to fight against the backward society. shree narayan singh akshay kumar anupam kher bhumi pednekar divyendu sharma "
aitraaz,2004,"drama romance thriller a man is accused of sexual harassment by his former lover and he has to prove his innocence in order to restore his dignity. abbas alibhai burmawalla, mastan alibhai burmawalla akshay kumar kareena kapoor priyanka chopra jonas amrish puri "
2 states,2014,comedy drama romance this movie chronicles how chetan met his wife and the difficulties they faced due to their cultural differences. abhishek varman arjun kapoor alia bhatt amrita singh revathi 
sadak,1991,"action drama romance a taxi driver with a tragic past sees an opportunity for redemption when he encounters a woman sold into prostitution. wanting to help her escape, he has to deal with the wrath of the brothel madam. mahesh bhatt sanjay dutt pooja bhatt deepak tijori sadashiv amrapurkar "
bob biswas,2021,"crime drama thriller bob biswas, an insurance agent, is released from hospital after eight years in a coma and is welcomed by his wife mary and son benny. he has lost his memory and does not remember the past. diya annapurna ghosh abhishek bachchan chitrangda singh paran banerjee kaushik chakraborty "
johny mera naam,1970,action drama musical monu (mohan) and sonu (sohan) are the two sons of a police inspector. the kids excel in boxing. their father gets killed by a goon following orders from ranjit (premnath). mohan kills the ...                see full summary » vijay anand dev anand hema malini pran sikand jeevan dhar 
ladies vs. ricky bahl,2011,"comedy crime drama a smooth and charming conman, ricky bahl, cons girls for a living but finally meets his match is this fun-filled ""rom-con."" maneesh sharma ranveer singh anushka sharma parineeti chopra dipannita sharma "
johnny gaddaar,2007,"crime drama mystery police officers recount a tale of missing money which results in lies, deceit, betrayal and death. sriram raghavan dharmendra rimi sen ashwini kalsekar neil nitin mukesh "
thunivu,2023,action crime thriller a mysterious mastermind - daredevil and his team forms a plan and commits bank heist to find the corporate looted people's money. h. vinoth ajith kumar manju warrier samuthirakani john kokken 
photograph,2019,"drama romance a struggling street photographer in mumbai, pressured to marry by his grandmother, convinces a shy stranger to pose as his fiancée. the pair develop a connection that transforms them in ways they could not expect. ritesh batra nawazuddin siddiqui sanya malhotra sachin khedekar denzil smith "
tashan,2008,action comedy drama what happens when you throw 2 guys who hate each other together? add for good measure a beauty and a gangster and the trouble is no one can be trusted. vijay krishna acharya akshay kumar saif ali khan kareena kapoor anil kapoor 
taal,1999,"drama musical romance businessman manav falls for aspiring singer mansi, but their romance faces an uphill climb when manav must depart and mansi's suave manager moves in. subhash ghai akshaye khanna anil kapoor aishwarya rai bachchan alok nath "
krrish 4,Unknown,"action sci-fi thriller years after defeating kaal, when an ancient artifact grants krrish the power of time travel, he must navigate through different eras to save humanity from a malevolent force that threatens to rewrite history and reshape the future. karan malhotra hrithik roshan preity g zinta naseeruddin shah rekha "
hum do hamare do,2021,comedy hum do hamare do's story is about a couple who 'adopt' their parents. abhishek jain rajkummar rao kriti sanon paresh rawal ratna pathak shah 
saaho,2019,"action thriller an undercover cop becomes embroiled in a battle with warring criminals who want to acquire a ""black box,"" their ultimate key to a treasure. sujeeth prabhas shraddha kapoor jackie shroff neil nitin mukesh "
we are family,2010,comedy drama family a divorced mother of three children runs a happy household - until her former husband brings his new career-oriented girlfriend into the picture. malhotra p. siddharth kareena kapoor kajol iravati harshe arjun rampal 
housefull 2,2012,action comedy drama a comedy of errors wherein four men help each other to fool their prospective father-in-laws creating a cascade of confusion and mayhem. sajid khan akshay kumar john abraham asin thottumkal jacqueline fernandez 
baby,2015,"action crime thriller an elite counter-intelligence unit learns of a plot, masterminded by a maniacal madman. with the clock ticking, it's up to them to track the terrorists' international tentacles and prevent them from striking at the heart of india. neeraj pandey akshay kumar danny denzongpa rana daggubati taapsee pannu "
code name: tiranga,2022,action drama thriller the story of a spy on an unfaltering and fearless mission for her nation in a race against time where sacrifice is her only choice. ribhu dasgupta parineeti chopra harrdy sandhu sharad kelkar dibyendu bhattacharya 
mujhse shaadi karogi,2004,"comedy romance sameer, fast at losing his temper is re-located to goa where he falls in love with rani. but sameer's new roommate sunny, has some plans of his own. david dhawan salman khan akshay kumar priyanka chopra jonas amrish puri "
ajnabee,2001,"action crime drama a newlywed couple, raj and priya, move to switzerland and become friends with their new neighbors, vicky and sonia. but one day, sonia is murdered and raj is accused of the murder. he goes on the run in order to prove himself innocent. abbas alibhai burmawalla, mastan alibhai burmawalla akshay kumar bobby deol kareena kapoor bipasha basu "
bachna ae haseeno,2008,"comedy drama romance raj is a heartbreaker. his love stories with mahi, radhika, and gayatri finally teach him about love and life in their own sweet, sexy, and sassy ways. siddharth anand ranbir kapoor deepika padukone bipasha basu minissha lamba "
chef,2017,comedy drama family chef roshan kalra sets out to find the true source of happiness and reignite his passion for food while being more present in his son's life. raja menon saif ali khan padmapriya svar kamble chandan roy sanyal 
dev.d,2009,"comedy drama romance after breaking up with his childhood sweetheart, a young man finds solace in drugs. meanwhile, a teenage girl is caught in the world of prostitution. will they be destroyed, or will they find redemption? anurag kashyap abhay deol mahie gill kalki koechlin dibyendu bhattacharya "
spy,2023,"action thriller after receiving the news of the death of his elder brother subash, who worked for r&aw, jay sets out on a mission to find out what happened leading him into a bigger conspiracy of a possible nuclear attack threat to the country. garry bh nikhil siddharth iswarya menon aryan rajesh abhinav gomatam "
mission kashmir,2000,action drama thriller a police officer adopts the son and sole survivor of a family he has massacred while pursuing a terrorist. after some time the foster son finds out what the stepfather did. vidhu vinod chopra sanjay dutt hrithik roshan preity g zinta sonali kulkarni 
pyaasa,1957,drama musical romance a talented but indigent poet vijay struggles for love and recognition in this selfish world. guru dutt guru dutt waheeda rehman mala sinha rehman khan 
jee le zaraa,Unknown,drama revolving around a road-trip taken by the three female protagonists. farhan akhtar priyanka chopra jonas alia bhatt katrina kaif ishaan khattar 
jayeshbhai jordaar,2022,comedy drama a timid jayesh must defy his patriarchal family as he flees with his wife to save their unborn daughter from foeticide. divyang thakkar pratik nanda ranveer singh shalini pandey boman irani 
pichaikkaran 2,2023,"action drama sci-fi a business tycoon being preyed on for his wealth, and a beggar on a constant hunt for his long-lost sister. how does money determine the fate of these two lives? vijay antony vijay antony kavya thapar y.g. mahendran radha ravi "
hazaaron khwaishein aisi,2003,"drama set in the backdrop of indian emergency 1975, the story revolves around 3 friends whose lives changes drastically after the turn of events. sudhir mishra kay kay menon shiney ahuja chitrangda singh ram kapoor "
the lovers,2015,"action adventure romance an epic, sweeping and riveting tale of an impossible love set across two time periods and continents. roland joffé josh hartnett bipasha basu tamsin egerton james mackay "
the big bull,2021,biography crime drama the story of the film is based on real events of financial market that took place between 1990 and 2000 involving harshad mehta and his financial crimes. kookie gulati abhishek bachchan nikita dutta ileana d'cruz sanjeev pandey 
heropanti 2,2022,"action comedy crime babloo ranawat, a genius hacker, is tasked with tracking down laila, the mastermind behind the world's largest cyber-crime yet to occur. will babloo be able to stop him? ahmed khan kriti sanon nawazuddin siddiqui tiger shroff amber doig-thorne "
te3n,2016,"crime drama mystery a grandfather, a priest and a police officer investigate the case of a kidnapped child. ribhu dasgupta amitabh bachchan nawazuddin siddiqui vidya balan tota roy chowdhury "
hungama 2,2021,comedy drama romance a sequel of the 2003 film hungama. priyadarshan paresh rawal meezaan jafri shilpa shetty kundra pranitha 
indian 2,2024,"action drama thriller senapathy, an ex-freedom fighter turned vigilante who fights against corruption. senapathy returns to the country to aid a young man who has been exposing corrupt politicians in the country through videos on the internet. s. shankar s.j. suryah kamal haasan rakul preet singh siddharth "
boom,2003,crime thriller three female models are unwittingly thrown into the bombay underworld when they accidentally stop a diamond delivery to the middle east. kaizad gustad amitabh bachchan jackie shroff gulshan grover padma lakshmi 
karan arjun,1995,action drama fantasy karan and arjun reincarnate in the different parts of the country. but the faith of their previous mother brings them together in order to avenge their death. rakesh roshan rakhee gulzar salman khan shah rukh khan amrish puri 
shaandaar,2015,"comedy drama romance in the backdrop of a destination wedding in london, two families try to save their respective empires, unbeknownst to each other. vikas bahl shahid kapoor alia bhatt pankaj kapur sanjay kapoor "
samrat prithviraj,2022,action drama history a magnum opus recounting the glorious tale of one of india's bravest emperors- samrat prithviraj chauhan. inspired from the epic poem prithviraj raaso and other folklores. chandra prakash dwivedi akshay kumar sanjay dutt manushi chhillar sonu sood 
bharat,2019,"action comedy drama at the cusp of india's birth as an independent nation, a family makes an arduous journey to freedom at a cost. a young boy bharat, makes a promise to his father that he will keep his family together no matter what. ali abbas zafar salman khan katrina kaif sunil grover tabu "
laxmii,2020,"action comedy horror aasif visits his wife's parents' house and happens to go to a ground that is supposedly haunted. however, he is soon possessed by the spirit of a transgender who is out for revenge. raghava lawrence, balakrishnan thevar akshay kumar kiara advani sharad kelkar ashwini kalsekar "
aazam,2023,"crime drama mystery set in the underbelly of the mumbai underworld, the succession battle of mafia don nawab khan, who is suffering from blood cancer and has only a few days to live. who is the aazam of this battle of defeat and victory? shravan tiwari jimmy shergill abhimanyu singh indraneil sengupta sanjeev tyagi "
serious men,2020,"comedy drama tormented with his 'under-privileged' societal status, a father capitalizes on his son's newfound fame as a boy-genius. little does he realize that the secret he harbors will destroy the very thing he loves the most. sudhir mishra, sachin krishn nawazuddin siddiqui nassar aakshath das indira tiwari "
ishq,1997,"action comedy drama two rich friends, hating the poor, were challenged by their children's love lives. thus starts the war between love and money. indra kumar aamir khan ajay devgn juhi chawla kajol "
jgm (janaganamana),2023,action drama plot under wraps. puri jagannadh vijay deverakonda pooja hegde janhvi kapoor nayan rosh t m 
josh,2000,"action drama musical max, who lives with his twin sister shirley in goa, is enraged when he finds out that she has fallen in love with rahul, his bitter rival prakash's younger brother. mansoor khan shah rukh khan aishwarya rai bachchan chandrachur singh sharad s. kapoor "
footfairy,2020,"crime thriller the plot is set in mumbai, a city of dream and land of opportunities. the psychological crime thriller showcases an intriguing chase between a serial killer with a distinctive fetish and ...                see full summary » kanishk varma bhupesh bandekar gulshan devaiah sagarika ghatge shonita joshi "
c.i.d.,1956,"action crime musical a newspaper editor gets murdered when he was about to expose the underworld links of a rich person. so, a c.i.d inspector gets assigned to investigate the murder case. raj khosla dev anand shakila johnny walker k.n. singh "
zinda,2006,"action drama mystery a man, taken and locked up for 14 years without any sane reason, is suddenly released, and has 4 days to figure out why this was done to him. sanjay gupta sanjay dutt john abraham lara dutta celina jaitly "
non stop dhamaal,2023,"comedy satinder (annu kapoor), a film director with big dreams of working with famous stars, teams up with his friend amar (manoj joshi), a struggling film writer, to find someone who can invest ...                see full summary » irshad khan annu kapoor manoj joshi rajpal naurang yadav asrani "
ishq-e-nadaan,2023,"drama romance ashutosh's life changes when he meets ramona at the hotel, which is his work place. on the other hand, charulata grows friends with subhash kapoor, a filmmaker, and shares a secret with him. what is the secret? avishek ghosh deepika amin hitesh dave mrinal dutt lara dutta "
fitoor,2016,drama romance modern adaptation of charles dickens' great expectations; a poor but talented boy falls in love with a girl from an affluent family. abhishek kapoor aditya roy kapoor katrina kaif tabu rahul bhat 
andaz apna apna,1994,action comedy romance two slackers competing for the affections of an heiress inadvertently become her protectors from an evil criminal. rajkumar santoshi aamir khan salman khan raveena tandon karisma kapoor 
jawaani jaaneman,2020,comedy drama a 40 year-old playboy's life turns upside down when he comes to know that he has a 20 something year-old daughter. nitin kakkar saif ali khan alaya f tabu kumud mishra 
batla house,2019,"action crime drama in 2008, a violent shootout with terror suspects leaves one police officer struggling to hunt down the fugitives and justify the police action. nikkhil advani john abraham mrunal thakur nora fatehi ravi kishan "
gabbar is back,2015,action crime drama a grief-stricken man takes the law into his own hands when he begins to kidnap and murder corrupt public servants. radha krishna jagarlamudi akshay kumar shruti haasan kareena kapoor suman 
partner,2007,"comedy drama romance a 'love guru' assists other males, woos a widowed single mother, but becomes embroiled in controversies. david dhawan salman khan govinda lara dutta katrina kaif "
awara paagal deewana,2002,action comedy crime a dentist's life turns into a roller coaster ride when he is unknowingly embroiled in gang wars. vikram bhatt akshay kumar suniel shetty aftab shivdasani paresh rawal 
a flying jatt,2016,"action adventure comedy jatt is a reluctant superhero who fights crime and protects people. he meets his match in the evil raka, who he must vanquish to save the day. remo d'souza tiger shroff jacqueline fernandez nathan jones kay kay menon "
rangeela,1995,"comedy drama musical a middle class young woman, who dreams of bollywood fame, is caught in a love triangle between her childhood friend and a famous actor. ram gopal varma aamir khan urmila matondkar jackie shroff gulshan grover "
jogi,2022,"drama thriller amid tension in 1980s india, three friends of different faiths unite in a noble yet dangerous effort to save hundreds in their town. ali abbas zafar diljit dosanjh kumud mishra mohd. zeeshan ayyub hiten tejwani "
tadka,2022,"comedy drama romance a middle-aged tukaram is passionate about food and archaeology but a misplaced call from madhura that adds the tadka to his life. while love simmers, nicole and sidharth's story spices up too. prakash raj nana patekar shriya saran ali fazal taapsee pannu "
paheli,2005,comedy drama fantasy a folk tale - supernatural love story about a ghost who falls in love with a newlywed woman. amol palekar shah rukh khan rani mukerji anupam kher naseeruddin shah 
duplicate,1998,"action comedy crime in order to evade the law, a ruthless don tries to kill his lookalike; a chef and tries to take his place. mahesh bhatt shah rukh khan juhi chawla sonali bendre kajol "
radhe shyam,2022,"drama romance in 1976, vikramaditya, a palmist and disciple of paramahamsa, predicts to indian prime minsiter indira gandhi that soon she will declare emergency in the country. the prediction comes true ...                see full summary » k.k. radhakrishna kumar prabhas pooja hegde bhagyashree patwardhan krishnamraju "
english vinglish,2012,"comedy drama family a quiet, sweet tempered housewife endures small slights from her well-educated husband and daughter every day because of her inability to speak and understand english. gauri shinde sridevi adil hussain mehdi nebbou priya anand "
koi jaane na,2021,"thriller a heartbroken writer struggling with writer's block goes to a quiet hill station where he finds love again but uncovers a copycat serial killer who has mysteriously come alive and is killing everyone around him. amin hajee, ajinkya nikam kunal kapoor amyra dastur elli avrram aamir khan "
72 hoorain,2019,"crime drama thriller these fidayeens, bound by an unyielding faith, embark on a harrowing journey leading them to the celestial realms. their ultimate goal is to meet the legendary 72 virgins, known as the hoorain. sanjay puran singh chauhan saru maini mukesh agrohari narottam bain aamir bashir "
rustom,2016,"crime drama thriller a naval officer returns home to find out about his wife's affair. soon, he surrenders after murdering the lover but as the case unfolds, it starts to reveal his hidden intention. tinu suresh desai akshay kumar ileana d'cruz arjan bajwa esha gupta "
chup chup ke,2006,"comedy drama romance a debt-ridden young man attempts suicide, but is rescued only to find that his luck is finally turning. priyadarshan, kookie gulati shahid kapoor kareena kapoor om puri paresh rawal "
hate story,2012,"drama thriller after a powerful businessman has her baby forcefully aborted, kaavya krishna uses her body as a sexual weapon to destroy his empire, brick by brick. vivek agnihotri nikhil dwivedi gulshan devaiah paoli dam mohan kapur "
tees maar khan,2010,"comedy crime posing as a movie producer, a conman attempts to trick an entire village into helping him rob a treasure-laden train. farah khan akshay kumar katrina kaif akshaye khanna rajiv laxman "
mard ko dard nahin hota,2018,"action comedy drama it is a story of a young boy surya who has a rare condition of congenital insensitivity to pain meaning he can not feel pain, and he sets out to learn martial arts and hunt down muggers. vasan bala abhimanyu dasani radhika madan mahesh manjrekar gulshan devaiah "
hum dil de chuke sanam,1999,"comedy drama musical nandini has to choose between sameer, the man who taught her to fall in love; and vanraj, the man from whom she learnt how to abide and fulfill promises of love. sanjay leela bhansali aishwarya rai bachchan salman khan ajay devgn zohra sehgal "
sadak 2,2020,"action drama the film picks up where sadak left off, revolving around the journey with a young girl who becomes an important character in the life of the protagonist, and the reason for him to stay alive. mahesh bhatt priyanka bose alia bhatt sanjay dutt aditya roy kapoor "
black,2005,"drama the cathartic tale of a young woman who can't see, hear, or speak, and the teacher who brings a ray of light into her dark world. sanjay leela bhansali amitabh bachchan rani mukerji shernaz patel ayesha kapur "
13b: fear has a new address,2009,"drama horror mystery a man experiences a supernatural occurrence at his newly purchased apartment; a soap opera being telecast exclusively on his tv, which shows the future of his family. vikram k. kumar madhavan nitu chandra poonam dhillon saranya ponvannan "
fanaa,2006,action drama romance a sweet blind girl zooni meets a flirty rehan. she ignores her friends' warnings. it's her time to discover life. is she making the right love choice? kunal kohli aamir khan kajol rishi kapoor tabu 
yaariyan 2,2023,"comedy drama musical cousins by blood friends by choice. radhika rao, vinay sapru divya khosla kumar meezaan jafri pearl v puri yash dasgupta "
war 2,Unknown,action adventure crime plot under wraps. ayan mukerji hrithik roshan kiara advani n.t. rama rao jr. 
yuva,2004,"action drama thriller michael, arjun and lallan, three men from three different strata of society, cross paths one morning in calcutta and change one another's lives forever. mani ratnam ajay devgn abhishek bachchan rani mukerji vivek oberoi "
sangharsh,1999,"action crime drama a rookie cbi officer must enlist the help of an incarcerated criminal in order to catch a serial child killer, who has recently escaped police custody. tanuja chandra preity g zinta akshay kumar ashutosh rana vishwajeet pradhan "
wanted,2009,"action crime thriller radhe is a ruthless gangster who will kill anyone for money. he is attracted towards jhanvi, a middle class girl, who does not approve of his work and wants him to change. prabhu deva salman khan ayesha takia prakash raj vinod khanna "
motichoor chaknachoor,2019,"comedy romance a hilarious story of a 36-year-old jobless man pushpender, trying to find a wife and anita who's also looking for a husband. but there's a catch - anita wants to settle abroad after marriage. debamitra biswal nawazuddin siddiqui athiya shetty vibha chhibber karuna pandey "
paan singh tomar,2012,"action biography crime the story of paan singh tomar, an indian athlete and seven-time national steeplechase champion who becomes one of the most feared dacoits in chambal valley after his retirement. tigmanshu dhulia irrfan khan mahie gill rajesh abhay hemendra dandotiya "
sharmaji namkeen,2022,comedy drama family a light-hearted coming-of-age story of a lovable 60-year-old-man. hitesh bhatia rishi kapoor paresh rawal juhi chawla isha talwar 
music school,2023,"drama musical this heart-warming 11-song musical is about how the prevailing indian education system and parents put pressure on children to be competitive in their ""studies, thereby leaving no time for ...                see full summary » paparao biyyala shriya saran sharman joshi prakash raj mona ambegaonkar "
satyameva jayate 2,2021,"action crime drama satyameva jayate 2 revolves around the fight against injustice and misuse of power. from police and politicians to industrialists and a common man, the film will explore corruption in all spheres. milap zaveri john abraham divya khosla kumar harsh chhaya gautami kapoor "
laal kaptaan,2019,"action adventure drama in an 18th century setting, a naga sadhu in india sets out on a journey across bundelkhand to seek revenge for an injustice committed in the past. navdeep singh saif ali khan zoya hussain manav vij deepak dobriyal "
manto,2018,biography drama the film is a biographical account of writer saadat hasan manto's life and is set in 1940s india. nandita das nawazuddin siddiqui rasika dugal tahir raj bhasin nazma ali shaikh 
khakee,2004,action crime drama a team of police force escorts an alleged terrorist from chandangarh to mumbai. however their trip turns into a deadly survival when an ex-cop tries to stop them to reach mumbai. rajkumar santoshi amitabh bachchan akshay kumar ajay devgn aishwarya rai bachchan 
yeh saali aashiqui,2019,"drama romance thriller while in college, sahil and mittee fall in love, but an unfortunate incident turns their dreamy romance into a nightmare. cherag ruparel vardhan puri shivaleeka oberoi ruslaan mumtaz satish kaushik "
lakshya,2004,"action drama romance an aimless, jobless, irresponsible grown man joins the army and matures into a battlefield hero. farhan akhtar hrithik roshan preity g zinta amitabh bachchan om puri "
badhaai ho,2018,comedy drama a man is embarrassed when he finds out his mother is pregnant. amit ravindernath sharma ayushmann khurrana neena gupta gajraj rao sanya malhotra 
trishna,2011,drama the story of the tragic relationship between the son of a property developer and the daughter of an auto rickshaw owner. michael winterbottom freida pinto riz ahmed mita vashisht harish khanna 
guilty,2020,"drama thriller when a college heartthrob is accused of rape by a less popular student, his girlfriend navigates various versions of the story in search of the truth. ruchi narain kiara advani taher shabbir akansha ranjan kapoor gurfateh pirzada "
thank god,2022,"comedy fantasy an egoistic real estate broker in huge debts, meets with an accident.god appears in front of him and informs him that he will have to play a ""game of life"". if he win, he will be sent back to earth and if not, he will be sent to hell. indra kumar sidharth malhotra ajay devgn rakul preet singh mahesh balraj "
ghayal,1990,"action crime drama ajay mehra, an amateur boxer, takes revenge against balwant rai, a crooked businessman, after his elder brother is killed. rajkumar santoshi sunny deol amrish puri meenakshi sheshadri moushumi chatterjee "
baaghi,2016,action romance thriller a martial arts student seeks revenge after the murder of his master. sabir khan tiger shroff shraddha kapoor sudheer babu posani shifuji shaurya bharadwaj 
bombay velvet,2015,action crime drama an ordinary man goes against all odds and forges his destiny to become a 'big shot'. anurag kashyap ranbir kapoor anushka sharma karan johar satyadeep misra 
once upon a time in mumbai dobaara!,2013,"action crime drama after killing his mentor, a gangster comes into power to rule over mumbai. in the process he falls for an aspiring actress, nevertheless he finds that his protege has fallen for her too which leads to enmity between them. milan luthria akshay kumar imran khan sonakshi sinha sonali bendre "
shaadi mein zaroor aana,2017,"drama romance satyendra mishra ""rajkumar rao"" and aarti shukla ""kriti kharbanda"" agree to get married arranged by their parents, after satyendra mishra get government job. aarti shukla, run away from their marriage. what life waits for them ahead? ratnaa sinha rajkummar rao kriti kharbanda k.k. raina alka amin "
lage raho munna bhai,2006,comedy drama romance munna bhai embarks on a journey with mahatma gandhi in order to fight against a corrupt property dealer. rajkumar hirani sanjay dutt arshad warsi vidya balan boman irani 
luka chuppi,2019,"comedy romance pretending to be married in order to cohabitate, a small-town couple lands in endless awkward situations to hide the truth from their orthodox families. laxman utekar kartik aaryan kriti sanon aparshakti khurana pankaj tripathi "
shor in the city,2010,"crime drama various residents and career-criminals face challenges in crime-laden mumbai. krishna d.k., raj nidimoru tusshar kapoor sendhil ramamurthy nikhil dwivedi preeti desai "
tanhaji: the unsung warrior,2020,"action biography drama tanhaji malusare, a military chieftain in the army of the maratha king shivaji, leads the charge to capture the strategically important kondhana fort guarded by the army of the fierce rajput chieftain udaybhan rathod. om raut ajay devgn saif ali khan sharad kelkar kajol "
neymar,2023,comedy family kunjava and his friend sinto bring a new furry friend named neymar into their lives. little did they know that their lives were about to be turned upside down. sudhi maddison naslen mathew thomas thushara pillai vijayaraghavan 
ak vs ak,2020,"action comedy crime a filmmaker kidnaps the daughter of a movie star, and while the star searches for his daughter the director films the desperate search in real time for his next blockbuster movie. vikramaditya motwane anil kapoor anurag kashyap sonam kapoor harshvardhan kapoor "
sarbjit,2016,"biography drama biopic of sarabjit singh, a farmer residing at bhikiwind, punjab, near the indo-pak border, crossed the border after having a couple of drinks. however, he was mistaken to be an indian spy and was sentenced with capital punishment. omung kumar randeep hooda aishwarya rai bachchan richa chadha darshan kumaar "
connect,2022,"thriller in a country where the government imposed a national curfew and a single mother, nayanthara, notices eerie changes in her daughter's behaviour. on getting virtual help from a pastor played by anupam kher who proposes an online exorcism. ashwin saravanan nayanthara sathyaraj anupam kher vinay rai "
welcome home,V2020,"crime drama horror a census report leads two female government teachers to an isolated house, in which resides a family with twisted secrets they never imagined to recover. pushkar mahabal kashmira irani swarda thigale shashi bhushan boloram das "
padman,2018,"comedy drama upon realizing the extent to which women are affected by their menses, a man sets out to create a sanitary pad machine and to provide inexpensive sanitary pads to the women of rural india. r. balki akshay kumar radhika apte sonam kapoor jyoti subhash "
laththi,2022,"action crime drama a police constable, who gets trapped in a building with his 10-year-old kid, and how they escape from the building surrounded by a group of the enemy. a. vinoth kumar vishal sunaina prabhu thalaivasal vijay "
raman raghav 2.0,2016,"crime drama thriller ramanna, a maniac murderer, finds a soulmate in raghavan, a policeman, who inspects his murder cases. he tries to make raghavan realize how they both are similar. anurag kashyap nawazuddin siddiqui vicky kaushal sobhita dhulipala mukesh chhabra "
dhobi ghat,2010,"drama the lives of four people intersect in mumbai: a washer-man who wants to become an actor, a banker-turned-photographer, a painter looking for inspiration, and a newly-married immigrant who journals her experiences on home video. kiran rao prateik patil babbar monica dogra kriti malhotra aamir khan "
ardh satya,1983,"crime drama a newly appointed police rookie deals with corruption, romance, and brutality. govind nihalani om puri smita patil amrish puri shafi inamdar "
jersey,2019,drama sport a failed cricketer decides to revive his cricketing career in his late 30's despite everyone being skeptical of his ability to do so. gowtam tinnanuri nani shraddha srinath sathyaraj ronit kamra 
bala,2019,comedy it tells the story of a man who is balding prematurely and how he copes up with the situation. amar kaushik ayushmann khurrana bhumi pednekar yami gautam saurabh shukla 
guru,2007,"drama a villager, gurukant desai, arrives in bombay 1958, and rises from its streets to become the guru, the biggest tycoon in indian history. mani ratnam mithun chakraborty abhishek bachchan aishwarya rai bachchan madhavan "
stolen,2023,"drama thriller a five month old baby of an impoverished tribal woman jhumpa mahato is stolen.two brothers ,gautam and raman, witness the kidnapping ,try to help her when they become embroiled in the complexities of the investigation. karan tejpal abhishek banerjee harish khanna mia maelzer sahidur rahaman "
deewane huye paagal,2005,"action comedy drama a man embarks on journey to find his love in dubai, only to learn she has different suitors and admirers. vikram bhatt shahid kapoor akshay kumar suniel shetty rimi sen "
nail polish,2021,"drama nail polish, written and directed by bugs bhargava krishna, stars arjun rampal, manav kaul, anand tiwari and rajit kapur. it's a legal thriller that explores the uncertainty of the human mind. bugs bhargava krishna arjun rampal manav kaul anand tiwari rajit kapoor "
jaadugar,2022,"comedy drama fantasy magic meenu, a small-time magician in neemuch, m.p., has to win a local football tournament in order to marry the girl he loves. sameer saxena jitendra kumar arushi sharma jaaved jaaferi raksha panwar "
jism 2,2012,"drama romance thriller izna, a porn star, is tasked by an indian intelligence agency to seduce her ex-boyfriend kabir, a dreaded assassin, in order to steal vital information relating to his sleeper cell contacts. pooja bhatt randeep hooda arunoday singh arif zakaria sunny leone "
three of us,2022," a delicate thread of emotions about love, loss, healing, awareness and liberation. avinash arun shefali shah jaideep ahlawat swanand kirkire kadambari kadam "
bhootnath,2008,"comedy drama family moving into a new house, a family witnesses an unfriendly ghost who wants to drive them away from the house. however, he befriends a little boy who changes his outlook forever. vivek sharma amitabh bachchan juhi chawla satish shah rajpal naurang yadav "
ascharyachakit!,2018,"drama romance desire and greed intertwines the lives of a bollywood star, his chauffeur, a prostitute and her pimp in an unlikely love story. samit kakkad priyanka bose vaibhav raj gupta ankit raj anangsha biswas "
chillar party,2011,"comedy drama family a gang of innocent but feisty kids who lead carefree lives in chandan nagar colony takes on the big bad world of politics when one of their friend's life is endangered. vikas bahl, nitesh tiwari irfan khan abhinay raj singh sanath menon rohan grover "
chakda xpress,2023,biography drama sport it is inspired by the journey of jhulan goswami as she moves up the ladder despite the problems created by misogynistic politics to fulfill her dream of playing cricket for india prosit roy anushka sharma anshul chauhan dibyendu bhattacharya nishu dikshit 
i hate luv storys,2010,"comedy drama romance jay doesn't believe in love stories, and simran, is a girl who's in love with the idea of love itself. punit malhotra imran khan sonam kapoor sammir dattani samir soni "
wazir,2016,action crime drama a grief-stricken cop and an amputee grandmaster are brought together by a peculiar twist of fate as part of a wider conspiracy that has darkened their lives. bejoy nambiar amitabh bachchan farhan akhtar aditi rao hydari john abraham 
singh is kinng,2008,"action comedy crime a comic caper about happy singh, a punjabi villager who goes through a series of misadventures and eventually becomes the king of the australian underworld. anees bazmee akshay kumar katrina kaif om puri kirron kher "
holiday,2014,"action crime thriller a military officer attempts to hunt down a terrorist, destroy a terrorist gang and deactivate the sleeper cells under its command. a.r. murugadoss akshay kumar sonakshi sinha freddy daruwala sumeet raghavan "
#home,2021,"drama oliver twist (indrans) wants to be tech-savvy and become a better companion to his two sons, who spend more time on their phones than with their loved ones. rojin thomas indrans sreenath bhasi manju pillai naslen "
attack,2022,action sci-fi thriller witness the rise of an army soldier as he realizes his destiny and comes to terms to becoming india's first super soldier created to combat terrorists as he fights his inner demons and outer enemies.with lots of action lakshya raj anand john abraham jacqueline fernandez rakul preet singh prakash raj 
janhit mein jaari,2022,"comedy drama romance the story of a young girl, a crusader who takes up a challenging job selling condoms in a small town in mp, india. jai basantu singh nushrratt bharuccha vijay raaz alok nath pathak tinnu anand "
khiladiyon ka khiladi,1996,action crime drama a man (akshay kumar) searches for his missing brother (inder kumar) who is also wanted by the police. umesh mehra akshay kumar rekha raveena tandon deven verma 
vinaya vidheya rama,2019,"action drama when the happiness of his family is held to ransom by a violent crime lord, ram sets out on a quest to destroy his nemesis and his criminal empire. boyapati srinu ram charan vivek oberoi kiara advani mahesh manjrekar "
hate story iv,2018,"crime drama thriller aryan and rajveer, sons of a wealthy businessman, vikram khurana, fall in love with the same woman, tasha. not only do they commit a deed they cannot undo but also end up as targets in a revenge plan. vishal pandya urvashi rautela gulshan grover lee byford komal chhabria "
rocky handsome,2016,action crime drama a reclusive pawn shop owner sets his sights on revenge when vicious gangsters kidnap his drug-addicted neighbor's young daughter. nishikant kamat john abraham nishikant kamat sharad kelkar teddy maurya 
dhamaal,2007,"action adventure comedy four lazy slacker conmen buddies who are jobless, homeless and broke learn about the secret of a hidden treasure from a dying thief and later embark on a race against time to find the mobster's buried treasure and claim it while being pursued by a determined police inspector who is hellbent to get the treasure all by himself. indra kumar sanjay dutt riteish deshmukh arshad warsi jaaved jaaferi "
pyaar ka punchnama 2,2015,"comedy drama romance after falling in love, three roommates experience changes in their lives. luv ranjan kartik aaryan omkar kapoor sunny singh nushrratt bharuccha "
untitled blumhouse productions film,2024, add a plot luv ranjan kartik aaryan omkar kapoor sunny singh nushrratt bharuccha 
chachi 420,1997,comedy drama family desperation to be with his only child forces a divorced man to take the guise of the child's nanny. situations get really messy when the child's grandfather (the man's ex-father-in-law) falls in love with his disguised ex-son-in-law. kamal haasan kamal haasan amrish puri om puri tabu 
chalte chalte,2003,drama romance a man pursues a woman who is already engaged and eventually gets married to her. differences between the two lead to a bitter separation that threatens to destroy their relationship forever. aziz mirza shah rukh khan rani mukerji jas arora satish shah 
sanam teri kasam,2016,"drama musical romance after being disowned by her family, an awkward librarian relies on the help of her brooding neighbour. radhika rao, vinay sapru harshvardhan rane mawra hocane vijay raaz murli sharma "
bunty aur babli,2005,"comedy crime drama a small-town pair become the legendary bunty and babli, turning the world on its head caper after caper--until they meet a very upset police officer. shaad ali abhishek bachchan rani mukerji amitabh bachchan kiran juneja "
agent vinod,2012,action adventure thriller a series of seemingly unconnected events across the world leads to agent vinod undertaking a globe-trotting mission to discover why his colleague was murdered. sriram raghavan kareena kapoor saif ali khan adil hussain ram kapoor 
airlift,2016,"action drama history when iraq invades kuwait in august 1990, a callous indian businessman becomes the spokesperson for more than 170,000 stranded countrymen. raja menon akshay kumar nimrat kaur kumud mishra prakash belawadi "
judwaa 2,2017,action comedy prem and raja are twin brothers who are seperated at birth but are uniquely connected to eachother via their reflexes. they reunite as adults and set out to take down the underground smuggling world. david dhawan varun dhawan jacqueline fernandez taapsee pannu anupam kher 
untitled aamir khan/rajkumar hirani movie,Unknown,biography add a plot rajkumar hirani aamir khan 
paanch,2003,crime thriller kidnapping plot gone wrong when four friends plans to kidnap their own friend who accidentally got killed. anurag kashyap kay kay menon aditya srivastav joy fernandes vijay maurya 
rowdy rathore,2012,"action comedy crime a con man uncovers a deadly secret and must save his lady love, the small-town locals and the little girl who insists she's his daughter, from the mob. prabhu deva akshay kumar sonakshi sinha nassar yashpal sharma "
sanak,2021,"action thriller sanak is an action-thriller film, summarizing the emotion and journey of a lone hero, who fights overwhelming odds in a restricted environment, to save his wife and other unfortunates, helpless hostages, from the perils of evil. kanishk varma vidyut jammwal neha dhupia rukmini maitra chandan roy sanyal "
visfot,2023,"crime thriller worli, mumbai. two families. one has recently moved into one of the high-rises of lower parel, what was once known as the cotton mill district. the other lives a crammed life in a slum, ...                see full summary » kookie gulati riddhi dogra priya bapat riteish deshmukh fardeen khan "
skater girl,2021,"drama family sport when a teen in rural india discovers a life-changing passion for skateboarding, she faces a rough road as she follows her dream to compete. manjari makijany waheeda rehman amy maghera sahidur rahaman jonathan readwin "
raincoat,2004,"drama romance all he wanted was to see her just once. manu was from a village in the backwoods. neeru was the girl next door, his lost love. rituparno ghosh ajay devgn aishwarya rai bachchan annu kapoor mouli ganguly "
murder,2004,"drama romance thriller unhappy with her marriage with workaholic man, a woman finds solace in her lover and starts a steamy affair. but this fills her with guilt and leaves him, but he is determined to get her - at any cost. anurag basu mallika sherawat ashmit patel emraan hashmi kashmira shah "
mujhse dosti karoge!,2002,"comedy drama family meet raj, pooja and tina - 3 best friends thrown into a situation that time, letters, love and separation have created for them. kunal kohli hrithik roshan kareena kapoor rani mukerji uday chopra "
veerappan,2016,"action biography crime officer kannan leads a group of police officers to track down the bandit, veerappan. ram gopal varma sachiin joshi sandeep bharadwaj usha jadhav nissar khan "
madly,2016,"drama romance a global anthology film featuring innovative love stories from the some of the world's most visionary directors. bat for lashes, gael garcía bernal, anurag kashyap, sebastián silva, sion sono, mia wasikowska radhika apte kathryn beck justina bustos zoë castle "
one friday night,2023,"crime drama revolves around one stormy night, in an isolated villa a top a secluded hill. manish gupta vidhi chitalia hemant k gaur ambrish saxena milind soman "
khuda haafiz,2020,action crime drama a newly married couple's life falls in jeopardy when the wife goes missing under mysterious circumstances. faruk kabir vidyut jammwal shivaleeka oberoi annu kapoor aahana kumra 
mohenjo daro,2016,"action adventure drama in 2016 bc, a kind farmer leads an uprising in the city of mohenjo daro. ashutosh gowariker hrithik roshan pooja hegde kabir bedi arunoday singh "
atrangi re,2021,"comedy drama fantasy a tamil boy meets a girl from bihar, what follows is a love story for the ages. a non-linear narrative of two romances running in parallel from different timelines. aanand l. rai dhanush sara ali khan akshay kumar seema biswas "
aakrosh,2010,"action crime drama the central bureau of investigation deputes two officers to investigate the disappearance of three medical students, which they believe to be an incident of 'honour killing' in a small, closed community. priyadarshan ajay devgn akshaye khanna bipasha basu paresh rawal "
agneepath,1990,"action crime drama a young boy's quest for revenge leads him to become a gangster as an adult, and with each day he becomes more and more like his enemies. can he find vengeance and redemption? mukul anand amitabh bachchan mithun chakraborty madhavi neelam kothari "
yes boss,1997,"comedy drama musical rahul joshi wants to be a successful businessman so he works hard for his boss siddharth. one day rahul meets seema, an up and coming model, and he feels like he's finally met his match. will seema fall for rahul? aziz mirza shah rukh khan juhi chawla aditya pancholi kashmira shah "
chhapaak,2020,"biography drama the trials and triumphs of malti, an acid attack survivor. from the investigation of the attack to the court proceedings, the medical treatment to the emotional healing. chhapaak is the story of the unquashable human spirit. meghna gulzar deepika padukone vikrant massey madhurjeet sarghi payal nair "
anjaana anjaani,2010,"comedy drama musical after numerous attempts at suicide fail, a couple decides to live it up, then kill themselves on new year's day. siddharth anand priyanka chopra jonas ranbir kapoor aubrey k. miller carl marino "
no one killed jessica,2011,"biography crime drama a journalist, who is more of an activist teams up with the sister of a murdered model, as she gets interested in the case and wants to bring justice to her case. raj kumar gupta rani mukerji vidya balan myra karn neil bhoopalam "
gurgaon,2017,crime thriller based on true event this story revolves around kidnapping of preeto which family has come to know from midnight call. the tales revolves as to how they family will be able to track preeto.. shanker raman akshay oberoi pankaj tripathi aamir bashir ragini khanna 
lift,2021,drama horror mystery a usual working day turns unusual for guru and harini when they get trapped in their haunted office. a patterned game unlocks a mystery and a lift is their only way out. vineeth kavin amritha aiyer kiran konda gayathri reddy 
d-day,2013,action thriller a team of experts dispatched to bring in the most wanted man in india almost achieve the unthinkable ... until something goes horribly wrong. nikkhil advani irrfan khan rishi kapoor arjun rampal shruti haasan 
khuda haafiz chapter ii: agni pariksha,2022,"action crime drama sameer and nargis, after overcoming all odds, find a ray of sunshine when little nandini enters their lives and their family is complete; but their happiness is short-lived. in a bizarre twist of fate, nandini goes missing. faruk kabir vidyut jammwal shivaleeka oberoi dibyendu bhattacharya sheeba chaddha "
ui,Unknown, add a plot upendra sunny leone upendra murli sharma p. ravi shankar 
mr. india,1987,"action comedy drama a poor but big-hearted man takes orphans into his home. after discovering his scientist father's invisibility device, he rises to the occasion and fights to save his children and all of india from the clutches of a megalomaniac. shekhar kapur anil kapoor sridevi amrish puri satish kaushik "
the body,2019,"mystery thriller when the body of a powerful businesswoman disappears from the morgue, the inspector in charge hunts for the truth. but when he questions her husband he realizes that there is much more to the case than meets the eye. jeethu joseph emraan hashmi rishi kapoor sobhita dhulipala vedhika "
mukkabaaz,2017,action drama sport a boxer struggles to make his mark in the boxing world. anurag kashyap vineet kumar singh jimmy shergill zoya hussain ravi kishan 
kaagaz ke phool,1959,"drama romance suresh sinha, a famous director, discovers star potential in shanti, a woman he stumbled into one rainy evening, and casts her as the lead in a film. in a twist of fate, shanti becomes a superstar and suresh faces a decline in his career. guru dutt waheeda rehman guru dutt kumari naaz johnny walker "
shahenshah,1988,"action adventure vijay who is a corrupt officer by day, turns a vigilante by night in order to make the city crime free. tinnu anand amitabh bachchan meenakshi sheshadri aruna irani rohini hattangadi "
gali guleiyan,2017,drama thriller the film is a psychological drama about a man who is trapped within the city walls and in his own mind. he attempts to break free to find a human connection. dipesh jain manoj bajpayee ranvir shorey neeraj kabi shahana goswami 
phir hera pheri,2006,"comedy crime baburao, raju and shyam are living happily after having risen from rags to riches. still, money brings the joy of riches and with it the greed to make more money. and so, with a don as an unknowing investor, raju initiates a new game. neeraj vora akshay kumar suniel shetty paresh rawal bipasha basu "
zwigato,2022,"drama a man works as a food delivery rider, grappling with the world of ratings and incentives. to support the income, his homemaker wife begins to explore different work opportunities, with fear but also excitement of a new found independence. nandita das kapil sharma shahana goswami tushar acharya zishan ali "
hindi medium,2017,comedy drama a couple from chandni chowk aspire to give their daughter the best education and thus be a part of and accepted by the elite of delhi. saket chaudhary irrfan khan saba qamar dishita sehgal deepak dobriyal 
1920,2008,"horror mystery romance after forsaking his family and religion, a husband finds his wife is demoniacally possessed. vikram bhatt rajneesh duggal adah sharma anjori alagh raj zutshi "
love aaj kal,2020,"drama romance when professional ambitions clash with personal feelings for a modern-day couple, a love story from a bygone era may offer some wisdom. imtiaz ali kartik aaryan sara ali khan randeep hooda sonu saini "
bheeshma,2020,"action comedy romance bheeshma is a young bachelor who is desperate to find a girlfriend. one day, he meets and falls in love with chaitra, who works for an organics company that coincidentally carries his first name. venky kudumula nithiin rashmika mandanna anant nag jisshu sengupta "
chopsticks,2019,comedy drama a gifted but insecure woman is in for a transformative experience when she enlists an enigmatic con to help recover her stolen car from a mumbai thug. sachin yardi abhay deol mithila palkar vijay raaz achint kaur 
pagglait,2021,"comedy drama widowed soon after marriage, a young woman grapples with an inability to grieve, quirky relatives, and a startling discovery about her late husband. umesh bist sanya malhotra sayani gupta sheeba chaddha ashutosh rana "
heroine,2012,drama a female superstar struggles through the trials and tribulations of being a bollywood actress. madhur bhandarkar kareena kapoor arjun rampal randeep hooda shahana goswami 
shanghai,2012,crime drama mystery prime leader of a campaign against a big government project is killed in what appears to be a road accident. an ias officer is ordered to probe the incident and the veils of falsehood begin to drop. dibakar banerjee abhay deol emraan hashmi kalki koechlin prasenjit chatterjee 
naam shabana,2017,"action drama thriller this spin-off from baby (2015) provides the back-story of intelligence agent shabana, and chronicles how she becomes a spy. shivam nair taapsee pannu akshay kumar manoj bajpayee taher shabbir "
singh is bliing,2015,action comedy romance a lazy youth failing to take up any responsibility is sent to work with his father's friend in goa where he meets a woman who has problems of her own. prabhu deva akshay kumar amy jackson lara dutta kay kay menon 
beautiful,X2020,"drama beautiful is about ""can a man take it , if his woman becomes more successful than him?"" it's not about professional jealousy like abhimaan and aashiqui 2 but it's about male pride it's a ...                see full summary » agasthya manju raknil avro k k binojee erixnil naina ganguly "
filmistaan,2012,"comedy in mumbai, affable bollywood buff and wanna-be-actor sunny, who works as an assistant director, fantasizes on becoming a heart-throb star. however, at every audition he is summarily thrown ...                see full summary » nitin kakkar sharib hashmi inaamulhaq kumud mishra gopal datt "
hum tumhare hain sanam,2002,"comedy drama romance gopal's blissful married life with radha blemishes when radha gets obsessed with the career of her friend, suraj, who is a singer. ripped apart by jealousy, gopal deserts radha. k.s. adiyaman, sanjay singh shah rukh khan madhuri dixit salman khan atul agnihotri "
naseeb,1981,action musical romance a lottery ticket changes the lives of four friends. manmohan desai amitabh bachchan shatrughan sinha rishi kapoor hema malini 
akira,2016,"action thriller a gripping action thriller about a college girl akira, who has grown up with the ideals of being self reliant. her life spirals out of control when she becomes unwittingly involved in a crime involving four corrupt police officers. a.r. murugadoss sonakshi sinha anurag kashyap konkona sen sharma nandu madhav "
sonchiriya,2019,"action crime drama set in the chambal valley, the film follows the story of a legion of dreaded, warring dacoits who once terrorized the indian heartlands. abhishek chaubey sushant singh rajput bhumi pednekar ashutosh rana ranvir shorey "
the other end of the line,2007,comedy drama family an employee at an indian call-center travels to san francisco to be with a guy she falls for over the phone. james dodson jesse metcalfe sara foster anupam kher austin basis 
kesari,2019,"action drama history based on an incredible true story of the battle of saragarhi in which an army of 21 sikhs fought against 10,000 afghans in 1897. anurag singh akshay kumar parineeti chopra suvinder vicky vansh bhardwaj "
jaane bhi do yaaro,1983,"comedy crime drama two friends, attempting to start-up their own photo studio, come across shady dealings, corruption and murder, and must fight to bring the guilty to light. kundan shah naseeruddin shah ravi baswani bhakti barve satish shah "
nympho: the lust story,2020,drama romance thriller nympho is a lust story of a girl called rachael. she is a nymphomaniac. she is a sex addict. she is not a single man woman. kumaar aadarsh natasha majhi mohnish nawani vikhyat swades pooja jangid 
san' 75 (pachattar),2022,"thriller in 1975, india was declared in a state of emergency. this movie tells a story of that year and how the first mobile phone arrived to india. navneet behal pravessh rana kay kay menon kirti kulhari tom alter "
shootout at wadala,2013,"action biography crime based on the true story of the first-ever registered encounter by the mumbai police, which took place on november 1, 1982. sanjay gupta anil kapoor john abraham manoj bajpayee tusshar kapoor "
murder 2,2011,action crime drama an ex-cop is hired by a pimp to find missing call girls and the man responsible behind their abduction. mohit suri emraan hashmi jacqueline fernandez prashant narayanan sulagna panigrahi 
luck by chance,2009,"drama when vikram gets tapped to play the male lead in a bollywood film, he can't believe his luck. but it may ruin his relationship with his girlfriend. zoya akhtar farhan akhtar konkona sen sharma rishi kapoor dimple kapadia "
kaho naa... pyaar hai,2000,action musical romance a young girl meets the doppelganger of her deceased boyfriend and now has a chance to find the people who have murdered him. rakesh roshan hrithik roshan ameesha patel anupam kher dalip tahil 
all the best: fun begins,2009,action comedy drama the unexpected arrival of his elder nri brother and assorted characters complicates the life of a goan male. rohit shetty sanjay dutt ajay devgn fardeen khan bipasha basu 
band baaja baaraat,2010,"comedy drama romance shruti and bittoo become partners in their very own ""wedding planning ka bijness"" in delhi and in the process discover friendship, love and one another. maneesh sharma ranveer singh anushka sharma ranjit batra satender bhardwaj "
baazaar,2018,"crime drama thriller after moving to mumbai, an ambitious young man becomes the stock trader for a notorious businessman. gauravv k. chawla, samuel wilde saif ali khan radhika apte chitrangda singh denzil smith "
miss teacher,2016,"romance rose dey is the new teacher at the university. she is very attractive and is a nymphomaniac. at the university, rose meets tanvesh and an affair begins. jayprakkash shaw kamalika chanda rahul sharma resham thakkar adi irani "
raaz,2002,"drama horror musical sanjana and aditya decide to give their marriage one last chance. they plan a holiday in ooty, but they don't know that a strange figure is waiting for them to come. vikram bhatt dino morea bipasha basu malini sharma ashutosh rana "
nayak: the real hero,2001,"action drama thriller a man accepts a challenge by the chief minister of maharashtra to run the state for one day, and makes such a success of it that soon he is embroiled in political intrigue. s. shankar anil kapoor rani mukerji amrish puri paresh rawal "
race,2008,"action crime drama destiny makes two brothers- ranvir and rajiv - enemies of each other. everything is fair in love and war. abbas alibhai burmawalla, mastan alibhai burmawalla saif ali khan akshaye khanna bipasha basu katrina kaif "
sergeant,2023,"drama thriller sergeant suffers from severe depression after losing a limb on duty. after meeting monica, he gains confidence and vows to reclaim his previous life by solving a critical case. prawaal raman tahirr aashhraf daphne alexander malcolm davies sonia goswami "
khosla ka ghosla!,2006,"comedy crime drama a delhi-based retired middle-class man tries half-heartedly to get his land back from a swindling property dealer with the help of his sons and their friends. dibakar banerjee, pravin e. birje anupam kher boman irani parvin dabas tara sharma "
siya,2022,"crime drama siya, a 17-year-old rape survivor, decides to go against all odds and fight for justice after being held captive and repeatedly abused by a group of powerful men. can she win against the perpetrators? manish mundra stephen alexander rudra pratap singh chaudhary dev chauhan madhvendra jha "
golmaal 3,2010,"action comedy drama in goa, pritam meets his love geeta after many years. they decide to get married but the feud between their respective children creates tension in their marriage. rohit shetty mithun chakraborty ajay devgn kareena kapoor tusshar kapoor "
blackmail,2018,"comedy thriller when dev finds out his wife is cheating on him, he secretly blackmails his wife and her lover as a form of revenge. abhinay deo irrfan khan urmila matondkar divya dutta kirti kulhari "
don,1978,"action crime thriller don, a wanted criminal, dies in a police chase. dsp d'silva is the only one who knows about his death, and to get hold of the gang he trains don-lookalike vijay. but vijay faces danger from the police and from within the gang. chandra barot amitabh bachchan zeenat aman pran sikand iftekhar "
baadshaho,2017,action adventure thriller an indian queen asks her bodyguard to steal back gold taken from her by the indian government during the emergency period in 1975. milan luthria ajay devgn ileana d'cruz emraan hashmi esha gupta 
babli bouncer,2022,"comedy drama a one-of-a-kind story of a female bouncer, the film follows babli bouncer (tamannaah bhatia). it explores the various facets of the profession, which is usually dominated by men. madhur bhandarkar tamannaah bhatia sahil vaid karan singh chhabra abhishek bajaj "
midnight's children,2012,drama a pair of children born within moments of india gaining independence from britain grow up in the country that is nothing like their parents' generation. deepa mehta rajat kapoor vansh bhardwaj anupam kher neha mahajan 
rahasya,2015,"mystery thriller a doctor stands accused of killing his own eighteen-year old daughter. while this aggrieved father protests his innocence, all evidence points towards him irrefutably. while his own wife ...                see full summary » manish gupta kay kay menon ashish vidyarthi tisca chopra mita vashisht "
love-all,2023,"sport it is the story of a father, a son, and a sport connecting their destinies. talent lifts a man towards fame yet destiny had other ideas and challenges to chase passion against all odds. sudhanshu sharma satyakam anand sumit arora raja bundela robin das "
sarfarosh,1999,"action crime drama after his brother is killed and father severely injured by terrorists, a young med student quits his studies to join the indian police service to wipe out the terrorists. john mathew matthan naseeruddin shah aamir khan sonali bendre mukesh rishi "
entertainment,2014,"action comedy drama akhil, an underdog and a failure, comes to know that his real father is a rich diamond merchant who has just passed away. when he goes to retrieve his wealth, he learns that a dog has inherited it. sajid, farhad samji akshay kumar tamannaah bhatia junior krishna abhishek "
kanguva,2024,action drama fantasy add a plot siva suriya disha patani yogi babu bobby deol 
chehre,2021,"drama mystery thriller an 80-year-old man with a penchant for real life games in a story about rights and wrongs. it's a story about the decisions one makes in their lifetime and the fact that every decision has its repercussions, hearing and judgment. rumi jaffery amitabh bachchan emraan hashmi krystle d'souza annu kapoor "
good luck jerry,2022,"comedy crime drama the film is the official remake of tamil movie kolamaavu kokila, which tells the story of an innocent girl who gets pulled into the notorious world of cocaine smuggling. siddharth sen janhvi kapoor jaswant dalal deepak dobriyal mita vashisht "
kaamyaab,2018,"drama sudheer is an actor from the heyday of bollywood. years after his retirement, he realizes that he 'retired' on the verge of accomplishing a unique record. he decides to come out of his retirement to complete the round figure of 500. hardik mehta sanjay mishra deepak dobriyal sarika singh isha talwar "
madhoshi,2004,musical mystery drama anupama looses her sister and her husband in 9/11 twin tower attacks and goes in trauma.three years later she appears to be normal but hasn't come out of the tragedy.her parents want her to...                see full summary » tanveer khan bipasha basu john abraham priyanshu chatterjee prakash bharadwaj 
housefull,2010,"comedy drama romance believing himself to be jinxed, a man attempts to find true love, but instead gets caught in a web of lies. sajid khan akshay kumar deepika padukone riteish deshmukh lara dutta "
mardaani 2,2019,action crime drama a 21-year old boy sunny has a penchant for sexually assaulting and killing girls. he's locked horns with top cop shivani shivaji roy. will she nab him? gopi puthran rani mukerji avneet kaur sunny hinduja shruti bapna 
toolsidas junior,2022,"drama family sport watching his father lose the 1994 club snooker championship, 13-year-old midi takes on the impossible journey to bring his father's name on the winner's board. mridul toolsidas sanjay dutt rajeev kapoor varun buddhadev ankur vikal "
love sonia,2018,"drama inspired by real life events, love sonia is the story of a young girl's journey to rescue her sister from the dangerous world of international sex trafficking. tabrez noorani abhishek bharate riya sisodiya mrunal thakur adil hussain "
hate story 3,2015,drama thriller siya appears to be the bone of contention between warring businessmen aditya and saurav. but this one runs deeper than your average love triangle. vishal pandya sharman joshi karan singh grover zareen khan daisy shah 
looop lapeta,2022,"action comedy crime when her boyfriend loses a mobster's cash, savi races against the clock to save the day if only she can break out of a curious cycle of dead ends. aakash bhatia taapsee pannu tahir raj bhasin dibyendu bhattacharya k.c. shankar "
mumbai saga,2021,action crime the plot of the movie is set in the era of the 80s and 90s which were marked as a transformed period of mumbai. sanjay gupta john abraham emraan hashmi mahesh manjrekar suniel shetty 
pardes,1997,"drama musical romance kishorilal wants an indian bride for his westernised son. he gets him engaged to ganga, his friend's daughter, and brings her to usa. but she shares a deeper bond with arjun, kishorilal's foster son. subhash ghai shah rukh khan mahima chaudhry amrish puri apurva agnihotri "
kaante,2002,action crime drama six bank robbers trying to pull off the perfect heist discover one of them is an undercover cop. sanjay gupta amitabh bachchan sanjay dutt suniel shetty mahesh manjrekar 
the hungry,2017,"drama an adaptation of william shakespeare's titus andronicus set in contemporary new delhi. the hungry is a contemporary retelling of shakespearian tragedy titus andronicus, set in the ...                see full summary » bornila chatterjee naseeruddin shah tisca chopra neeraj kabi antonio aakeel "
kabzaa,2023,"action crime thriller in 1947 a gandhi follower and a freedom fighter were brutally attacked. due to unavoidable circumstances, the freedom fighter son gets trapped in the mafia world and the story revolves between 1942 to 1986. r. chandru, shivu hiremath, soori upendra sudeep shriya saran shivarajkumar "
forensic,2022,crime thriller a female police officer in the small hill town of mussorie and a forensic expert are together on the trail of a serial killer. vishal furia radhika apte vikrant massey prachi desai anant mahadevan 
shootout at lokhandwala,2007,"action crime history an account of the gangster mahindra dolas and his gang, which terrorized mumbai city, and a massive war between mumbai police and gangs during 16 november 1991. apoorva lakhia amitabh bachchan sanjay dutt suniel shetty arbaaz khan "
double xl,2022,comedy drama the journey of two plus-size women rajshree trivedi from meerut and saira khanna from new delhi as they navigate society's beauty standards. satram ramani sonakshi sinha huma qureshi zaheer iqbal mahat raghavendra 
phone bhoot,2022,"comedy horror a ghost reaches out to two bumbling ghostbusters for a business idea. however, their plans go downhill as the eerie ghost reveals her plan. gurmmeet singh katrina kaif ishaan khattar siddhant chaturvedi jackie shroff "
cadaver,2022,crime drama mystery a high profile murder baffles the cops when a prison inmate claims responsibility and promises more deaths. will the police surgeon bhadra crack this mystery? anoop panicker amala paul riythvika panneerselvam munishkanth harish uthaman 
bombay talkies,2013,"drama one hundred years of hindi cinema is celebrated in four short stories showcasing the power of film. zoya akhtar, dibakar banerjee, karan johar, anurag kashyap rani mukerji randeep hooda saqib saleem nawazuddin siddiqui "
almost pyaar with dj mohabbat,2022,"drama musical romance in london, a girl likes a boy, a little too much. and, in a parallel universe exists a boy that likes a girl. the two unrequited love stories, burdened by social status, caste and inequality are breathlessly, heading on towards each other. anurag kashyap alaya f karan mehta vicky kaushal sapna pabbi "
oh! baby,2019,comedy drama fantasy a 70-year-old woman is given a second chance to relive her youth when she turns into a 24-year-old girl. b.v. nandini reddy samantha ruth prabhu lakshmi rajendra prasad teja sajja 
rashmi rocket,2021,"drama sport a small-town girl overcomes all societal barriers to become a national-level athlete, but her glory is hindered when she is asked to undergo a gender test. akarsh khurana taapsee pannu priyanshu painyuli abhishek banerjee supriya pathak "
pyaar kiya to darna kya,1998,"action comedy drama when vishal does not agree of suraj and muskaan's relationship, suraj decides to win vishal's heart for marrying muskaan. sohail khan salman khan kajol arbaaz khan anjala zaveri "
the tashkent files,2019,"drama mystery thriller revolves around the mysterious death of india's 2nd prime minister shri lal bahadur shastri and attempts to uncover if he had actually died a natural death, or, as alleged, was assassinated. vivek agnihotri shweta basu prasad mithun chakraborty naseeruddin shah pankaj tripathi "
mulk,2018,drama one family member tries to help her own family when they are trapped in a dark controversy. anubhav sinha taapsee pannu rishi kapoor neena gupta ashutosh rana 
dabangg 2,2012,action comedy crime chulbul pandey invites a fresh trouble when he kills the brother of a notorious politician and the former swears to wreak havoc in his life. arbaaz khan salman khan sonakshi sinha prakash raj vinod khanna 
romeo akbar walter,2019,"action drama thriller prior to the india-pakistan war of 1971, an indian banker is recruited by the research and analysis wing for a covert operation deep inside pakistan. robbie grewal john abraham mouni roy jackie shroff gyanendra tripathi "
daman,2022,"adventure drama the film is set in 2015. sid, is a young doctor who completed his mbbs has been posted to the cut-off area of malkangiri district odisha having 151 villages & infamous for naxals dominance & no basic facilities. it's a real life tale of perseverance & dedication. lenka debiprasad, vishal mourya karan kandhapan babushan mohanty dipanwit dashmohapatra manaswani takri "
dil bole hadippa!,2009,"comedy drama romance in a village where girls don't play cricket, veera puts on a turban and beard and becomes veer to fulfill her dreams and meets rohan. and fun begins. anurag singh shahid kapoor rani mukerji anupam kher dalip tahil "
buddha in a traffic jam,2016,"crime thriller vikram, a carefree management student, finds himself entangled in web of conspiracy, lies, and deceit when he launches a successful social media campaign to highlight the plight of the poor in india. vivek agnihotri anupam kher anchal dwivedi mahie gill pallavi joshi "
the purvanchal files,2023,action a cop story of revenge and how he tries to purify the police system in purvanchal . swarup ghosh r . siddharth shivani thakur zarina wahab govind namdeo 
800,2023,biography sport biopic of legendary sri lankan cricketer muttiah muralitharan. m.s. sripathy nassar madhur mittal narain mahima nambiar 
blind,2023,"crime drama thriller when a twist of fate leaves gia blind, she must summon every ounce of courage to rebuild her life. but when she becomes the sole witness to a heinous crime, she unwittingly enters a deadly game of cat and mouse with a dangerous criminal. shome makhija sonam kapoor lucy aarden danesh razvi shubham saraf "
love aaj kal,2009,comedy drama romance an old-fashioned romantic tells his personal love story to a modern man who has just broken up with his girlfriend. has love really ever changed? imtiaz ali saif ali khan deepika padukone rishi kapoor rahul khanna 
har dil jo pyar karega...,2000,comedy drama musical raj is a struggling singer with big dreams who is still waiting for his big break. one night he witnesses an accident where a car spins out of control and lands on the tracks of an ...                see full summary » raj kanwar salman khan preity g zinta rani mukerji rajeev verma 
ankhon dekhi,2013,"comedy drama after a distressing incident, a delhi man vows to believe only what he can see, but his new ideals soon take his life in extreme directions. rajat kapoor sanjay mishra seema pahwa rajat kapoor taranjit kaur "
joram,2023,action adventure crime it follows a father who is on the run with his little baby girl to escape the ghosts of his past and the forces that want him dead. devashish makhija mohd. zeeshan ayyub manoj bajpayee tannishtha chatterjee rajshri deshpande 
ardh,2022,"drama romance shiva struggles to become a mainstream actor in mumbai despite being a theatre actor. with the help of his wife madhu, he disguises himself as a transgender and begs for money to survive. palash muchal rajpal naurang yadav rubina dilaik hiten tejwani swastik tiwari "
khoobsurat,2014,comedy romance a hopelessly romantic physiotherapist meets a handsome young rajput prince who is the complete opposite of her and engaged to someone else. shashanka ghosh sonam kapoor fawad khan ratna pathak shah kirron kher 
bachchhan paandey,2022,"action comedy crime when a struggling filmmaker and actor set out to make a biography on one of the most dreaded gangsters, they have little idea about just how crazy and dangerous it's going to be. farhad samji akshay kumar kriti sanon jacqueline fernandez pankaj tripathi "
border,1997,"action drama history in 1971, along the border region of longewala, a small battalion of indian soldiers goes up against a large pakistani strike force. j.p. dutta sunny deol suniel shetty akshaye khanna jackie shroff "
hichki,2018,"comedy drama suffering from tourette syndrome, naina gets assigned a class of defiant students and must ensure that her students realise their potential. malhotra p. siddharth rani mukerji naisha khanna neeraj kabi rohit saraf "
rangoon,2017,"action drama history julia travels to the indo-burma border to perform for the troops during world war ii on the insistence of her lover billimoria, and ends up falling in love with a soldier there, jemadar. vishal bhardwaj kangana ranaut shahid kapoor saif ali khan manav vij "
ujda chaman,2019,comedy chaman kohli is 30 -year-old bachelor with premature balding and in quest of a beautiful wife. chaman hits rock bottom when an astrologer gives him a deadline to find himself a wife or remain a celibate forever. abhishek pathak sunny singh maanvi gagroo karishma sharma gagan arora 
arth,1982,drama romance a film-maker who is having an extra-marital affair with an actress decides to leave his wife. arth is the story of this women's search for her identity. mahesh bhatt shabana azmi kulbhushan kharbanda smita patil raj kiran 
mohra,1994,"action drama thriller a journalist comes to the aid of a murderer with a life sentence when she makes an appeal in court and although he is given his freedom, they soon discover that there is a grim reason behind his release. rajiv rai akshay kumar suniel shetty raveena tandon naseeruddin shah "
untitled soorarai pottru remake,2024,"action drama inspired by real-life events, follows the journey of a man as he sets out to make air travel more accessible and overcomes challenges of the highly capital-intensive aviation industry, with a unwavering determination. sudha kongara akshay kumar radhika madan paresh rawal r. sarathkumar "
dishoom,2016,"action adventure comedy when india's top batsman goes missing in the middle east, two mismatched cops must team up for a 36-hour manhunt before the cricket final. rohit dhawan john abraham varun dhawan jacqueline fernandez akshaye khanna "
aankh micholi,2023,comedy family a family of misfits is trying to hide some secrets from the nri suitor and his family as they want their daughter to get married to a well-to-do nri guy. then a series of comical twists and turns. umesh shukla paresh rawal sharman joshi abhimanyu dasani mrunal thakur 
aashiq banaya aapne: love takes over,2005,"drama romance thriller an introvert is unable to express his feelings to the girl he loves. his friend proposes to her and she accepts, but leaves him when she discovers he is a flirt; however, destiny has other plans. aditya datt emraan hashmi tanushree dutta sonu sood preeti ganguli "
golmaal returns,2008,"comedy crime mystery a man is sandwiched between his over possessive wife and a police inspector, where he is suspected for adultery and murder. rohit shetty ajay devgn kareena kapoor arshad warsi tusshar kapoor "
kaalakaandi,2018,"comedy thriller focusing on life, death and karma, this dark comedy follows three parallel tracks - a man who discovers that he is a terminally ill, a woman seeking redemption and two goons with major trust issues. akshat verma saif ali khan asif basra neil bhoopalam ankit bisht "
hanuman,2005,"animation this animated movie depicts hanuman's life from birth. the narrator is actor mukesh khanna. the movie relays how hanuman was born to anjani a female apsara and kesari, by the blessings of vayu-dev, the wind god. v.g. samant, milind ukey mukesh khanna viraj mona shetty sumeet pathak "
tariq,2023,action drama thriller plot under wraps. arun gopalan john abraham rukmini maitra gajala sujith shanker 
maine pyar kiya,1989,"drama musical romance after suman's father leaves her in the care of another family while he travels abroad, she falls in love with prem. however, in order to for them to marry, prem has to prove to suman's father that he is not the same as his own dad. sooraj r. barjatya salman khan bhagyashree patwardhan alok nath rajeev verma "
court,2014,"drama when an aging activist is arrested, the lives of the accused, the lawyers, and the judge intertwine to reveal bigotry that underscores the judicial system. chaitanya tamhane vira sathidar vivek gomber geetanjali kulkarni pradeep joshi "
chhalaang,2020,comedy drama sport chhalaang is a hilarious yet inspiring journey by montu. hansal mehta rajkummar rao nushrratt bharuccha mohd. zeeshan ayyub saurabh shukla 
street dancer 3d,2020,"drama music two rival dance groups from india and pakistan who are always competing against each other, join forces when it comes to competing at an international dance competition. remo d'souza varun dhawan shraddha kapoor prabhu deva nora fatehi "
jhund,2022,"biography drama sport based on the life of vijay barse, a retired sports teacher who founded an ngo called slum soccer. he managed to rehabilitate street kids by keeping them off drugs and crime by turning them into soccer players and building a whole team. nagraj manjule amitabh bachchan ankush gedam babu kshatriya jerico robert "
u-turn,2018,"crime horror mystery when a flyover in the city becomes the hotbed of accidents, a young reporter decides to investigate the issue. her quest for an answer leads her into a web of intrigue, murder and mystery. pawan kumar samantha ruth prabhu aadhi bhoomika chawla rahul ravindran "
thalaivi,2021,biography drama a biopic on the late tamil nadu chief minister j jayalalithaa. a.l. vijay kangana ranaut arvind swami nassar samuthirakani 
hum saath-saath hain,1999,"drama musical ramkishen and mamta have three sons vivek , prem and vinod and a daughter sangeeta. this family is part of a joint family whose close knit bond is challenged by a misunderstanding. sooraj r. barjatya mohnish behl salman khan saif ali khan tabu "
kedarnath,2018,"drama romance mansoor, a reserved and reticent pithoo, helps pilgrims make an arduous journey upwards to the temple town. his world turns around when he meets the beautiful and rebellious mukku who draws him into a whirlwind of intense love. abhishek kapoor sushant singh rajput sara ali khan nitish bharadwaj alka amin "
raajneeti,2010,"crime drama thriller samar, the son of a political family, has chosen to go to the usa to live with his girlfriend. however, the death of his father makes him put his plans on hold and enter the dirty world of politics. prakash jha ajay devgn ranbir kapoor nana patekar katrina kaif "
mission mangal,2019,"drama history based on true events of the indian space research organisation (isro) successfully launching the mars orbiter mission (mangalyaan), making it the least expensive mission to mars. jagan shakti akshay kumar vidya balan taapsee pannu sonakshi sinha "
maja ma,2022,"comedy drama a rumor about pallavi patel, a quintessential, middle aged, devoted housewife who is famous for her dance and cooking, threatens to disrupt her middle-class family's ethos, on the eve of her son tejas' engagement with a rich, nri girl. anand tiwari madhuri dixit ritwik bhowmik barkha singh gajraj rao "
paa,2009,comedy drama a father tries to help his son cope with a rare condition that causes the young boy to age beyond his years. r. balki amitabh bachchan abhishek bachchan vidya balan paresh rawal 
maachis,1996,"action crime drama a realistic, hard-hitting portrayal of terrorism and youth in the punjab after the 1984 riots. gulzar om puri tabu chandrachur singh kanwaljeet singh "
the intern,V,comedy drama thriller the indian adaptation of the intern (2015). amit ravindernath sharma deepika padukone amitabh bachchan neena gupta 
panipat,2019,"action drama history the great betrayal is a war epic set in 1761, when sadashiv rao bhau peshwa led the maratha army to the north of india to repel the invading forces of ahmad shah abdali, the king of afghanistan. ashutosh gowariker arjun kapoor sanjay dutt kriti sanon mohnish behl "
one 2 ka 4,2001,"action crime drama when a cop's partner is killed in the line of duty, he assumed guardianship of his orphaned children while investigating the murder. shashilal k. nair shah rukh khan jackie shroff juhi chawla nirmal pandey "
titli,2014,"action crime drama titli, the youngest member of a car-jacking brotherhood wants to escape the family business. he and his wife form a pact to set free from their family roots. but is escape possible? kanu behl shashank arora ranvir shorey shivani raghuvanshi amit sial "
monsoon shootout,2013,"action crime drama as heavy rains lash mumbai, a cop on his first assignment faces a life altering decision when he must decide whether to shoot a suspect or not. amit kumar vijay varma nawazuddin siddiqui neeraj kabi geetanjali thapa "
jolly llb,2013,"comedy crime drama wanting to earn fame and fortune, a small time lawyer files a pil for an infamous hit-and-run, and thus learns what it really is like to be a lawyer. subhash kapoor arshad warsi amrita rao boman irani saurabh shukla "
kaal,2005,"adventure horror mystery a tiger expert, his wife, two tourists and a village chief engage in a battle for survival against supernatural beasts within jim corbett national wildlife park. soham shah ajay devgn vivek oberoi john abraham lara dutta "
hum aapke hain koun..!,1994,"comedy drama musical prem and nisha meet and fall in love at the wedding of their elder siblings, but their plans to be together are put in jeopardy when nisha's sister dies, leaving behind a baby. sooraj r. barjatya madhuri dixit salman khan mohnish behl renuka shahane "
kadvi hawa,2017,"drama story of a farmer and a bank recovery agent, whose lives are impacted by climate change. both are willing to go to any length for the sake of their family. what does fate have in store for them? nila madhab panda sanjay mishra ranvir shorey tillotama shome bhupesh singh "
daddy,2017,"action biography crime spanning the 1970s and 1980s, this is the sensational true story of arun gawli, who grew up in mumbai's impoverished dagdi chawl, to become a dreaded don, politician, and rival of india's most powerful crime boss, dawood ibrahim. ashim ahluwalia arjun rampal aishwarya rajesh nishikant kamat rajesh shringarpure "
36 china town,2006,"comedy mystery thriller a wealthy casino owner is murdered in her mansion at 36, china town and the investigating detective uncovers multiple suspects, all with independent motives to commit the crime. abbas alibhai burmawalla, mastan alibhai burmawalla akshaye khanna shahid kapoor kareena kapoor paresh rawal "
shool,1999,"action crime drama a tale of an honest cop set against the backdrop of the brutal, lawless system prevailing in the indian state of bihar, and the endless suffering he tolerates before all hell breaks loose. eeshwar nivas manoj bajpayee raveena tandon sayaji shinde yashpal sharma "
dharam sankat mein,2015,"comedy at the age of 55, a hindu man discovers that he was born muslim and adopted by a hindu family. fuwad khan naseeruddin shah paresh rawal annu kapoor gagan gupta "
class of 83,2020,action crime drama the story of an upright policeman-turned-trainer whose wards deal with various complexities. atul sabharwal bobby deol anup soni joy sengupta hitesh bhojraj 
sheran di kaum punjabi,2024,action adventure drama add a plot gippy grewal sanjay dutt gippy grewal harpreet kaler ravi dehru 
brothers,2015,"action drama sport after living many years together, two brothers discover that they are not blood related so square off in a mixed martial arts tournament to determine whose blood is stronger. karan malhotra akshay kumar sidharth malhotra jackie shroff jacqueline fernandez "
deewangee,2002,crime drama mystery a lawyer tried to defend a person accused of murder who is diagnosed with split personality disorder. anees bazmee ajay devgn akshaye khanna urmila matondkar farida jalal 
madaari,2016,"drama thriller when nirmal loses his family in a disaster caused by government corruption, he embarks on a journey seeking accountability and revenge. nishikant kamat irrfan khan jimmy shergill vishesh bansal tushar dalvi "
bawarchi,1972,comedy musical drama a dysfunctional middle-class family is transformed due to the influence of their new multi-talented household servant - but he might be too good to be true. hrishikesh mukherjee rajesh khanna jaya bachchan usha kiran harindranath chattopadhyay 
breakaway,2011,comedy drama sport an ethnic canadian hockey player struggles against traditional family values and discrimination from mainstream hockey players. robert lieberman vinay virmani camilla belle russell peters rob lowe 
mughal-e-azam,1960,drama romance war a 16th century prince falls in love with a court dancer and battles with his emperor father. k. asif prithviraj kapoor madhubala dilip kumar durga khote 
a gentleman,2017,"action comedy gaurav, a simple hard working guy for a white collar job visits mumbai for a meeting where his doppelganger is about to bring chaos in his life. krishna d.k., raj nidimoru sidharth malhotra jacqueline fernandez darshan kumaar hussain dalal "
rock on!!,2008,drama music four friends reunite to relive their moments of glory as a rock band. abhishek kapoor arjun rampal farhan akhtar luke kenny purab kohli 
evil eye,2020,"horror mystery thriller a superstitious mother is convinced that her daughter's new boyfriend is the reincarnation of a man who tried to kill her 30 years ago. elan dassani, rajeev dassani sarita choudhury sunita mani bernard white omar maskati "
margarita with a straw,2014,"drama a rebellious young woman with cerebral palsy leaves her home in india to study in new york, unexpectedly falls in love, and embarks on an exhilarating journey of self-discovery. shonali bose, nilesh maniyar kalki koechlin revathi sayani gupta hussain dalal "
rakshak india's braves,2023,"action biography the bravery of lieutenant triveni singh, a young soldier who gave his own life to protect over 300 people who were caught in the cross firing at the jammu railway station in a terrorist attack in 2004. akshay choubey aayat jatin ahuja ravi aneja sanju banerjee "
the diplomat,2024,"drama thriller based on a story of an indian diplomat who tries to repatriate an indian girl from pakistan, where she was presumably forced and deceived into marrying against her will. shivam nair kumud mishra sharib hashmi amitoj mann john abraham "
koyla,1997,"action drama musical a village girl agrees to a marriage to a king she has never met after he sends her a photograph of himself. but the man in the photograph is not the king but his most loyal slave, the handsome but mute shankar. rakesh roshan shah rukh khan madhuri dixit amrish puri ranjeet bedi "
trimurti,1995,"action drama after being framed, a policewoman languishing in prison hopes that her three sons will deliver justice and restore her honor. mukul anand jackie shroff anil kapoor shah rukh khan priya tendulkar "
thappad,2020,drama thappad is a story of amrita whose seemingly perfect life is shattered when her husband slaps her once in a party. but is one slap enough to question what a relationship stands for? anubhav sinha taapsee pannu pavail gulati kumud mishra ratna pathak shah 
joker,2012,"comedy family sci-fi a space scientist working on a project to communicate with aliens visits a village called paglapur. to improve the plight of the inhabitants of paglapur, he comes up with a novel idea. shirish kunder akshay kumar sonakshi sinha shreyas talpade minissha lamba "
nazar andaaz,2022,"comedy drama sudhir, blind by birth, lives alone with his housemaid bhavani. while bhavani is out, he takes in ali to help around the house. both bhavani and ali grow envious of each other. nazar andaaz is a comedic yet heartfelt story of these three. vikrant deshmukh abhishek banerjee divya dutta namrata kapoor kumud mishra "
gulabo sitabo,2020,"comedy drama two scheming men get caught up in a game of one upmanship, each one attracting other members to their clan and each one with an agenda of his own. shoojit sircar, kuran dhillon amitabh bachchan ayushmann khurrana vijay raaz brijendra kala "
phobia,2016,"drama mystery thriller an agoraphobic young woman, traumatized by past events, finds herself trapped and terrorized in her own home. pavan kirpalani radhika apte amrita bagchi nivedita bhattacharya yashaswini dayama "
b.a. pass 2,2017,"drama b. a. pass 2 is the story of a young girl, who, in order to achieve her goals and to avoid marriage, makes a few wrong decisions and adopts ill habits that eventually ruin her life. shadab khan, shadab khan kritika sachdeva satiiysh saarathy sasho sanghmitra hitaishi indraneil sengupta "
commando,2013,"action adventure thriller karan, a disavowed indian commando, helps protect a woman from a local thug who is hellbent on forcing her to marry him. dilip ghosh vidyut jammwal hsieh chang hai nelson liao sheng hua ishita vyas "
khal nayak,1993,action adventure crime a prison guard goes undercover as a dancer to try and recapture an escaped criminal and restore her police inspector boyfriend's reputation. subhash ghai sanjay dutt madhuri dixit jackie shroff rakhee gulzar 
dhan dhana dhan goal,2007,"drama sport thriller jaidev and kavita bhasin live a middle-classed lifestyle in southall, england, along with their son, sunny. during the mid-80s jaidev was a huge fan of the all-asian southall football club,...                see full summary » vivek agnihotri john abraham arshad warsi bipasha basu boman irani "
chocolate: deep dark secrets,2005,crime drama mystery five indians living in london find themselves thrown together when two of them are implicated for a bomb blast. an indian lawyer enters the scene to bail them out of their predicament. vivek agnihotri anil kapoor suniel shetty arshad warsi emraan hashmi 
dolly kitty aur woh chamakte sitare,2019,"comedy drama a disillusioned delhi wife and her new-in-town cousin navigate damning secrets, dreams and their thorny dynamic on their respective roads to freedom. alankrita shrivastava konkona sen sharma bhumi pednekar amol parashar kubbra sait "
badrinath ki dulhania,2017,comedy drama romance badrinath is looking for a typical bride; vaidehi is looking for an independent life. together they must break with tradition and redefine their role. shashank khaitan varun dhawan alia bhatt sahil vaid swanand kirkire 
dial 100,2021,"action thriller one night, while working at the mumbai police emergency call centre, police officer nikhil sood gets a call from a hysterical woman who wants to commit suicide. even as he tries to save her...                see full summary » renzil d'silva manoj bajpayee neena gupta sakshi tanwar nandu madhav "
yalgaar,1992,action drama thriller childhood friends became enemies when one mahendra ashwini kumar grows up to be additional police commissioner and the other raj pratap singhal becomes a smuggler. mahendra have two sons ...                see full summary » feroz khan feroz khan sanjay dutt kabir bedi manisha koirala 
kaun pravin tambe?,2022,"biography drama sport an indian cricketer who shows persistence and hardwork to achieve his ultimate goal of playing a ranji trophy. at the penultimate stage of the career at a age when it is believed people's career ends, he starts a new chapter of his life. jayprad desai shreyas talpade gaurav kamble arif zakaria asif ali "
toofaan,2021,action drama sport the story of a boxer and the struggles he faces on his journey to get to the national level competition. rakeysh omprakash mehra farhan akhtar mrunal thakur paresh rawal mohan agashe 
besharam,2013,action comedy romance a car thief falls in love with a woman whose car he has stolen. abhinav kashyap ranbir kapoor pallavi sharda rishi kapoor neetu singh 
india's most wanted,2019,action adventure thriller a group of intelligence officers embark on a top secret mission to track down a wanted international criminal. raj kumar gupta arjun kapoor sudev nair preet bhullar rajesh sharma 
do bigha zamin,1953,"drama in the hope of earning enough money to pay off his debts and save his land, a poor farmer becomes a rickshaw puller in calcutta and faces many difficulties. bimal roy balraj sahni nirupa roy ratan kumar murad "
aamir,2008,action crime drama a doctor of indian origin returning to mumbai from london is forced to participate in a terrorist plot. raj kumar gupta rajeev khandelwal mukesh agrohari supavitra babul vasan bala 
raju ban gaya gentleman,1992,"comedy musical romance raju comes to bombay chasing his dreams, but keeps losing out on opportunities. his love, renu helps him find a job. success goes to his head until one day a tragic accident destroys his reputation. aziz mirza shah rukh khan juhi chawla nana patekar amrita singh "
titu ambani,2023,"drama titu.. his aspirations and dreams are far from his actions, he dreams with open eyes, and finds the shortest way to achieve his dreams. despite despite his debt-ridden life, if you ask him,...                see full summary » rohit raj goyal tushar pandey deepika singh raghubir yadav sapna sand "
judgementall hai kya,2019,comedy drama mystery following the story of two quirky individuals whose lives pivot between reality and illusions. prakash kovelamudi kangana ranaut rajkummar rao amyra dastur amrita puri 
saudagar,1973,drama family a calculative man schemes to deceit a poor but young widow for his personal monetary gains. sudhendu roy amitabh bachchan nutan trilok kapoor padma khanna 
khiladi 786,2012,"action comedy romance a father who runs a marriage bureau believes that his son is a failure in life. in order to prove him wrong, his son takes on the task of finding a match for a gangster's sister. ashish r. mohan akshay kumar asin thottumkal mithun chakraborty raj babbar "
hurdang,2022,"drama romance back in 1990s, an aspiring ias starts a rebellion against the caste-based reservation. nikhil nagesh bhat, vishal chaturvedi sunny kaushal nushrratt bharuccha vijay varma viraj kapoor "
plan a plan b,2022,"comedy romance follows a matchmaker who believes marriage is for everyone except herself, and a successful divorce lawyer with a secret, who cross paths, and explores if opposites coexist or attract. shashanka ghosh riteish deshmukh tamannaah bhatia poonam dhillon kusha kapila "
pari,2018,"fantasy horror mystery arnab tries to help ruksahana, who is found under mysterious circumstances in a house. he lets her stay at his home until he discovers something strange about her. prosit roy anushka sharma parambrata chattopadhyay rajat kapoor ritabhari chakraborty "
thank you,2011,comedy three wives engage the services of a private investigator after they suspect their respective husbands of infidelity. anees bazmee akshay kumar sonam kapoor bobby deol irrfan khan 
firrkie,2023,thriller add a plot ashok k mishra jackie shroff neil nitin mukesh kay kay menon karan singh grover 
1920: evil returns,2012,"drama horror romance a famous poet, jaidev, meets a woman who has lost her memories. he brings her to his house and tries to help her, but things take an ugly turn when she gets possessed by an evil spirit. bhushan patel aftab shivdasani tia bajpai sharad kelkar vidya malvade "
bol bachchan,2012,"action comedy all hell breaks loose when a muslim man breaks a temple lock to save a little child, thus for his safety keeps a hindu name, where he starts making web of lies. rohit shetty amitabh bachchan ajay devgn abhishek bachchan asin thottumkal "
hisss,2010,comedy drama horror based on the far eastern myth of the snake woman who is able to take on human form. jennifer lynch mallika sherawat irrfan khan jeff doucette divya dutta 
guthlee ladoo,2023,"drama guthlee, son of a poor sweeper, has a dream - to go to school. but the obstacle is his caste. a headmaster is sympathetic to him but powerless against caste discrimination. when they develop an unspoken bond, guthlee's dream sees hope. ishrat r. khan sanjay mishra subrat dutta kalyanee mulay kanchan pagare "
haan maine bhi pyaar kiya,2002,drama musical romance shiv (abhishek bachchan) and pooja (karisma kapoor) are happily married to each other but sometimes can get into the most petty arguments coming from the way they approach life. shiv takes ...                see full summary » dharmesh darshan akshay kumar karisma kapoor abhishek bachchan kader khan 
soldier,1998,"action drama musical the story follows a young man (bobby deol) who flees india and arrives in australia seeking vengence for something that started in india. in australia he meets and falls in love with the daughter of a rich and powerful man(suresh oberoi). the story keeps the covers on bobby deols plan until the end when everything is revealed as to why he is a soldier. abbas alibhai burmawalla, mastan alibhai burmawalla bobby deol preity g zinta rakhee gulzar farida jalal "
phool aur patthar,1966,action drama romance a criminal young man decides to reform himself for a left away widowed woman. but their relationship faces challenges. o.p. ralhan meena kumari dharmendra shashikala jawalkar lalita pawar 
the xpose,2014,"drama mystery romance this is a dramatic chain of events in the most glamorous ,swinging era of hindi films... the 1960s. it was a decade when film stars tasted success and carried their larger than life screen ...                see full summary » anant mahadevan himesh reshammiya yo yo honey singh irrfan khan zoya afroz "
aashiq,2001,"action drama romance pooja and chander connect over the telephone and fall in love when they finally meet. however, since pooja's alcoholic father would never approve, she decides to run away from her house. indra kumar bobby deol karisma kapoor rahul dev dinesh hingoo "
pal pal dil ke paas,2019,"action drama romance when video blogger saher sethi embarks on a tedious trek with mountaineer karan sehgal, sparks are bound to fly. but will their love story blossom despite the odds? sunny deol sahher bambba kallirroi tziafeta swarit sur suresh sur "
kyaa super kool hain hum,2012,comedy adi and sid want to make big but always run out of luck and series of confusion start taking place when they reach goa. sachin yardi riteish deshmukh tusshar kapoor neha sharma sarah jane dias 
rocket singh: salesman of the year,2009,"comedy drama a story of a fresh graduate trying to find a balance between the maddening demands of the 'professional' way, and the way of his heart. shimit amin ranbir kapoor prem chopra mukesh s. bhatt d. santosh "
gandharva jr.,Unknown,"drama fantasy the untold story of gandharva warriors who fought alongside gods. the story goes that since they have never made it to the holy books, the warriors haven't got their due credit. vishnu aravind unni mukundan "
tere bin laden,2010,"comedy drama a reporter casts a fake bin laden to act in his video message to america, so he can immigrate there. abhishek sharma ali zafar pradhuman singh piyush mishra nikhil ratnaparkhi "
the underbug,2023,"horror as india is ravaged by sectarian violence on the eve of its independence day, two rioters take refuge in an abandoned house. an eerie presence in the house, however, haunts the men to the edge of sanity. shujaat saudagar hussain dalal areenah fatima ali fazal "
bandit queen,1994,action biography crime the story of the bandit queen phoolan devi who was sent to prison in 1983 and got free in 1994. shekhar kapur seema biswas nirmal pandey rajesh vivek raghubir yadav 
maidaan,Unknown,"biography drama history inspired by the indian national football team coach and manager syed abdul rahim, who is regarded as the architect of indian football. amit ravindernath sharma ajay devgn priyamani gajraj rao bhavesh lohar "
blue,2009,"action adventure mystery a group of people, facing a lot of challenges, decide to hunt down lost treasure en route to india. anthony d'souza akshay kumar sanjay dutt lara dutta zayed khan "
chameli,2003,"drama on a rainy night, when an investment banker's car breaks down in the red light district, he takes shelter where he meets and later befriends a prostitute. sudhir mishra kareena kapoor rahul bose rinke khanna yashpal sharma "
khushi,2003,"action comedy drama karan and khushi fall in love, but her conservative family balks at accepting karan's modern ideas. s.j. suryah, sunil kumar agrawal fardeen khan kareena kapoor amrish puri amitabh bachchan "
mausam,2011,"drama romance war a war, religious conflicts, and misunderstandings create obstacles for a couple of different faiths. pankaj kapur shahid kapoor sonam kapoor anupam kher supriya pathak "
fiza,2000,crime drama romance in 1993 fiza's brother aman disappears during the riots in mumbai. in 1999 fiza is tired of waiting and goes looking for him. khalid mohamed karisma kapoor hrithik roshan jaya bachchan shabana raza 
mother india,1957,"action comedy drama in this melodrama, a poverty-stricken woman raises her sons through many trials and tribulations. but no matter the struggles, she always sticks to her own moral code. mehboob khan nargis sunil dutt rajendra kumar tuli raaj kumar "
hungama,2003,"comedy drama romance the story of a bunch of misfits whose misconception about each others backgrounds end up in a series of chaotic, yet comic outcomes. priyadarshan akshaye khanna aftab shivdasani rimi sen paresh rawal "
yeh saali zindagi,2011,crime drama thriller gangsters kidnap the prospective son-in-law of a politician in order to secure the release of an imprisoned gang-member. sudhir mishra irrfan khan chitrangda singh arunoday singh aditi rao hydari 
mr. & mrs. '55,1955,comedy musical romance a young woman must be married to claim her inheritance; her misandrist aunt uses the newly-passed 1955 divorce bill to find her a temporary husband. guru dutt madhubala guru dutt lalita pawar johnny walker 
waqt,1965,"drama romance members of a family are separated in a natural disaster. several years down the line, they aren't united but their lives are strangely interconnected. yash chopra sunil dutt sadhana shivdasani raaj kumar shashi kapoor "
raabta,2017,"action drama fantasy an inseparable couple saira and shiva find themselves in a complicated situation when a stranger claims to be her reincarnated lover from their previous lifetime, hellbent on destroying their relationship and winning her back. dinesh vijan deepika padukone kriti sanon rajkummar rao sushant singh rajput "
untitled shahid kapoor/kriti sanon film,2023,"drama romance in a futuristic world, a bumbling young man meets the girl of his dreams. as he navigates his way through a series of comical mishaps and dangerous situations, he must win her heart facing an evil companion. amit joshi, aradhana sah shahid kapoor kriti sanon dharmendra dimple kapadia "
neerja,2016,"biography drama thriller the story of courageous neerja bhanot, who sacrificed her life while protecting the lives of 359 passengers on pan am flight 73 in 1986 when it was hijacked by a terrorist organization. ram madhvani sonam kapoor shabana azmi yogendra tikku abrar zahoor "
qayamat: city under threat,2003,"action drama romance cbi officer akram seeks to nab three terrorists, ali, abbas and laila, who have held 213 tourists as hostage in elphinstone jail. for this, he seeks help from rachit, a former associate of the trio. harry baweja ajay devgn suniel shetty sanjay kapoor arbaaz khan "
raju chacha,2000,action comedy drama raju is hired to pose as uncle to three orphaned kids in order to usurp their inheritance. but he changes his mind after falling in love with their governess and decides to fight the greedy relatives. anil devgan kajol ajay devgn rishi kapoor tiku talsania 
gupt: the hidden truth,1997,"action crime mystery governor jaisingh sinha is murdered and the needle of suspicion points towards his estranged son, sahil sinha who must prove his innocence. rajiv rai bobby deol manisha koirala kajol prem chopra "
vivah,2006,"drama musical romance poonam, a traditionally brought-up young woman, is to marry prem, a groom chosen by her uncle. poonam and prem's faith and love are to be tested however, when an accident occurs and poonam might be scarred for life. sooraj r. barjatya shahid kapoor amrita rao anupam kher alok nath "
bhoot police,2021,comedy horror two brothers whose job is to hunt and eradicate ghosts for money is assigned a project in a remote village pavan kirpalani saif ali khan arjun kapoor jacqueline fernandez yami gautam 
operation romeo,2022,drama mystery the film features the fears and stresses that youthful couples all over the nation experience because of the danger presented by moral policing. shashant shah sidhant gupta vedika pinto sharad kelkar kishore kadam 
1942: a love story,1994,"action drama history a young indian couple, both from wealthy backgrounds, find themselves caught up in the 1940's indian revolutionary movement against their families whom are under the thumb a sadistic british general. vidhu vinod chopra anil kapoor jackie shroff manisha koirala anupam kher "
aksar 2,2017,crime drama mystery a husband's plan to break up his marriage so that he can be with another woman backfires with unexpected consequences. anant mahadevan zareen khan gautam rode lillete dubey mukesh hariawala 
duniya,1984,"action drama framed for a crime he didn't commit, mohan kumar loses his wife, son, and freedom, then he emerges from prison vowing revenge. ramesh talwar ashok kumar dilip kumar rishi kapoor amrita singh "
ferrari ki sawaari,2012,comedy drama family how the pursuit of an indian cricket legend's ferrari makes a young boy's dreams of playing cricket at lords a reality. rajesh mapuskar sharman joshi boman irani ritvik sahore paresh rawal 
mr lele,Unknown,comedy a marathi nri takes ecstasy at a night club and in 48 hours he ends up in jail. shashank khaitan kiara advani vicky kaushal bhumi pednekar abhishek banerjee 
untitled,2024,"action in the dark underbelly of the city, bloodshed bhai, a feared and ruthless gangster, rises to power, leaving a trail of violence and chaos in his wake. as law enforcement agencies close in on him, bloodshed bhai must navigate obstacles. vishnuvardhan kiara advani nikitin dheer anupam kher suchitra krishnamoorthi "
shah behram,1955,fantasy add a plot vishnuvardhan kiara advani nikitin dheer anupam kher suchitra krishnamoorthi 
ok jaanu,2017,"drama romance adi and tara move to mumbai to pursue their dreams. a chance meeting sparks off a heady, no strings attached romance until their careers pull them apart. will ambition prevail over matters of the heart? shaad ali aditya roy kapoor shraddha kapoor naseeruddin shah nikita grover "
ki & ka,2016,"comedy romance follows a young, married couple whose relationship challenges the gender roles placed upon women and men in indian society. r. balki amitabh bachchan kareena kapoor jaya bachchan arjun kapoor "
shree 420,1955,"comedy crime drama when a young man from a small town decides to make it big in a city, he faces several challenges. raj kapoor nargis raj kapoor nadira nemo "
102 not out,2018,"comedy drama 102 not out is a 2018 comedy-drama film, with legendary actor amitabh bachchan playing a 102-year-old wanting to break the oldest-man-alive record. another bollywood legend rishi kapoor plays his sad and grumpy 75-year-old son. umesh shukla amitabh bachchan rishi kapoor vijay raaz ashok pathak "
matrubhoomi: a nation without women,2003,drama a disturbing saga about male chauvinism and mistreatment of women in india. manish jha tulip joshi sudhir pandey sushant singh pankaj jha 
ginny weds sunny,2020,"comedy drama romance the film follows headstrong ginny who meets sunny for an arranged marriage, but turns him down, and then shows how sunny teams up with ginny's mother to win her love. puneet khanna yami gautam vikrant massey ayesha raza mishra rajiv gupta "
woh kaun thi?,1964,"drama mystery romance one stormy night, a doctor offers a ride to a ghostly woman he meets on the side of the road. later, he discovers his intended bride is identical in appearance to the ghost. who was she and why does she haunt him? raj khosla sadhana shivdasani manoj kumar parveen choudhary k.n. singh "
action replayy,2010,comedy romance sci-fi a young man tries to revive his parents' wilting marriage by traveling to the 1970s when their romance was budding and make it bloom: something more complex than he expects. vipul amrutlal shah akshay kumar aishwarya rai bachchan aditya roy kapoor om puri 
yodha,1991,"action drama karan (sunny deol) a lawyer crusades for truth, fairness and justice, is the son of chandrakant (shafi inamdar) a journalist who uses his journalistic expertise to expose and unmask justice...                see full summary » rahul rawail sunny deol sanjay dutt sangeeta bijlani paresh rawal "
khatta meetha,2010,"comedy crime drama a seemingly corrupt petty contractor faces challenges from the local municipality, his family, his employees, as well as a former girlfriend and her family. priyadarshan akshay kumar trisha krishnan kulbhushan kharbanda aruna irani "
shakti,1982,action crime drama a scrupulously honest cop refuses kidnappers' demands at grave risk to the life of his son. the son is rescued but lives forever scarred by his father's willingness to sacrifice his own son...                see full summary » ramesh sippy dilip kumar amitabh bachchan rakhee gulzar smita patil 
dushmani: a violent love story,1995,"action drama romance in order to settle personal scores; two gang leaders, jai singh and oberoi fight for many years in gang-wars. there enmity multiplies when jai's younger brother, suraj falls in love with ...                see full summary » sanjay khanna, karan razdan, bunty soorma, shekhar kapur sunny deol jackie shroff manisha koirala deepti naval "
humraaz,2002,"romance thriller when a businessman learns that his wife married him only for money, he hatches a plan with her ex-lover to kill her. abbas alibhai burmawalla, mastan alibhai burmawalla bobby deol akshaye khanna ameesha patel johny lever "
jhankaar beats,2003,"comedy music romance this is a story about love, friendship and music. two copywriter brothers have lost in pop music contest called jhankaar beats for the last two years. they take the help of an apprentice to compete in a music contest. sujoy ghosh sanjay suri rahul bose juhi chawla rinke khanna "
khiladi,1992,"action musical mystery two friends wage bets for money and fun. there comes a time where they race to win the biggest bet, for they know that their lives depend on it. abbas alibhai burmawalla, mastan alibhai burmawalla akshay kumar ayesha jhulka deepak tijori sabeeha "
baiju bawra,Unknown,drama sanjay leela bhansali's first full-fledged musical. this is a story revolving around two singers. sanjay leela bhansali alia bhatt ranveer singh 
sahib bibi aur ghulam,1962,"drama musical a lowly servant, bhootnath gets close to the wife of his employer and narrates her story through his eyes and perspective. abrar alvi meena kumari guru dutt rehman khan waheeda rehman "
tezaab,1988,action drama romance from a very early age mahesh deshmukh has dreams of serving his country; his encouragement and dreams multiplies when his parents are killed by a gang of robbers who plan to loot the bank ...                see full summary » n. chandra anil kapoor madhuri dixit anupam kher chunky pandey 
yamini,2002,crime drama thriller a bereft woman plans to take revenge against the murderer of her beloved. u.c. roshan shakeela heera usman gandhi 
bangistan,2015,"comedy drama two blundering terrorists with lofty ideologies, but ordinary talent, are on a mission to change the world. karan anshuman jacqueline fernandez michalina olszanska pulkit samrat riteish deshmukh "
hawa,2003,drama horror thriller sanjana lives in a big city along with her husband and two daughters. but things are not quite rosy as the couple faces a disastrous situation in there life which leads to divorce. sanjana ...                see full summary » guddu dhanoa tabu shahbaaz khan mukesh tiwari imran khan 
zubeidaa,2001,"biography drama history zubeidaa, an aspiring muslim actress, marries a sikh prince to become his second wife. her tumultuous relationship with her husband, and her inner demons lead her to a decision which has fatal consequences for them all. shyam benegal karisma kapoor rekha manoj bajpayee rajit kapoor "
singh saab the great,2013,action drama a tax collector willing to reform the society with the thought of change instead of revenge tries to control himself while attempting to teach a lesson to the man responsible behind his wife's death. anil sharma sunny deol urvashi rautela prakash raj amrita rao 
garbage,2018,drama thriller the lives of a fundamentalist online troll and a woman reeling from a sex tape gone viral become dangerously intertwined in this provocative thriller. qaushiq mukherjee tanmay dhanania trimala adhikari satarupa das gitanjali dang 
jai maa vaishno devi,1994,"drama a childless couple, are devotees of maa vaishno devi.when demon destroys a ritual organised by them, the goddess slays the demon and blesses the couple. shatilal soni rakesh bedi gajendra chauhan devidas chippa arun govil "
koochie koochie hota hai,2021,"animation family musical the film is an animated take on kuch kuch hota hai, and it marks the 20 year anniversary of its release. tarun mansukhani shah rukh khan kajol rani mukerji sanjay dutt "
one two three,2008,"comedy crime three strangers with the same name, laxminarayan, travel to pondi with their tasks. chaos ensues when they are mistaken for each other as they stay in the same hotel. ashwani dhir tusshar kapoor suniel shetty paresh rawal esha deol "
raaz: the mystery continues,2009,horror mystery romance an artist comes to realize that the woman he has been been painting is real and is being haunted by a ghost. mohit suri kangana ranaut adhyayan suman emraan hashmi vicky ahuja 
"lsd: love, sex aur dhokha",2010,"comedy crime drama a video camcorder, a store security camera, and concealed cameras candidly expose lives in three loosely-linked tales. dibakar banerjee nushrratt bharuccha anshuman jha neha chauhan rajkummar rao "
love hostel,2022,"action crime romance set against the pulsating backdrop of rustic north india, love hostel traces the volatile journey of a spirited young couple, being hunted by a ruthless mercenary. shanker raman bobby deol vikrant massey sanya malhotra raj arjun "
gunday,2014,"action drama musical the lives of calcutta's most powerful gunday, bikram and bala, changes when nandita enters it. then a counter-force takes charge and a thriller unfolds. ali abbas zafar ranveer singh arjun kapoor priyanka chopra jonas irrfan khan "
michael,2023,action crime drama the gang fighting over places. a youngster decides to gain control of the area. can he complete his dream of ruling over the place? ranjit jeyakodi sundeep kishan vijay sethupathi divyansha kaushik varalaxmi sarathkumar 
behen hogi teri,2017,"comedy a jobless youngster has to fight with criminal rivals who come to snatch away his neighborhood lady love as a bride and also his family which seems not to take note of his feelings towards the girl next door. ajay pannalal, arvind singh rajpoot rajkummar rao shruti haasan gautam gulati darshan jariwala "
pogaru,2021,"action shiva, a local ruffian is unstoppable in his path as he had garnered the support and affection of the general public by fighting against the injustice that comes their way. nanda kishore dhruva sarja rashmika mandanna sampath raj chikkanna "
motu patlu kung fu kings returns,2021,animation add a plot suhas kadav mahendra bhatnagar ganesh aditya jaiswal vinod kulkarni 
sorry karma returns,2022,"crime mystery thriller a group of youngsters led by pk, the son of a political heavyweight are on a journey to their resort and the karma returns in various forms through all the sins they have committed in the past. will the karma triumph over the tyranny ? brahmanand reddy ragini dwivedi arjun sharma m.d. afzal harshitha kallingal "
mary kom,2014,"action biography drama a chronicle of the life of indian boxer mary kom, who went through several hardships before audaciously accomplishing her ultimate dream. omung kumar priyanka chopra jonas sunil thapa robin das rajni basumatary "
force 2,2016,action adventure thriller acp yashvardhan teams up with raw agent kk to bring down the mole within raw. abhinay deo john abraham sonakshi sinha tahir raj bhasin adil hussain 
aar ya paar,1997,"thriller shekhar is an opportunist. he marries veena, a multi-millionaire, while continuing his affair with her secretary, anu. when veena gets to know, she threatens him with dire consequences. ...                see full summary » ketan mehta jackie shroff deepa sahi ritu shivpuri kamal sidhu "
loveyatri,2018,"comedy drama music sushrut, a garba teacher, who falls in love with nri girl michelle when she visits town during festival abhiraj minawala sammy jonas heaney aayush sharma warina hussain caroline wilde "
dharam veer,1977,action adventure comedy movie revolves around two brothers who are separated during birth but meet as adults and form a deep friendship. also about the challenges that test their friendship. manmohan desai dharmendra zeenat aman jeetendra neetu singh 
mujrim,1989,"action crime jailed as a teenager, shankar has been unable to stay on the right side of the law ever since, despite his wife's pleas and his mother's rejection. umesh mehra mithun chakraborty madhuri dixit suresh oberoi shakti kapoor "
shaadi ke side effects,2014,comedy romance a complicated relationship develops between a man and woman after getting married and having a baby. saket chaudhary farhan akhtar vidya balan vir das ram kapoor 
mera naam joker,1970,"comedy drama raju is a joker, a clown. it is what he is and what he always shall be. as his life story unfolds in three chapters, from his school days to the circus to the streets, he must always make ...                see full summary » raj kapoor raj kapoor manoj kumar simi garewal rishi kapoor "
roohi,2021,"comedy horror hired to kidnap a bride, two bumbling pals get into a wacky predicament when one falls for their abductee, and the other falls for the spirit that possesses her. hardik mehta rajkummar rao varun sharma janhvi kapoor alexx o'nell "
cantt road: the beginning,2023,"crime a peculiar place located somewhere in the outskirts where mysterious and ghostly incidents occur. it is a place having a dark history in it's past, the wails of which still continues to haunt the place and the people who pass through it. adarsh raisahab sharvary joshi ashok rabari nischay rana mukesh rao "
patiala house,2011,"drama sport a talented young indian cricket player must defy his father's wishes to play for the side of england, a rebellion his siblings quietly cheer. nikkhil advani rishi kapoor dimple kapadia akshay kumar anushka sharma "
shakespeare-wallah,1965,drama romance the story of a family troupe of english actors in india. they travel around the towns and villages giving performances of shakespearean plays. through their travels we see the changing face...                see full summary » james ivory shashi kapoor felicity kendal geoffrey kendal laura liddell 
kho gaye hum kahan,2023,drama a digital age story of three friends living in mumbai. arjun varain singh adarsh gourav ananya panday siddhant chaturvedi rohan gurbaxani 
pippa,2023,action drama history revolves around brigadier balram singh mehta of the 45th cavalry tank squadron who fought on the eastern front during the indo-pakistan war of 1971 along with his siblings. raja menon mrunal thakur ishaan khattar soni razdan priyanshu painyuli 
raanjhanaa,2013,"drama romance kundan, the son of a hindu pundit, discovers that his childhood sweetheart zoya loves city-bred akram and wants to marry him. however, he persistently seeks to win her heart. aanand l. rai dhanush sonam kapoor mohd. zeeshan ayyub swara bhasker "
lakadbaggha,2023,"action comedy crime an animal loving vigilante arjun bakshi, unearths the fact that an underground illegal animal trade cell functions from kolkata port. on investigating he chances upon a rare species of the indian striped hyena (lakadbaggha). victor mukherjee anshuman jha riddhi dogra paresh pahuja milind soman "
kavacham,2018,action crime thriller a police officer from vizag finds himself in a rut when false allegations are levied against him. he has 24 hours now to prove his innocence. sreenivas mamilla sai srinivas bellamkonda kajal aggarwal mehreen pirzada neil nitin mukesh 
janmabhoomi,2024,drama a courtroom drama based on ram mandir trial in ayodhya. sreenivas mamilla sai srinivas bellamkonda kajal aggarwal mehreen pirzada neil nitin mukesh 
munnibai,1999,"action crime drama a man kills another, and his daughter vows to avenge him, even if it means she must turn herself into a mountain bandit. the killer's daughter defends her father, and the family feud is to be settled outside of the law. kanti shah dharmendra sapna sappu durgesh nandini mohan joshi "
yaarana,1981,"action comedy drama bishan loses his fortune while helping his friend kishan in his singing career. now successful, would kishan return the favour? rakesh kumar amitabh bachchan neetu singh tanuja samarth aruna irani "
aks,2001,"action crime horror raghavan ghatge, a psychotic terrorist, and manu verma, the cop who tracks him down, shoot each other simultaneously, the result being that raghavan's soul is transferred into verma's body and vice versa. rakeysh omprakash mehra amitabh bachchan raveena tandon manoj bajpayee nandita das "
khan kluay,2006,"animation adventure family a young elephant goes on an extraordinary adventure and learns important lessons along the way about friendship, love and courage. kompin kemgumnird, tod polson akshay kumar anyarit pitakkul lara dutta nawarat techarathanaprasert "
hunterrr,2015,"comedy romance mandar, an ordinary guy is obsessed with sex and chases girls until he meets tripti and decides to settle down with her. harshavardhan kulkarni gulshan devaiah radhika apte sai tamhankar veera saxena "
lost,2022,"drama thriller an emotional thriller that represents a higher quest, a search for lost values of empathy and integrity. aniruddha roy chowdhury yami gautam pankaj kapur rahul khanna tushar pandey "
the ghazi attack,2017,"action thriller war a pakistani submarine, ghazi plans to secretly attack vizag port. for doing so, it has to get past indian submarine s21. sankalp reddy rana daggubati kay kay menon atul kulkarni om puri "
99,2009,"comedy crime drama a gangster deputes two of his men to recover money from an out of town compulsive gambler. krishna d.k., raj nidimoru kunal kemmu boman irani soha ali khan cyrus broacha "
tujhe meri kasam,2003,romance rishi and anju are childhood buddies struggle to find out if they have more than friendship between them. vijay k. bhaskar riteish deshmukh genelia deshmukh shakti kapoor supriya karnik 
baasha,1995,"action crime drama an auto driver, manikam, desperately tries to hide his dark underworld side to keep his promise to his father. suresh krishna rajinikanth nagma raghuvaran vijayakumar "
gangster,2006,"action crime drama simran, who relocates to seoul, is distraught when daya, a gangster, re-enters her life. she has to make a choice between him and her lover akash, who is a singer at an indian restaurant. anurag basu kangana ranaut shiney ahuja emraan hashmi gulshan grover "
commando 3,2019,action adventure thriller karan goes to london to stop a terrorist attack on india. aditya datt gulshan devaiah robin chaudhary subhasish ghosh pradeep yadav 
the lift boy,2019,comedy drama the lift boy is a coming of age story of a 24-year-old vagabond who is forced to work at a posh building in mumbai as a lift boy when his bread-winning father falls ill. jonathan augustin moin khan nyla masood sagar kale neha bam 
main aur charles,2015,"action biography crime after escaping from prison, a notorious serial killer and conman becomes the target of a nationwide manhunt led by an honest police officer determined to catch him. prawaal raman adil hussain alexx o'nell anastasia fullfina dijana dejanovic "
gangaa jamunaa saraswathi,1988,"action drama romance gangaa jamunaa and saraswathi the most pious rivers, create a unique holy merger, popularly known as ""sangam"". likewise the characters of our story gangaa jamunaa and saraswathi desire to ...                see full summary » manmohan desai amitabh bachchan mithun chakraborty jaya prada meenakshi sheshadri "
salaam-e-ishq,2007,"comedy drama musical six couples in love must face different problems caused by love itself. do they resolve their issues and face life anew, or do they succumb under pressure ? nikkhil advani salman khan priyanka chopra jonas anil kapoor juhi chawla "
chhal,2002,"action crime drama secret service agent, karan menon (kay kay) has been assigned the task of penetrating the gang and winning the confidence of underworld don, shastri (vallabh vyas). karan does so with ease,...                see full summary » hansal mehta kay kay menon jaya seal naved aslam shri vallabh vyas "
maine pyaar kyun kiya,2005,"comedy drama romance samir is in love with sonia but has unfortunately lied to her that he was already married.when she wants to meet her wife,samir approaches his dutiful nurse naina to play 'wife'a drama that turns out into a comedy of errors. david dhawan salman khan sushmita sen katrina kaif sohail khan "
dil kya kare,1999,drama musical romance an emotional saga of a mother who has lost her child and her love. prakash jha ajay devgn mahima chaudhry kajol chandrachur singh 
gori tere pyaar mein!,2013,comedy drama romance self-centered sriram venkat changes his outlook and actions when his girlfriend leaves him. punit malhotra imran khan kareena kapoor sujata kumar radha ramachandra 
aankhen,1993,action comedy crime two good-for-nothing brothers are embroiled in a conspiracy involving a political assassination and try their best to save the country. david dhawan govinda chunky pandey raj babbar kader khan 
theeran adhigaaram ondru,2017,"action crime thriller theeran, a police officer, is entrusted with the task to solve the mystery behind a series of murders. the only clue left behind is that all the murders are committed in the same pattern. h. vinoth karthi rakul preet singh abhimanyu singh bose venkat "
ek ladki ko dekha toh aisa laga,2019,"comedy crime drama the film tells the story of closeted lesbian sweety chaudhary and her attempts to come out to her conservative, traditional family. shelly chopra dhar sonam kapoor anil kapoor rajkummar rao juhi chawla "
chandni chowk to china,2009,action adventure comedy a cook from chandni chowk gets mistaken for the reincarnation of an ancient peasant warrior by the residents of an oppressed chinese village. nikkhil advani akshay kumar deepika padukone chia-hui liu mithun chakraborty 
hi nanna,2023,drama family romance plot under wraps. shouryuv mrunal thakur shruti haasan nani angad bedi 
anand,1971,"drama musical the story of a terminally ill man who wishes to live life to the fullest before the inevitable occurs, as told by his best friend. hrishikesh mukherjee rajesh khanna amitabh bachchan sumita sanyal ramesh deo "
ghar dwaar,1985,"drama dhanraj resides with his two brothers, chander and ketan, his sister, asha, and wife, savitri, in their family home. dhanraj wants chander and ketan to study and get better jobs, so he ...                see full summary » kalpataru tanuja samarth sachin pilgaonkar raj kiran shoma anand "
kis kisko pyaar karoon,2015,"comedy romance a comedy or errors, wherein a married man attempts to juggle his three wives along with his current girlfriend. abbas alibhai burmawalla, mastan alibhai burmawalla, abinash rout kapil sharma simran kaur mundi manjari fadnnis sai lokur "
khushboo,1975,"drama romance kusum and brindavan are two small children living in a small village in india. both love each other, and decide to marry when they grow up. kusum has his name tattooed on her arm. but fate ...                see full summary » gulzar jeetendra hema malini durga khote farida jalal "
chalaak,2023,"thriller an abduction, an extra marital affair and bold revelations. mansi's life takes an unexpected turn when she is mysteriously kidnapped. this ordeal forces her to confront her past and hidden intentions are revealed. ashish deo jeevansh chadha abhinav gautam asma sayed raghav vohra "
stanley ka dabba,2011,"comedy drama family a school-teacher, who forces children to share their food with him, forbids one from entering the school until he brings his own tiffin/lunch-box. amole gupte partho a. gupte numaan sheikh abhishek reddy sai shara shetty "
ghost story - an abstract film,2020,horror a writer - a haunted bungalow - a murder - some dark secrets - ghosts and a story with a twist. zubair khan farrah kader samidha kiran aabid shamim 
sandeep aur pinky faraar,2021,"comedy crime drama sandeep, a bank executive and pinky, a suspended cop, are marked for a kill. phones tapped, accounts blocked, they escape but escaping is not freedom. dibakar banerjee jaideep ahlawat parineeti chopra arjun kapoor neena gupta "
rascals,2011,action comedy crime two rival con-men attempt to outdo each other to woo a wealthy woman. david dhawan ajay devgn sanjay dutt kangana ranaut lisa haydon 
aiyaary,2018,"action drama thriller after finding out about an illegal arms deal, a military intelligence officer goes rogue with highly sensitive data related to his organization, causing his mentor: a colonel, to hunt him down. neeraj pandey, feroz khan bollybrothers sidharth malhotra manoj bajpayee rakul preet singh pooja chopra "
veerana,1988,"action drama horror a beautiful young girl, unfortunately possessed from her childhood by a vengeful spirit, wanders around lonely places to seduce and kill people, gradually becoming lost into a dark world of revenge and lust. shyam ramsay, tulsi ramsay jasmin hemant birje sahila chaddha kulbhushan kharbanda "
wake up sid,2009,"comedy drama romance the story of a lazy mumbai college student who does absolutely nothing, with a turn of events will sid realize his potential in this world and become a success in the fast-paced life of mumbai. ayan mukerji ranbir kapoor konkona sen sharma supriya pathak anupam kher "
keedaa cola,2023,comedy crime add a plot tharun bhascker dhaassyam brahmanandam ravindra vijay tharun bhascker dhaassyam jeevan kumar 
daawat-e-ishq,2014,"comedy drama romance a story of gullu, a hyderabadi girl frustrated with dowry-seeking men and taru (a charming lucknawi cook), who crush old-fashioned world-view. habib faisal aditya roy kapoor parineeti chopra anupam kher karan wahi "
aiyyaa,2012,"comedy romance a woman goes on the hunt for her dream man, armed with her wild imagination, her passion for masala-films, and her ultra-sensitive sense of smell. sachin kundalkar rani mukerji prithviraj sukumaran nirmiti sawant subodh bhave "
toofan,1989,action crime drama honest police officer hanuman prasad singh lives like friend and family with a magician by the name of ramesh kumar. hanuman's wife passes away after giving birth to male twin babies; upon ...                see full summary » ketan desai amitabh bachchan meenakshi sheshadri amrita singh farooq shaikh 
zanjeer,1973,"action crime drama a tough and honest police officer clashes with a crime boss who, unbeknownst to him, happens to be his parents' murderer. prakash mehra amitabh bachchan jaya bachchan pran sikand om prakash "
qurbani,1980,action crime drama two friends live happily until misunderstandings arise between them. feroz khan feroz khan vinod khanna zeenat aman amjad khan 
dr. cabbie,2014,"comedy an indian doctor emigrates to canada in the hope of starting a new life, but bureaucracy confines him to life as a taxi driver. when he cannot suppress his desire to practice medicine, he begins illegally treating patients from his cab. jean-françois pouliot vinay virmani adrianne palicki kunal nayyar lillete dubey "
mahanati,2018,"biography drama biography of savitri, an actress from south india movie industry, who ruled the industry for two decades during 50s and 60s. nag ashwin keerthy suresh dulquer salmaan samantha ruth prabhu vijay deverakonda "
saudagar,1991,action drama romance two clan chiefs who have maintained a blood feud for decades have to contend with the romance between their respective grandchildren. subhash ghai dilip kumar raaj kumar vivek mushran manisha koirala 
har har mahadev,2022,"action drama war this is the inspirational story of a real battle in which only 300 soldiers, led by baji prabhu deshpande, the commander of chhatrapati shivaji maharaj, held back an enemy army of 15,000 while shivaji reached the safety of khera fort. abhijeet shirish deshpande sharad kelkar subodh bhave yogesh jadhav nitish chavan "
zapatlela,1993,comedy drama horror a man is presumed to have been haunted when a doll possessed by the spirit of a gangster comes along in his life. mahesh kothare laxmikant berde mahesh kothare kishori ambiye ravindra berde 
judwaa,1997,"action comedy drama twin brothers who are separated soon after birth, meet in adulthood and join forces to defeat their common enemy, a notorious criminal. david dhawan salman khan karisma kapoor rambha kader khan "
that girl in yellow boots,2010,crime drama mystery a british woman faces challenges while attempting to locate her father in india. anurag kashyap kalki koechlin prashant prakash naseeruddin shah gulshan devaiah 
the delhi files,Unknown,crime history thriller add a plot vivek agnihotri ankit bisht mithun chakraborty palomi ghosh sougata ghosh 
jolly llb 2,2017,comedy crime drama jolly is a clumsy lawyer who is faced with representing the most critical court case of his career. subhash kapoor akshay kumar huma qureshi saurabh shukla annu kapoor 
gold,2018,drama history sport the journey of a man who was instrumental in making india win its first olympic gold medal as a free nation. reema kagti krishan tandon hubertus geller siddharth kher sheldon redden 
bichhoo,2000,action crime drama a contract killer with a tragic past trains a teenage girl to avenge the murder of her family and falls for her in the process. guddu dhanoa bobby deol rani mukerji ashish vidyarthi farida jalal 
kaali khuhi,2020,"drama horror mystery shivangi, a 10 year old girl, is put to the ultimate test to save her family's village from the restless ghosts of its horrific past. terrie samundra shabana azmi sanjeeda sheikh satyadeep misra riva arora "
jigar,1992,"action drama romance an engaging action-sport film, where a man avenges his sister's humiliation by participating in a deadly kung-fu tournament. farogh siddique ajay devgn karisma kapoor ajit khan feroz khan "
aatmapamphlet,2023,comedy drama a young boy growing up amidst massive social and economic changes in 1990s india. ashish bende om bendkhale rajratna bhojane khushi hajare bhimrao mude 
amar prem,1972,drama musical romance a village woman abandoned by her husband is forced into prostitution in kolkata and forms nameless yet strong relations with a wealthy patron as well as an abused boy in the neighbourhood. shakti samanta rajesh khanna sharmila tagore sujit kumar bindu desai 
awarapan,2007,"action crime drama a loyal henchman is ordered by his boss to keep an eye on his mistress, and trouble begins when he refuses to kill her. mohit suri emraan hashmi mrinalini sharma ashish vidyarthi ashutosh rana "
hate story 2,2014,drama thriller a woman takes revenge on a powerful corrupt politician who forcefully abused her and left her for dead. vishal pandya jay bhanushali surveen chawla sushant singh siddharth kher 
brahmastra 2,2026,action adventure fantasy follows shiva's father: dev. ayan mukerji deepika padukone alia bhatt ranbir kapoor 
musafir,2004,"action crime drama a small-time criminal, betrayed by his girlfriend and owing money to a fearsome crime lord, agrees to travel to goa for a drug deal and becomes involved with a local woman and her much older husband, both of who want to kill each other. sanjay gupta, hasib muhammad anil kapoor sameera reddy aditya pancholi mahesh manjrekar "
possessed love,2021,"drama horror romance everything was going well for the bride but her life changed completely when she decided to go out of the house on the night of haldi, taking her grandmother's faith as superstition. she ...                see full summary » manmeet singh sodhi surbhi shukla sachin sharma unika ray harsh arora "
prem ratan dhan payo,2015,"action drama musical while recovering from an assassination attempt four days before his coronation, a stern prince is replaced by a romantic lookalike. sooraj r. barjatya salman khan sonam kapoor neil nitin mukesh deepak dobriyal "
nadiya ke paar,1982,"drama romance chandan and gunja, who hails from a village across the river, fall in love with each other. after her sister dies, gunja is compelled to marry her brother-in-law who is chandan's brother. govind moonis sachin pilgaonkar sadhana singh inder thakur mitali "
david,2013,action crime drama the lives of three different men named david are about to change forever. bejoy nambiar vikram neil nitin mukesh vinay virmani tabu 
roar,2014,"action adventure sci-fi after his photojournalist brother gets killed by a white tigress in the jungles of the sundarbans, pandit and his team of commandos enter the prohibited core area of the forest to avenge his death. kamal sadanah aadil chahal ahran chaudhary pranay dixit subrat dutta "
aarakshan,2011,drama thriller the decision by india's supreme court to establish caste-based reservations for jobs in education causes conflict between a teacher and his mentor. prakash jha amitabh bachchan saif ali khan manoj bajpayee deepika padukone 
angithee,2021,"drama firdous is married off in a conservative house with her husband hameed. her old friend shahid comes back from punjab and they fall in love, but things change when hameed discovers firdous is sleeping with his friend. rahhat shah kazmi rahhat shah kazmi hussein khan tariq khan "
dharmatma,1975,"action romance thriller wealthy, powerful and influential seth dharamdas leads a financially secure life in a palatial mansion. he is known to come to the aid of all people who are beyond any hope of assistance, ...                see full summary » feroz khan premnath malhotra feroz khan hema malini rekha "
meenakshi sundareshwar,2021,"comedy romance forced to live apart due to a unique job prospect, two newlyweds face the hassles, hiccups - and hilarity - that arise from their long distance marriage. vivek soni sanya malhotra abhimanyu dasani shivkumar subramaniam nivedita bhargava "
de dana dan,2009,action comedy crime two down on their luck men tries to kidnap a wealthy businesswoman's dog to demand a hefty ransom from her. things goes haywire when the dog goes missing. priyadarshan akshay kumar suniel shetty katrina kaif sameera reddy 
mastram,2013,biography drama how a clerk became an erotica writer. akhilesh jaiswal rahul bagga tara-alisha berry aakash dahiya istiyak khan 
ek thi daayan,2013,"horror romance thriller when gifted magician bobo finds himself assailed by hallucinations and seeks professional help, he learns he's being haunted by a sinister spirit. kannan iyer emraan hashmi konkona sen sharma kalki koechlin huma qureshi "
le halua le,2012,"comedy drama romance love's wires are crossed in this hilarious caper; strategems and misunderstandings abound as the young protagonists struggle to navigate their way through life, land jobs, and find a place to live. raja chanda laboni sarkar payel sarkar subhasish mukherjee kharaj mukherjee "
virasat,1997,"action drama musical after completing his studies in london, england, shakti thakur returns home to india in a small town where his family resides. accompanying him is his leggy girlfriend, anita, who he is in ...                see full summary » priyadarshan anil kapoor tabu pooja batra milind gunaji "
axone,2019,"comedy drama in delhi, friends from northeast india prepare a pungent delicacy for a wedding party, sparking conflict and comedy with their unaccustomed neighbors. nicholas kharkongor sayani gupta lin laishram jimpa sangpo bhutia tenzing dalha "
coolie no. 1,1995,action comedy romance in order to avenge his insult against wealthy hoshiarchand choudhary; pandit shaadiram gharjodhe asks raju; a coolie by profession to masquerade as a wealthy business tycoon so that he can get marry to choudhary's daughter malti. david dhawan govinda karisma kapoor harish kanchan 
maya,1993,"drama mystery romance a beautiful, wealthy woman's insatiable appetite for romance leads to tragedy and a police investigation. ketan mehta deepa sahi farooq shaikh raj babbar shah rukh khan "
mardaani,2014,"action crime drama a story of shivani shivaji roy, crime branch, who sets out to confront the mastermind behind a child trafficking mafia. pradeep sarkar rani mukerji jisshu sengupta anant vidhaat mona ambegaonkar "
kalyug,2005,"action crime drama a newly married couple is caught on camera during their honeymoon. when the wife commits suicide after the video is released on internet, the husband sets out to seek revenge. mohit suri kunal kemmu deepal shaw smiley suri atul parchure "
yeh shaadi nahi ho sakti,2023,comedy lovers priya and lakshman who can't get married till priya's elder sister pallavi does. lakshman devises an elaborate plan where they hire an nri groom to woo pallavi. akarsh khurana prajakta koli shikha talsania chaitnya sharma adhaar khurana 
hawayein,2003,"drama romance set against the backdrop of the 1984 sikh genocide, hawayein is a 2003 film directed by ammtoje mann. the film is based on some real-life events and features the impact of operation ...                see full summary » amitoj mann amitoj mann babbu mann aanandee tripathi mukul dev "
ek jaan hain hum,1983,"family romance while trying to win over his beloved's parents, a young man is accused of arson, and his father soon realizes insanity may be his only defense. rajiv mehra rakesh bedi avtar gill gulshan grover rajeev kapoor "
420 ipc,2021,"crime in this zee5 original film, ca keswani is arrested for bank fraud and forgery. keswani hires birbal, a lawyer, to fight his case, but birbal realises that there's more to it than meets the eye. manish gupta rohan mehra vinay pathak ranvir shorey gul panag "
baaghi 2,2018,"action crime drama a battle-hardened army officer squares off against drug lords and russian henchmen to save his ex-lover's kidnapped daughter in the underbelly of goa, india. ahmed khan disha patani tiger shroff jacqueline fernandez randeep hooda "
ragini mms 2,2014,horror a sleazy film director's decision to shoot his latest erotic horror movie in a notorious haunted house angers the vengeful spirit of its past inhabitant. bhushan patel sunny leone saahil prem parvin dabas sandhya mridul 
bade miyan chote miyan,1998,"action comedy musical arjun and pyare mohan are honest policemen who work together. trouble follows when thieves bade miyan and chote miyan, look-alikes of arjun and pyare, commit crimes and the hapless duo are blamed for it. david dhawan amitabh bachchan govinda raveena tandon ramya krishnan "
the blue umbrella,2005,"comedy drama family in a small village when a little girl's prescious umbrella is stolen, things goes wrong for a greedy tea seller who was very much interested in buying that umbrella from her. vishal bhardwaj pankaj kapur shreya sharma deepak dobriyal rahul kumar "
operation valentine,2023,"action drama thriller operation valentine is a patriotic, edge-of-the-seat entertainer and will showcase our air force heroes on the front-lines and the challenges they faced as they fought one of the biggest, fiercest aerial attacks that india has ever seen. shakti pratap singh manushi chhillar varun tej "
betaab,1983,"family romance a young man (sunny deol) and woman (amrita singh) fall in love, but face obstacles from their families. rahul rawail shammi kapoor nirupa roy prem chopra sunny deol "
race 2,2013,"action crime thriller ranvir treads through the world of the indian mafia in turkey as he looks to avenge the death of his lover and partner in crime. abbas alibhai burmawalla, mastan alibhai burmawalla saif ali khan anil kapoor john abraham deepika padukone "
monsoon,2015,comedy drama romance the movie revolves around the story of a 15 year old guy who falls in love with a 28 year old lady. the lady is now a widow as her husband who was a forest officer died while he was on duty...                see full summary » suzad iqbal khan shawar ali pandiit ggaaurav gautam pramod goswami raja gulati 
ek main aur ekk tu,2012,comedy drama romance a few drinks too many leads an uptight architect and quick-witted hairstylist to marry in las vegas. can a mistake lead to friendship and love? shakun batra kareena kapoor zenobia shroff imran khan boman irani 
refugee,2000,drama musical romance a young man who smuggles illegal weapons and people back and forth over the borders between india and pakistan falls in love with a young woman whose family he helped. j.p. dutta jackie shroff suniel shetty abhishek bachchan kareena kapoor 
crack,Unknown,drama add a plot neeraj pandey akshay kumar pradum shukla pradum jaykar vicky kadian 
marjaavaan,2019,action drama romance raghu and zoya are enjoying their lives together until a gang leader with harmful intentions turns their world upside down. milap zaveri riteish deshmukh sidharth malhotra tara sutaria rakul preet singh 
bramayugam,2024,horror thriller add a plot rahul sadasivan mammootty arjun ashokan amalda liz sidharth bharathan 
ek paheli leela,2015,"mystery romance thriller two lovers, having been denied true love 300 years ago, are reincarnated in order to correct that wrong. bobby khan sunny leone rahul dev mohit ahlawat jay bhanushali "
prince,2010,action sci-fi thriller a wanted thief races against time to find an antique coin after he commits the biggest heist of his life and wakes up the next day with no memories. kookie gulati vivek oberoi isaiah aruna shields nandana sen 
mehbooba,1976,"drama romance a singer by profession, suraj (rajesh khanna) gets stranded in resthouse in the coutnryside during a rainstorm. while there he experiences ununsual feelings, as if he has been there before....                see full summary » shakti samanta rajesh khanna hema malini prem chopra govardhan asrani "
my friend ganesha 4,2020,comedy add a plot shakti samanta rajesh khanna hema malini prem chopra govardhan asrani 
luck,2009,"action adventure drama an underworld kingpin recruits people endowed with 'luck' from across the globe to take part in a series of challenges designed to test their 'luck' factor, as gamblers around the world bet on them. soham shah mithun chakraborty sanjay dutt imran khan ravi kishan "
phir bhi dil hai hindustani,2000,"comedy drama musical in order to seek justice for a man who exacts vengeance on a politician, who was responsible for his daughter's death, two rival reporters teams up to help him to prove his innocence. aziz mirza shah rukh khan juhi chawla johny lever paresh rawal "
grand masti,2013,"comedy drama thriller meet, prem, and amar look to have a blast at their college reunion, though they soon find themselves in another predicament. indra kumar riteish deshmukh vivek oberoi aftab shivdasani karishma tanna "
seeta aur geeta,1972,"adventure comedy drama long-suffering heiress seeta is treated worse than a servant by her abusive money-grubbing aunt. meanwhile, her long-lost twin sister geeta grows up to be a gutsy street performer. one day, the girls unintentionally swap places. ramesh sippy dharmendra sanjeev kumar hema malini manorama "
muthu,1995,"action comedy drama the movie is about a loyal servant, muthu (rajni), working for zamindar malayasimman (sarath babu) and the cunning plans by the uncle of malasimman to capture the whole wealth which uncovers some mystery about muthu. k.s. ravikumar rajinikanth meena sarath babu senthil "
coat,2023,"drama family madho and his father are pig farmers, of a low caste are not respected by the other villagers. one day he sees a foreigner being respected and because of his expensive coat. determined madho tries to acquire a coat that he cannot afford. akshay ditti, kumar abhishek sanjay mishra vivaan shah sonal jha pooja pandey "
footpath,2003,"action crime drama two friends of a man help him avenge his father's death. years later, he reunites with his friends who have now become criminals. what they don't know, is that he is now an undercover cop. vikram bhatt aftab shivdasani bipasha basu rahul dev emraan hashmi "
julie 2,2017,"drama romance thriller a simple girl rises to be a big star, but the story of her success is not without its dark side. deepak s. shivdasani nishikant kamat raai laxmi rati agnihotri ravi kishan "
khuda gawah,1992,"action adventure drama baadshah khan falls in love with benazir, a member of a rival clan who has defeated him in a game of buzkashi. mukul anand amitabh bachchan sridevi nagarjuna akkineni shilpa shirodkar "
laaga chunari mein daag: journey of a woman,2007,drama family romance a small town girl lands in big bad mumbai to earn an honest living but faces a confrontation she would've never dreamt of in her wildest dreams. pradeep sarkar rani mukerji jaya bachchan konkona sen sharma kunal kapoor 
helicopter eela,2018,"drama eela raiturkar, an aspiring singer, gives up on her career after her husband abandons her and their son, vivaan. however, years later, he encourages his mother to pursue her dream. pradeep sarkar kajol riddhi sen tota roy chowdhury neha dhupia "
jagir,1984,action adventure drama three men attempt to seek vengeance against their oppressors. pramod chakravorty dharmendra zeenat aman mithun chakraborty shoma anand 
humko deewana kar gaye,2006,"drama romance aditya an engineer, travels to canada for training. there he meets jia a beautiful woman from an influential family. fate keeps pushing the pair together, and even though both are already betrothed to others, adi and jia fall in love. raj kanwar akshay kumar katrina kaif bipasha basu bhagyashree patwardhan "
ek hasina thi,2004,"crime drama mystery a woman falls for a charming and mysterious businessman. the whirlwind romance turns sour when she is framed for his underworld crimes. now, finally out of prison she is ready for sweet revenge. sriram raghavan saif ali khan urmila matondkar seema biswas aditya srivastav "
soorma,2018,"biography drama sport soorma is the story of the triumph of the human spirit, about a player, who made headlines for his miraculous comeback after facing a near death experience through sheer determination, hard work and unrelenting passion for the sport. shaad ali diljit dosanjh taapsee pannu angad bedi vijay raaz "
nikamma,2022,action comedy drama a lazy slacker struggles to get along with his diligent sister-in-law - until they must step up and fight together against a common enemy. sabir khan abhimanyu dasani shilpa shetty kundra shirley setia samir soni 
do lafzon ki kahani,2016,action drama romance centered on ex-mixed martial arts artist sooraj (randeep hooda) and sculptor artist jenny (kajal aggarwal). their fate intertwines when their past are revealed in their blooming relationship. deepak tijori kajal aggarwal anil george randeep hooda snehal kulshreshtha 
phata poster nikhla hero,2013,action comedy crime vishwas rao is raised by his mother who wants him to become a police officer while he wants to become an actor. rajkumar santoshi shahid kapoor ileana d'cruz padmini kolhapure mukesh tiwari 
manikarnika: the queen of jhansi,2019,"action biography drama story of rani lakshmibai, one of the leading figures of the indian rebellion of 1857, and her resistance to the british rule. radha krishna jagarlamudi, kangana ranaut kangana ranaut danny denzongpa suresh oberoi atul kulkarni "
august 16 1947,2023,action drama the tale of a remote village where one man battles british forces n.s. ponkumar gautham karthik revathy pugazh madhusudhan rao 
nasha,2013,"drama thriller a teenage boy becomes smitten with his new drama teacher and pursues her, despite the perilous risks of being found out. amit saxena poonam pandey shivam patil vishal bhonsle mohit chauhan "
tum bin 2,2016,"drama romance after a skiing accident, taran thinks her fiance is dead and grieves for months. soon, shekhar enters her life, helps her rediscover happiness, and falls in love with her. md. shahnause, anubhav sinha, peter pedrero neha sharma aditya seal aashim gulati mouni roy "
suryavanshi,1992,action fantasy horror an archaeologist unearths an underground palace at sangramgarh. the locals are afraid of what will happen if they start digging and would like to leave the past alone. it turns out their fears we confounded. rakesh kumar salman khan amrita singh sheeba agarwal saeed jaffrey 
zanjeer,2013,action crime drama acp vijay khanna is transferred to mumbai where he will have do deal with the oil mafia led by rudra pratap teja. apoorva lakhia ram charan priyanka chopra jonas sanjay dutt prakash raj 
shukranu,2020,"drama set in delhi/up/haryana, shukranu is a comic take on the darkest phases of indian democracy through the encounters of a would-be groom who is forcefully sterilized just days before his much-awaited marriage. bishnu dev halder divyendu sharma shweta basu prasad sheetal thakur aakkash dabhade "
jigarthanda doublex,2023,action comedy drama add a plot karthik subbaraj s.j. suryah nimisha sajayan raghava lawrence 
tehran,Unknown,action thriller add a plot arun gopalan john abraham manushi chhillar hadi khanjanpour madhurima tuli 
ramaiya vastavaiya,2013,"action drama romance ram falls in love with sona, who lives on the fields of punjab. he follows her to her farm, where her elder brother challenges him to produce more seed on their fields. if he wins, he will be allowed to marry her. prabhu deva shruti haasan girish taurani sonu sood vinod khanna "
yaadein...,2001,"musical drama romance raj is against love marriages and when his daughter isha falls in love with ronit malhotra, he opposes their relationship. will ronit and isha sacrifice their love for the sake of their parents or will they manage to convince them? subhash ghai hrithik roshan jackie shroff kareena kapoor amrish puri "
chhota bheem kung fu dhamaka,2019,"animation action adventure chhota bheem and his friends decide to participate in the annual martial arts competition held at china, where the country's princess gets kidnapped by an evil demon zuhu. rajiv chilaka, binayak das urvi ashar asif ali beig jigna bhardwaj rupa bhimani "
maatr,2017,"thriller vidya, who's left shattered after her daughter tia's murder, seeks vengeance by fighting the broken justice and criminal system. ashtar sayed raveena tandon siddharth bhardwaj madhur mittal piyush kaushik "
alag: he is different.... he is alone...,2006,action drama fantasy an odd orphan boy is forced to use his secret super powers when his new classmates bully him. a scientist abducts him to use the boy's powers for his own evil gains. asshu trikha akshay kapoor dia mirza yatin karyekar jayant kripalani 
delhi-6,2009,"drama in the ancient walled city of delhi, an american-born indian finds himself on an unexpected inner journey as he learns about himself and his roots. rakeysh omprakash mehra waheeda rehman abhishek bachchan sonam kapoor rishi kapoor "
vaastav: the reality,1999,action crime drama consequences force an innocent man to get involved in crime after making an error. mahesh manjrekar sanjay dutt namrata shirodkar reema lagoo shivaji satam 
ship of theseus,2012,"drama the film explores questions of identity, justice, beauty, meaning and death through an experimental photographer, an ailing monk and a young stockbroker. anand gandhi aydah el-kashef yogesh shah faraz khan hannan youssef "
golmaal: fun unlimited,2006,action comedy drama four runaway crooks take shelter in a bungalow which is owned by a blind couple. rohit shetty ajay devgn arshad warsi sharman joshi tusshar kapoor 
the hero of color city,2014,animation adventure family a diverse band of crayons strive to protect not only their magical multihued homeland but the imagination of children everywhere from a terrifying monster. frank gladstone owen wilson christina ricci rosie perez wayne brady 
raja,1995,"action comedy drama raja and madhu fall in love and decide to get married. however, her brothers are against the alliance and devise a plan to drive the two apart. indra kumar sanjay kapoor madhuri dixit mukesh khanna dalip tahil "
kyon ki...,2005,"drama romance after learning the sad truth about a patient, a female psychiatrist falls in love with him. priyadarshan salman khan kareena kapoor rimi sen jackie shroff "
choked: paisa bolta hai,2020,drama a bank employee weighed down by her jobless husband's debts - and her own broken dreams - finds a secret source of seemingly unlimited cash in her home. anurag kashyap saiyami kher roshan mathew amruta subhash upendra limaye 
azhar,2016,"biography drama sport biographical sports drama based on the life of former indian international cricketer, mohammad azharuddin anthony d'souza emraan hashmi nargis fakhri prachi desai lara dutta "
panga,2020,"drama sport panga is inspired by the life of a national-level kabbadi player from india. it follows her triumphs, struggle, and overcoming of stereotypes. it shows how important family love and support is for success. ashwiny iyer tiwari kangana ranaut jassie gill richa chadha neena gupta "
rog,2005,mystery romance thriller a lonely and insomniac detective falls in love with a dead woman whose murder he is investigating. himanshu brahmbhatt irrfan khan ilene hamann himanshu malik suhel seth 
dil toh baccha hai ji,2011,comedy drama romance three roommates are in search of true love. they each find a girl with whom they fall head over heels in love with. now they just have to get the women to reciprocate. madhur bhandarkar ajay devgn emraan hashmi omi vaidya shazahn padamsee 
waqt: the race against time,2005,"comedy drama family ishwar chandra thakur is living the good life, content with his loving wife sumitra and son adiya. there is but one thing which gradually comes to annoy ishwar: his son's laziness and dependency on his father. vipul amrutlal shah amitabh bachchan akshay kumar priyanka chopra jonas shefali shah "
kasethan kadavulada,2023,"comedy drama a young man, his cousin and a friend stealing money from his stingy stepmother. r. kannan shiva priya anand yogi babu yogi devaraj "
jurm,1990,"action crime romance police inspector shekhar varma lives in khar, bombay, along with his wife, meena, and a school-going daughter. his office is notified that editor ritesh nandy has received death threats as ...                see full summary » mahesh bhatt vinod khanna meenakshi sheshadri sangeeta bijlani shafi inamdar "
kachchi kali,1987,drama sonika gill plays an innocent virgin girl (kachchi kali as the title indicates) who is tricked by her lover (ajinkya deo) who is a blue film maker and sold off in to prostitution. her ...                see full summary » k.r. rangan sonika gill kapil karzan ajinkya deo abhilasha 
who am i,2023,"drama based on the critically acclaimed novel ko aham by ashokjamnani, the story is set in a small town based on the banks of the river narmada. bhavitavya, a philosophy student who is currently ...                see full summary » shireesh khemariya gaurav kamble rishika chandani mayank jadhav subeer kasali "
kachche dhaage,1999,action drama thriller two stepbrothers who loathe each other have to work together to avoid being framed for terrorist activities. milan luthria ajay devgn saif ali khan manisha koirala namrata shirodkar 
pitaah,2002,action drama thakur avadh narayan singh rules shekhapur village.due to his fear villagers don't dare to go against him for his wrong doings.his son bhola and bacchu are also to follow his part who spend...                see full summary » mahesh manjrekar sanjay dutt nandita das sachin khedekar tanvi hegde 
guest iin london,2017,"comedy a young couple in london struggle to live with their estranged aunt and uncle, who overstay their welcome. ashwani dhir kartik aaryan kriti kharbanda paresh rawal tanvi azmi "
policegiri,2013,action comedy crime dcp rudra faces a bunch of challenges after he locks horns with a notorious criminal nagori subramanium. k.s. ravikumar sanjay dutt prachi desai prakash raj om puri 
shaakuntalam,2023,"drama fantasy romance the love story of king dushyantha and shakuntala, daughter of sage vishwamitra and nymph menaka. due to a sage's curse, dushyant forgets all about shakuntala, until destiny brings them together again. gunasekhar samantha ruth prabhu dev mohan mohan babu aditi balan "
hasee toh phasee,2014,"comedy romance nikhil is re-introduced to meeta nearly ten years after their first meeting. now, as nikhil has one week to prove himself worth enough to marry meeta's sister karishma, the old acquaintances become quite close to each other. vinil mathew sidharth malhotra parineeti chopra adah sharma manoj joshi "
tiger nageswara rao,2023,"action biography crime a legendary real-life robber of stuartpuram, andhra pradesh called tiger nageswara rao in the 1970s, who was noted for his ingenious ways of evading the police and prison. vamsee anupam kher john abraham karthi ravi teja "
baar baar dekho,2016,action comedy drama the highs and lows of a romantic relationship are examined through flashbacks and flash-forwards. nitya mehra sidharth malhotra katrina kaif sayani gupta kirti adarkar 
baaghi 4,Unknown,"action drama thriller fourth installment of baaghi film series. jahid d'cruz, ahmed khan tiger shroff jimmy shergill sunny hinduja jisshu sengupta "
hotel,1981,"horror mystery suraj is separated from his love seema and wants to build a hotel at the location where he met her, he tells his secretary lalwani to check out the location. lalwani finds the scenic ...                see full summary » shyam ramsay, tulsi ramsay navin nischol rakesh roshan bindiya goswami neelam mehra "
doodhwali,2007,drama add a plot suresh jain tanveer kanchan abu khan shiri khan 
loha,1987,"action drama thriller honest and diligent police inspector amar lives a middle-classed lifestyle in bombay. in his attempt to arrest bandit sher singh, he and inspector dayal are attacked, amar survives, but ...                see full summary » raj n. sippy dharmendra shatrughan sinha karan kapoor jugal hansraj "
socha na tha,2005,"comedy drama romance a boy is forced meet a girl for an arranged marriage but even though he refuses the match, they secretly become friends. as things get complicated and both get engaged to different people they realize they've fallen in love with each other. imtiaz ali abhay deol ayesha takia ayesha jhulka apoorva jha "
naseeb,1998,"comedy drama romance poor krishna prasad and pooja are in love and would like to marry each other. but pooja's dad, din dayal, wants her to marry a wealthier man, and rejects krishna. krishna agrees to acquire ...                see full summary » kirti kumar govinda mamta kulkarni saeed jaffrey ajit vachani "
veera simha reddy,2023,"action drama veera simha reddy is a revered man in a village and his son jai simha reddy settles in the usa. when his father gets killed in the village politics, jai simha returns to india and takes revenge on who killed his father. gopichand malineni nandamuri balakrishna shruti haasan honey rose duniya vijay "
tadap,2021,action drama romance unforeseen circumstances threaten the passionate relationship between star-crossed lovers. milan luthria ahan shetty tara sutaria saurabh shukla kumud mishra 
khichdi: the movie,2010,"comedy family in order to immortalize his love, a groom decides to create conflict between his and his to-be bride's families. aatish kapadia anang desai supriya pathak rajeev mehta nimisha vakharia "
bandh darwaza,1990,"action drama horror a wealthy male banishes a demon, but years later his very own daughter resurrects it. shyam ramsay, tulsi ramsay hashmat khan manjeet kular kunika sadanand satish kaul "
laal rang,2016,comedy crime drama the friendship of two men is tested when things go wrong in their blood theft business. syed ahmad afzal randeep hooda akshay oberoi rajneesh duggal piaa bajpai 
once again,2018,"drama romance after a chance phone call leads to daily conversations, a widowed restaurant owner and a lonely film actor plan to finally meet in person. kanwal sethi shefali shah neeraj kabi bidita bag priyanshu painyuli "
samay: when time strikes,2003,crime mystery thriller assistant commissioner of police (acp) malvika chauhan battles time to obtain & solve the clues to solve the various murders occurring in the city. robbie grewal sushmita sen lucy bartholomew tushar dalvi deepak dobriyal 
mere jeevan saathi,1972,"drama adventure action a talented artist (rajesh khanna) falls in love with a london-returned doctor, but his past creates problems for him. when that part of his past is resolved and he is to marry the girl he ...                see full summary » ravikant nagaich rajesh khanna tanuja samarth sujit kumar bindu desai "
khaidi no. 150,2017,action drama romance a convict who plans to escape the country unexpectedly switches his place with a good samaritan who fights for the rights of poor farmers. v.v. vinayak chiranjeevi kajal aggarwal tarun arora mohammad ali 
darna zaroori hai,2006,"horror five children take shelter from the rain, inside a spooky bungalow. encountering an old woman, they follow her upstairs where she proceeds to tell them six scary stories. j.d. chakravarthi, manish gupta, sajid khan, jijy philip, prawaal raman, vivek shah, ram gopal varma amitabh bachchan riteish deshmukh arjun rampal bipasha basu "
raja ki ayegi baraat,1997,"drama romance a pretty schoolteacher named mala (rani mukherjee) becomes the victim of the unwanted advances of an evil man named raja (shadab khan). when she rejects him, he rapes her. the teacher then ...                see full summary » ashok gaekwad shadaab khan rani mukerji gulshan grover divya dutta "
darna mana hai,2003,"horror after their car breaks down in the middle of the night, seven friends find shelter and tell one another stories to kill time till dawn. prawaal raman saif ali khan boman irani nana patekar vivek oberoi "
dono,2023,drama modern relationships set against the backdrop of a lavish destination wedding. avnish barjatya rajveer deol paloma dhillon garima agarwal rohan khurana 
shaurya: it takes courage to make right... right,2008,"crime drama thriller maj. siddhant chaudhary, an indian army lawyer, attempts to defend capt. javed khan who is accused of killing a decorated officer. the problem is that khan does not wish to be defended and freely admits to his crime. samar khan rahul bose jaaved jaaferi minissha lamba seema biswas "
satyameva jayate,2018,action crime drama an honest cop attempts to hunt down a vigilante who kills corrupt cops by setting them on fire. milap zaveri john abraham manoj bajpayee aisha sharma amruta khanvilkar 
the conversion,2022,"drama a movie that explores the sensitive topic of religious conversion, this movie is a captivating drama depicting girl's dilemma of what happens in an inter-faith marriage that results in religious conversion. vinod tiwari vindhya tiwari prateek shukla ravi bhatia vibha chhibber "
kismat konnection,2008,"comedy drama romance a luckless architect discovers a social activist to be his lucky charm. unfortunately, she's protecting the community center he's aiming to win a contract to tear down. aziz mirza shahid kapoor vidya balan vishal malhotra om puri "
kabul express,2006,adventure comedy drama a thrilling story spanning 48 hours of five individuals linked by hate and fear but brought together by fate to finally recognize each other. kabir khan john abraham arshad warsi salman shahid hanif hum ghum 
china gate,1998,action adventure drama 10 old exiled army men decide to free a village from an evil bandit rajkumar santoshi om puri amrish puri naseeruddin shah danny denzongpa 
ghayal once again,2016,"action crime drama when a video of his mentor's murder surfaces, an investigative journalist takes action to find those responsible. sunny deol sunny deol soha ali khan om puri aanchal munjal "
sherdil,2022,"comedy drama inspired by the real events that took place in the pilibhit tiger reserve where people used to leave their elderly family members for tigers to prey on, and then claim compensation from the administration. srijit mukherji pankaj tripathi sayani gupta neeraj kabi akshay kapoor "
kaala barbarian chapter 1,2023,thriller a surgeon who single-handedly tries to save his patient's life against all odds. will he be able to protect an innocent family from the twisted plans of an organ trafficking mafia? what hidden truths will he unfold in the process? jinto chacko samuel jijoy rajagopalan varun singh rajput chayanika chaudhuri stuti trivedi 
dance dance,1987,"action drama musical orphaned as kids, radha and her brother ramu make their living by dancing and singing in small functions. ramu makes it big in the music world. babbar subhash mithun chakraborty smita patil mandakini shakti kapoor "
mr. & mrs. khiladi,1997,comedy drama romance a slacker (akshay kumar) must impress a wealthy man to marry her daughter (juhi chawla). david dhawan akshay kumar juhi chawla paresh rawal anil dhawan 
deewaar,1975,"action crime drama vijay struggles as a dockworker and eventually becomes a leading figure of the underworld, while his younger brother ravi is an educated, upright policeman. this divide causes problems in their relationship. yash chopra amitabh bachchan shashi kapoor nirupa roy parveen babi "
manjhi: the mountain man,2015,"biography drama using only a hammer and a chisel, a man spends twenty-two years carving a road through a treacherous mountain. ketan mehta nawazuddin siddiqui radhika apte ashutosh acharya shahzad ahmed "
dhadak,2018,"drama romance set in rajasthan, this love story explores how the protagonists deal with issues like differences between castes and honor killings. shashank khaitan janhvi kapoor ishaan khattar ashutosh rana aditya kumar "
kites,2010,"action drama romance a wounded man searches for his sweetheart in the mexican desert while on the run from the police, bounty hunters, and others. anurag basu hrithik roshan bárbara mori nicholas brown kangana ranaut "
state of siege: temple attack,2021,"action thriller inspired by true events, the film narrates the heroic tale of nsg commandos, who step in to save innocent people when terrorists attack a temple in gujarat. ken ghosh akshaye khanna gautam rode vivek dahiya abhimanyu singh "
dulha mil gaya,2010,comedy drama romance a man marries so he can inherit his father's wealth. mudassar aziz sushmita sen fardeen khan ishita sharma shah rukh khan 
dil aashna hai (...the heart knows),1992,"drama romance laila, brought up in a brothel, is a cabaret dancer in digvijay singh's five star hotel. one day, her dying mother informs her that she is adopted. laila is aided by karan in her search for the mother. hema malini jeetendra mithun chakraborty dimple kapadia amrita singh "
pizza,2014,horror a pizza delivery boy's mundane life takes a horrifying turn when he is sent to make a delivery to the home of a family who have a dark secret. will he be able to overcome the evil that lurks in the shadows and live to tell his tale? akshay akkineni akshay oberoi parvathy omanakuttan arunoday singh dipannita sharma 
yuvvraaj,2008,comedy drama musical two estranged brothers must learn to work together to claim their rightful share of an inheritance left solely to their eldest sibling. subhash ghai salman khan anil kapoor zayed khan mithun chakraborty 
vd 12,Unknown,action drama add a plot gowtam tinnanuri vijay deverakonda rashmika mandanna keshav deepak manikanta varanasi 
happy bhag jayegi,2016,"comedy romance after fleeing an arranged marriage, a feisty indian woman finds herself stranded in pakistan where the ex-governor's son helps reunite her with her boyfriend. mudassar aziz diana penty abhay deol jimmy shergill ali fazal "
pm narendra modi,2019,biography drama biography of india's prime minister shri narendra modi. omung kumar boman irani barkha bisht vivek oberoi prashant narayanan 
bole chudiyan,Unknown,comedy drama romance inspired by true life events of the lead actor nawazuddin siddiqui. shamas nawab siddiqui tamannaah bhatia nawazuddin siddiqui rajpal naurang yadav aditya srivastav 
mohabbat,1997,"drama romance two men from different backgrounds fall in love with the same woman, but one has a deadly secret after a traumatic accident. reema rakesh nath madhuri dixit sanjay kapoor akshaye khanna farooq shaikh "
arjun pandit,1999,action crime romance an unexpected betrayal transforms a meek college professor into a cold-blooded gangster who wants to marry a woman against her wishes. rahul rawail sunny deol juhi chawla saurabh shukla mukesh rishi 
beta,1992,"drama romance raju, the only heir of a millionaire, is brainwashed by his stepmother for her greed of his entire property. indra kumar anil kapoor madhuri dixit aruna irani laxmikant berde "
'd',2005,"crime drama thriller deshu, a mechanic from dubai, comes home to mumbai, and gets embroiled in a crime by accident. the film shows his meteoric rise from common, law-abiding man to underworld kingpin. vishram sawant randeep hooda chunky pandey rukhsar rehman isha koppikar "
saugandh,1991,"action drama romance a woman whose entire family was murdered by a cruel landowner, vows that she will get her son and his daughter married someday. raj n. sippy rakhee gulzar akshay kumar shanti priya aryeman ramsay "
aap mujhe achche lagne lage,2002,"action drama romance the daughter of a rich criminal industrial tycoon falls in love with a college boy. the tycoon, what a surprise, objects... vikram bhatt hrithik roshan ameesha patel kiran kumar mukesh tiwari "
thackeray,2019,"biography drama from controversial cartoonist to powerful mumbai politician, this biopic maps the meteoric rise of far-right shiv sena party founder, bal thackeray. abhijit panse, amol bhor nawazuddin siddiqui amrita rao prakash belawadi nilesh divekar "
julie,1975,"family musical romance julie is an anglo-indian girl with a loving, but alcoholic father and a domineering mother, a younger brother and sister. she falls in love with her best friend's brother shashi ...                see full summary » k.s. sethumadhavan lakshmi vikram makandar nadira utpal dutt "
shimla mirchi,2020,"comedy romance while on holiday, avi meets naina and falls in love with her. smitten, he decides to stay and work in her cafe. he confesses his love in a letter, however it's naina's mother who mistakenly reads it. ramesh sippy hema malini rajkummar rao rakul preet singh shakti kapoor "
golmaal again,2017,action comedy fantasy the gang encounters with some spiritual bodies and finds out the truth about the jamnadas orphanage where they were brought up. rohit shetty ajay devgn arshad warsi tabu shreyas talpade 
enemy,2021,action drama thriller it's the story of two childhood friends and their escalating competitive nature. to what extent are they ready to go? anand shankar vishal arya mirnalini ravi mamta mohandas 
madhumati,1958,"fantasy musical mystery a young man takes shelter in a mansion when a landslide blocks his route to the railway station. then, he finds the mansion familiar and soon learns about the story of his previous birth. bimal roy dilip kumar vyjayanthimala johnny walker pran sikand "
kick 2,Unknown, add a plot jai basantu singh salman khan jacqueline fernandez randeep hooda akshaye khanna 
soni,2018,"crime drama while fighting crimes against women in delhi, a short-fused policewoman and her level-headed female boss grapple with gender issues in their own lives. ivan ayr geetika vidya ohlyan saloni batra vikas shukla mohit chauhan "
saagar,1985,"drama romance raja, a fisherman is secretly in love with mona. when wealthy ravi comes to live with his grandmother, kamladevi, he sees mona and falls in love with her. mona also reciprocates his love. ...                see full summary » ramesh sippy rishi kapoor kamal haasan dimple kapadia nadira "
paap,2003,action crime drama kaya lives in a buddhist village of monks with her father who wants kaya to devote her self to god and not live a normal like other females.the village head monk lamha asks kaya to travel ...                see full summary » pooja bhatt john abraham udita goswami mohan agashe gulshan grover 
jackpot,2013,comedy thriller there are places in goa where the rich can easily be fooled out of their money. a group of swindlers take advantage of this and risk everything just to get caught in a web of their own making. kaizad gustad naseeruddin shah sunny leone sachiin joshi bharath niwas 
roadside romeo,2008,"animation adventure comedy this is the story of romeo. a dude who was living the life. he had the works - the mansion to live in, the chicks to party with and the cars to be driven around in. until one day, the ...                see full summary » jugal hansraj saif ali khan kareena kapoor jaaved jaaferi vrajesh hirjee "
maarrich,2022,crime mystery thriller a police official starts a wild goose chase to find a murderer. the journey unfolds deep dark secrets from the past which leads to a spine chilling face off in the finale dhruv lather tusshar kapoor chelsha gosai aakash dahiya rahul dev 
punjab '95,Unknown,biography crime drama based on the life of prominent human rights activist jaswant singh kalra. honey trehan arjun rampal suvinder vicky diljit dosanjh varun badola 
dosti: friends forever,2005,"drama romance karan thapar, a wealthy young man, is saved by raj malhotra, a poor guy, from a near-death accident, which gives rise to their unending tale of friendship and brotherhood. suneel darshan akshay kumar bobby deol kareena kapoor lara dutta "
ziddi,1997,"action drama it is the story of a hot-tempered and stubborn man deva, who is feared because of his ruthless ways and severe punishment to the local hoodlums. later, deva avenges the death of his brother and sister. guddu dhanoa sunny deol raveena tandon anupam kher ashish vidyarthi "
dushmun,1971,"drama a truck-driver accused of killing a man is sentenced to providing for the family of his victim. his interactions with the victim's village, as well as that person's widow and orphan, is the story. dulal guha meena kumari mumtaz askari rajesh khanna kumari naaz "
the accidental prime minister,2019,biography drama explores manmohan singh's tenure as the prime minister of india and the kind of control he had over the cabinet and the country. vijay ratnakar gutte anupam kher akshaye khanna suzanne bernert vipin sharma 
preetam,1971,"comedy romance rukmani gets married to rana and faces endless abuse and beatings which do not end even when she gets pregnant. the police arrest rana for robbery, try him in court and sentence him to ...                see full summary » bhappi sonie shammi kapoor leena chandavarkar helen vinod khanna "
drive,2019,"action crime thriller a notorious thief allies with a street racer for a grand heist involving an elaborate game of deceit with authorities, who have their own dirty secrets. tarun mansukhani sushant singh rajput jacqueline fernandez vikramjeet virk sapna pabbi "
ajmer 92,2023,crime drama history the true events of the gang rape and blackmailing of over one hundred school and college-age girls in ajmer. pushpendra singh karan verma sumit singh rajesh sharma ishan mishra 
hindutva,2022,"drama the depths of hinduism is seen through its principal characters.friendship, love and student politics are put in place. karan razdan agast anand shiven basnet surmeet basra sonarika bhadoria "
shakuntala devi,2020,"biography drama shakuntala devi, a mathematician's journey to become 'the human computer' and her relationship with her daughter. anu menon vidya balan adi chugh sanya malhotra jisshu sengupta "
anwar,2007,"drama romance thriller anwar, a middle-class muslim, falls in love with mehru, a hindu girl. post her death, he is caught by the police and a misunderstanding leads them to believe that he is a terrorist. manish jha siddharth koirala nauheed cyrusi manisha koirala rajpal naurang yadav "
garv: pride and honour,2004,action crime drama an honest and decorated police officer is arrested on charges of mass murder and trapped in a corrupt political system which sends him sinking into deeper and deeper trouble. puneet issar salman khan shilpa shetty kundra arbaaz khan akanksha malhotra 
the storyteller,2022,"drama based on satyajit ray's short story ""golpo boliye tarini khuro"" about originality versus plagiarism. anant mahadevan paresh rawal adil hussain revathi tannishtha chatterjee "
mere jeevan saathi,2006,"drama music romance back in college, natasha was obsessed with vicky, who has become a successful rock star. nothing ever happened between them, however. at the time, vicky was in love with anjali, who one ...                see full summary » suneel darshan akshay kumar karisma kapoor ameesha patel gulshan grover "
kochadaiiyaan,2014,"animation action adventure a noble warrior seeks revenge against the ruler of his kingdom, who killed his father, and also ends up upsetting the neighboring enemy kingdom's ruler. soundarya rajinikanth vishagan rajinikanth deepika padukone r. sarathkumar jackie shroff "
tahkhana,1986,"action drama horror a dying thakur surjeet singh bequeaths the entire estate to his son, raghuvir, disowning the other, dhurjan, the family's black sheep, who also indulges in black magic. the latter swears to...                see full summary » shyam ramsay, tulsi ramsay hemant birje kamran rizvi arti gupta preeti sapru "
bombay,2023,"action ulas mhatre, an underworld don operates activities with his trusted members nana, tatya, and sherry. things changes when tatya goes missing with no evidence. sanjay niranjan gavie chahal deepshikha nagpal danish bhatt ganesh pai "
king uncle,1993,"comedy drama family when a runaway orphan ends up at the house of a cruel millionaire, she decides to alter his perception of the world. rakesh roshan jackie shroff shah rukh khan nagma sushmita mukherjee "
don,2007,action crime drama a poor man becomes a benevolent gangster but faces threat from an even bigger gangster. raghava lawrence nagarjuna akkineni anushka shetty raghava lawrence nikhita 
chhota bheem aur krishna: mayanagari,2011,"animation action fantasy after krishna stops maayandri from releasing her brother, kirmada, maayandri decides to exact revenge on him. later, bheem and his friends set out to rescue krishna and defeat maayandri. rajiv chilaka vatsal dubey "
bedhadak,Unknown," romantic triangular lovestory of 3 characters karan, angad and nimrit,, which gives amazing drama and emotions..!. shashank khaitan lakshya vikram bhatt shanaya kapoor gurfateh pirzada "
yaara,2020,"action crime drama former criminals reunite after years to rescue a friend arrested by the police. manish soni, tigmanshu dhulia vidyut jammwal amit sadh mohommed ali shah kenny basumatary "
de de pyaar de,2019,comedy drama romance a 50-year-old single father faces disapproval from his family and his ex-wife when he falls in love with a 26-year-old woman. akiv ali ajay devgn tabu rakul preet singh jimmy shergill 
malaal,2019,"action drama romance malaal is the story of shiva and astha, two very different people from contrasting backgrounds who experience the innocence of love. does their love find its destination or do they part ways? stay on this journey to find out. mangesh hadawale meezaan jafri sharmin segal chinmayee surve anil gawas "
match of life,2022,"comedy match of life"" is based on a cricketer's life who looks like virat kohli and what circumstances he faces in day-to-day life being a normal person with a celebrity face. aman sagar rajpal naurang yadav sudha chandran pankaj berry supriya karnik "
ek betuke aadmi ki afrah raatein,2023,drama add a plot sharad raj pawan chakravarti archanna guptaa adil hussain raghav jhingran 
do dooni chaar,2010,comedy crime drama a middle class family in india tries to buy a new car. habib faisal rishi kapoor neetu singh aditi vasudev archit krishna 
bhabhi,1991,"comedy drama family sita lives a middle-class lifestyle with her retired and widowed schoolmaster dad, ramdas. one day she is molested by prakash and slaps him. a few days later, wealthy ghanshyamdas, a former...                see full summary » kishore vyas bhanupriya govinda juhi chawla gulshan grover "
badal,2000,"action crime drama badal (bobby deol) is a victim of the 1984 riots, brought up by a terrorist (ashish vidyarthi). badal lives with the sole aim of exterminating a police cop rana (ashutosh rana) now the dgp....                see full summary » raj kanwar bobby deol rani mukerji mayuri kango ashutosh rana "
badla sherni ka,2001,"action jungle woman sherni objects when greedy hunters invade the forest, killing the animals for their tusks and hides. kanti shah sapna sappu amit pachori junior johnny lever anil nagrath "
awara pagal deewana 2,Unknown," after faking his death, former killer-for-hire guru gulab khatri retires to maldives with his new wife, tina, while his ex-wife, preeti, settles down in california with anmol. the peaceful lives of both couples are interrupted by a mafia. ahmed khan akshay kumar sanjay dutt disha patani dalip singh "
badnaam gali,2019,"comedy it encompasses the journey of a surrogate mother, played by patralekhaa, and her dynamic relationship with people around her. ashwin shetty patralekhaa paul divyendu sharma dolly ahluwalia paritosh sand "
vishwaroopam,2013,"action thriller when a classical dancer's suspecting wife sets an investigator behind him, a series of violent events are triggered, revealing his real identity and connection to a darker world. kamal haasan pooja kumar miles anderson kamal haasan rahul bose "
unpaused,2020,"drama romance an anthology that brings together 5 unique creators of hindi cinema featuring stories of love, new beginnings, second chances, and a glimmer of hope. set and filmed in the times of the covid-19 lockdown. nikkhil advani, avinash arun, tannishtha chatterjee, krishna d.k., nitya mehra, raj nidimoru gulshan devaiah saiyami kher richa chadha ishwak singh "
vedaat maratha veer daudale saat,Unknown,history seven valiant warriors who had the sole aim of bringing shivaji maharaj's dream of swarajya to reality. mahesh manjrekar akshay kumar pravin tarde satya manjrekar utkarsh shinde 
victoria: ek rahasya,2023,"horror thriller a couple arrives at hotel victoria and are greeted by the creepy owner who is the only occupant of the sprawling property. the hotel seems to house a sinister presence that harasses the couple till the secrets of the hotel are unearthed. jeet ashok, virajas kulkarni pushkar jog sonalee kulkarni aashay kulkarni heera sohal "
tum mere ho,1990,fantasy horror romance shiva is blessed with magical powers of charming snakes. he falls head-over-heels in love with paro. tahir hussain aamir khan juhi chawla ajit vachani sudhir pandey 
jaani dushman: ek anokhi kahani,2002,action fantasy horror a shape-shifting snake exacts vengeance on a group of friends for a crime they did not even commit. rajkumar kohli sunny deol arman kohli manisha koirala akshay kumar 
amar akbar anthony,1977,"action comedy drama three brothers are separated and united after many years - one is brought up a hindu, another a muslim and the last (and most memorable) a christian. hilarity and adventure ensues. manmohan desai vinod khanna rishi kapoor amitabh bachchan shabana azmi "
spirit,X, a gang leader tries to keep a promise made to his dying friend and takes on the other criminal gangs. sandeep reddy vanga shahid kapoor prabhas olivia morris trisha krishnan 
khamoshi: the musical,1996,drama musical romance the daughter of deaf-mute parents seeks their understanding when she discovers a love for music. sanjay leela bhansali manisha koirala nana patekar salman khan seema biswas 
teesri kasam,1966,comedy drama romance a naive bullock-cart driver falls for a traveling courtesan. basu bhattacharya raj kapoor waheeda rehman dulari iftekhar 
pati patni aur woh,2019,"comedy romance chintu tyagi is an ordinary, middle class man who finds himself torn between his wife and another woman. mudassar aziz kartik aaryan bhumi pednekar ananya panday aparshakti khurana "
chhatriwali,2023,"comedy drama sanya is an unemployed chemistry genius looking for a job. however, she also wants to use her knowledge of chemistry to help young minds move beyond the taboos of sex with the right education. tejas prabha vijay deoskar rakul preet singh sumeet vyas satish kaushik dolly ahluwalia "
lootcase,2020,"comedy crime nandan kumar comes across a suitcase and discovers it is full of cash. he takes the suitcase and soon finds himself being chased by a notorious gangster, an honest cop and a minister, who want the suitcase at any cost. rajesh krishnan kunal kemmu rasika dugal vijay raaz ranvir shorey "
devdas,1955,drama musical romance the scion of a wealthy landowner family turns to alcohol and self-pity and slowly self-destructs after class differences force him to break off his relationship with his childhood sweetheart. bimal roy dilip kumar suchitra sen vyjayanthimala motilal 
murder mubarak,Unknown,comedy horror mystery add a plot homi adajania vijay varma sara ali khan pankaj tripathi dimple kapadia 
rambo,Unknown,action add a plot rohit dhawan tiger shroff janhvi kapoor 
sarzameen,Unknown,"drama mystery thriller a family, in the middle of a rising insurgency in kashmir, and a terrible secret linking the two.. kayoze irani kajol prithviraj sukumaran tota roy chowdhury rajesh sharma "
ruslaan,Unknown,action thriller plot under wraps. katyayan shivpuri jagapathi babu aayush sharma vidya malvade richard bhakti klein 
earth,1998,drama romance war it's 1947 and the borderlines between india and pakistan are being drawn. a young girl witnesses tragedy as her ayah (nanny) is caught between the love of two men and the rising tide of political and religious violence. deepa mehta aamir khan nandita das rahul khanna maia sethna 
mister mummy,2022,comedy drama a couple with opposing choices when it comes to children but destiny has something else planned for the childhood sweethearts. shaad ali riteish deshmukh genelia deshmukh mahesh manjrekar atul sharma 
pailwaan,2019,"action drama sport krishna, a fierce wrestler, faces challenges in his personal life as he tries to fulfill the dream of his father, an ex-wrestler. s krishna suniel shetty sushant singh aakanksha singh sudeep "
rajnigandha,2021,"crime drama rajnigandha is a heart-wrenching story of a father and daughter. pritesh srivastava, pritesh kumar srivastava monika agnihotrie parul agrawal zoie aggarwal ahmed veebha anand "
haré rama haré krishna,1971,"drama musical in the background of the rise of the international hare krishna movement in the 1970s, is a montreal-based family of the jaiswals, consisting of mom, dad, son, prashant, and daughter, ...                see full summary » dev anand zeenat aman dev anand mumtaz askari baby guddi "
sold,2014,drama a girl risks everything for freedom after being trafficked from her mountain village in nepal to a brothel in india. jeffrey d. brown gillian anderson david arquette tillotama shome priyanka bose 
bhoot,2003,"horror mystery thriller when a married couple moves into a flat that is haunted by a spirit, a series of inexplicable experiences drive the wife to near madness. now, the husband must protect his wife to save their marriage. ram gopal varma ajay devgn urmila matondkar nana patekar rekha "
martin,2023,"action drama thriller a journey of a man discovering himself, finding love and fighting for his motherland. can he hold the fort on all three gates? a.p. arjun dhruva sarja vaibhavi shandilya sriram reddy polasane nawab shah "
pyar ke do pal,1986,"action drama twins separated by a court order meet at camp and decide to reunite their parents, unaware of the dark secret that drove them apart years before. rajiv mehra mithun chakraborty bindu desai krishan dhawan jagdeep "
tumko na bhool paayenge,2002,action romance thriller an amnesiac hindu man remembers his past as a muslim sharpshooter and an assassin. pankaj parashar pankaj dheer arbaaz khan salman khan sushmita sen 
fugly,2014,drama thriller four friends fight against a corrupt police officer who extorts money from them for not framing them in a murder which the officer committed himself. kabir sadanand jimmy shergill mohit marwah kiara advani vijender singh 
anokha bandhan,1982,"drama shyamlal has a happy family with his wife anu, and step-brother ram. anu take care of ram as her own son. anu's mother came to her house, who wants that anu should hate ram. this creates rift between anu and ram. mehul kumar shabana azmi seema deo vishal desai aruna irani "
phas gaye re obama,2010,"comedy crime drama om shastri, a recession victim comes to india to sell his ancestors property to clear is debt. on reaching he comes to know that selling the property will make his family homeless in india. later he is kidnapped by goons thinking a rich nri. subhash kapoor rajat kapoor neha dhupia sanjay mishra manu rishi chadha "
tauba tauba,2004,"comedy drama 15-year-old sunny (amin gazi), the motherless child of business tycoon mohan shanbagh (ayub khan), is obsessed with sex, partially because of his environment. his sex-crazed principal mr. ...                see full summary » t.l.v. prasad laxmikant berde bobby darling amin gazi vikaas kalantari "
hera pheri,1976,action comedy crime two friends ajay and vijay gets separated from each other when they discover secrets about their past in their own ways. prakash mehra saira banu vinod khanna amitabh bachchan sulakshana pandit 
heropanti,2014,action romance two young people find love despite the violent landscape in which they live. sabir khan tiger shroff kriti sanon parthaa akerkar sunil grover 
pihu,2016,"drama thriller a two year old must fend for herself when her mother suddenly passes by away while her father is gone for a conference, leaving her prone to danger. vinod kapri rahul bagga pihu myra vishwakarma prerna vishwakarma "
oh my ghost,2022,"comedy horror when a single women and her two friends reaches in a small town, they begin to discover their connection to the original ghost and the secret legacy their grandfather left behind r. yuvan sunny leone yogi babu motta rajendran sathish "
chamatkar,1992,"comedy drama fantasy when sunder loses everything, he seeks refuge in a graveyard, where he befriends a ghost. rajiv mehra naseeruddin shah shah rukh khan urmila matondkar malvika tiwari "
dasvidaniya,2008,"comedy drama a man who loves to make ""to-do lists"" makes one last bucket list when he realizes he is about to die. shashant shah vinay pathak sarita joshi rajat kapoor saurabh shukla "
mp3: mera pehla pehla pyaar,2007,"comedy drama musical delhi-based rohan sood lives a wealthy lifestyle along with his businessman dad, shekhar, and mom, renu. he attends st. lawrence high school and is friendly with vasu, sudhir and javed, and...                see full summary » robbie grewal menekka arora sarthak bhasin sagar chawla hazel croney "
andaaz,2003,"drama musical romance loyalty, respect, commitment and love. what is love? loyalty, respect, commitment and friendship. friendship and love... love and friendship... so much in common, yet so different in emotion! raj kanwar akshay kumar lara dutta priyanka chopra jonas rajeev verma "
shanakht,1989,drama a military officer plane crashes in a lake his life is saved but looses his memory an dis nursed by a college student. tinnu anand amitabh bachchan madhuri dixit madhavi 
daag: a poem of love,1973,drama music romance sunil is convicted of murder and is on the run. but the long arm of the law and his past finally catch up with him. can he outrun his destiny for long? yash chopra rajesh khanna sharmila tagore rakhee gulzar prem chopra 
dostana 2,2021,comedy add a plot collin d'cunha janhvi kapoor abhishek banerjee lakshya kirron kher 
nache nagin gali gali,1989,"horror while trying to save themselves from an evil black magician, two shape-shifting snakes who are in love with each other get separated in a crowd. as young adults, they both try to find each other. mohanji prasad meenakshi sheshadri nitish bharadwaj sadashiv amrapurkar sahila chaddha "
auron mein kahan dumtha,Unknown,drama romance showcases a love story that unfolds from 2002 to 2023. neeraj pandey ajay devgn tabu jimmy shergill shantanu maheshwari 
what's your raashee?,2009,"comedy drama romance a young man has only ten days to locate his soulmate as dictated by the stars, otherwise he could lose a fortune. he thus embarks on a journey through love, looking through twelve girls to find the one who fits his horoscope. ashutosh gowariker harman baweja priyanka chopra jonas anjan srivastav manju singh "
tutak tutak tutiya,2016,comedy horror the hindi version of the trilingual horror-comedy wherein a husband finds out his wife is possessed. the telugu version is abhinetri (2016) and the tamil version is devi (2016) a.l. vijay sonu sood rajiv thakur rj ajay rj balaji 
jaal: the trap,2003,"action crime drama when his girlfriend is kidnapped by kashmiri terrorists, a commando is tasked with kidnapping the home minister's daughter in order to secure his lady love's release. guddu dhanoa sunny deol tabu reema sen anupam kher "
sharaabi,1984,comedy drama romance a workaholic businessman neglects his only son after his wife's death. the son grows up to be a rebellious alcoholic. prakash mehra amitabh bachchan ranjeet bedi bharat bhushan c.s. dubey 
badmaa$h company,2010,comedy crime drama four youngsters grow rich together with a big idea in 90's middle-class bombay. all is hunky dory till they are forced to shut shop until a plan comes up. parmeet sethi shahid kapoor anushka sharma meiyang chang vir das 
hamari adhuri kahani,2015,"drama romance a single mother finds solace with a wealthy, but lonely hotel magnate, together they find love until her past comes back to confront her. mohit suri emraan hashmi vidya balan rajkummar rao sara khan "
bad boy,2023,comedy drama romance a light comedy about a good-for-nothing boy who falls in love with a studious girl from a conservative family. thus the funny conflict and situations that pop up. rajkumar santoshi namashi chakraborthy amrin qureshi darshan jariwala johny lever 
doordarshan,2020,"comedy drama when the family's grandmother wakes up, the parents who have been bickering over their divorce are compelled to revive their marriage and keep the peace at home. gagan puri manu rishi chadha mahie gill dolly ahluwalia shardul rana "
haasil,2003,"crime drama romance aniruddh, a law-abiding college student, in love with niharika, gets caught up in college politics and crime and must fight it out for himself when his friend becomes his foe. tigmanshu dhulia jimmy shergill hrishitaa bhatt irrfan khan ashutosh rana "
neal 'n' nikki,2005,comedy musical romance take a joyride with neal and nikki as they travel all across canada to find what they want most. and it's going to be quite a trip. arjun sablok uday chopra tanishaa mukerji abhishek bachchan richa pallod 
bandhan,1998,"action drama romance a united household is shaken to the core when raju's (salman khan's) brother-in-law marries a prostitute. k. muralimohana rao, rajesh malik jackie shroff salman khan rambha ashwini bhave "
hijack,2008,"action thriller after the passing away of his wife, pooja, delhi-based vikram madan, enrolls his daughter, priya, in a boarding school in amritsar, and re-locates to work as a mechanic at chandigarh ...                see full summary » kunal shivdasani shiney ahuja mona ambegaonkar ananya chadha gananay chadha "
fida,2004,"action crime drama a young man is hellbent to destroy his arch enemy and his lover, who destroyed his life. ken ghosh kareena kapoor fardeen khan shahid kapoor kim sharma "
cold case,2021,"horror mystery thriller the film tells the riveting story of a complex murder case, parallelly investigated by a police officer and an investigative journalist in their own way, who eventually cross paths to unravel secrets they never imagined. tanu balak prithviraj sukumaran aditi balan lakshmi priyaa chandramouli anil nedumangad "
mastizaade,2016,comedy sunny kele and aditya chothia are two spoiled bachelors who are sex addicts. their life takes an unexpected turn after they meet twin sisters lily and laila who treat sex addicts at their clinic. milap zaveri tusshar kapoor vir das sunny leone govardhan asrani 
ab tak chhappan,2004,crime drama an honest encounter specialist's life begins to change with the arrival of a new police commissioner who has ties with a local don. shimit amin nana patekar revathi yashpal sharma mohan agashe 
akele hum akele tum,1995,drama romance an estranged couple battle for the custody of their only son. mansoor khan aamir khan manisha koirala master adil deven verma 
jab pyaar kisise hota hai,1998,"comedy drama romance a playboy's past catches up with him, when he wants to get married deepak sareen salman khan twinkle khanna johny lever farida jalal "
allah-rakha,1986,"action drama karim khan is employed as driver for a gangster named don, who has an accident with his car, and asks karim to take the blame for it for a hefty sum of cash, which karim does so, and is ...                see full summary » ketan desai jackie shroff shammi kapoor waheeda rehman biswajeet chatterjee "
bhaagamathie full hindi dubbed movie,2018,horror add a plot ashok g. jayaram asha sharath murli sharma anushka shetty 
saathiya,2002,drama family romance a couple elopes to get married and set up home hoping that just love will do the trick - but that's just the beginning of their story. shaad ali vivek oberoi rani mukerji shah rukh khan tabu 
ankahi kahaniya,2021,"drama romance as big city life buzzes around them, lonely souls discover surprising sources of connection and companionship in three tales of love, loss and longing. abhishek chaubey, saket chaudhary, ashwiny iyer tiwari abhishek banerjee t.j. bhanu nikhil dwivedi palomi ghosh "
pudhu pettai,2006,"action crime drama after running away from his home, kumar falls in with a gang and slowly rises through the ranks of the criminal underworld. k. selvaraghavan dhanush sneha sonia agarwal azhagam perumal "
tejas,2023,"action drama thriller revolves around the extraordinary journey of tejas gill, an air force pilot, and aims to inspire and instill a deep sense of pride in the valiant soldiers who tirelessly defend our nation, confronting numerous challenges along the way. sarvesh mewara kangana ranaut anshul chauhan varun mitra veenah naair "
shubh mangal saavdhan,2017,"comedy romance in this remake of kalyana samayal saadham (2013), a couple fall in love but then the groom discovers that he suffers from erectile dysfunction. r.s. prasanna ayushmann khurrana bhumi pednekar seema pahwa anshul chauhan "
phantom,2015,action drama thriller a disgraced indian soldier carries out a series of assassinations in the hope of restoring his honour. kabir khan saif ali khan katrina kaif sabyasachi chakrabarty rajesh tailang 
coolie no. 1,2020,"action comedy romance after being insulted by a rich businessman named rosario, pandit jai kishen teaches him a lesson by getting his daughter married to raju - a coolie posing as a millionaire. david dhawan varun dhawan sara ali khan paresh rawal jaaved jaaferi "
aisha,2010,comedy drama romance chaos results after a wealthy woman decides to turn matchmaker for a naive village belle. rajshree ojha sonam kapoor abhay deol karamjeet madonna amrita puri 
gumnaam,1965,"drama mystery thriller eight people are stranded on an island. they reach a mansion where a butler is awaiting them. then an unknown, vengeful person starts killing them, one by one. raja nawathe nanda karnataki manoj kumar pran sikand helen "
fire in the mountains,2021,"drama a mother toils to save money to build a road in a himalayan village to take her wheelchair-bound son for physiotherapy but her husband who believes that a shamanic ritual 'jaagar' is the remedy, steals her savings. ajitpal singh vinamrata rai chandan bisht harshita tiwari mayank singh jaira "
yaar gaddar,1994,"action drama mystery when his brother becomes involved in a deadly bank robbery, a heartbroken cop vows to track down and retrieve his wayward sibling -- dead or alive. umesh mehra saif ali khan sweta somy ali deven bhojani "
barsaat,1995,"action romance a naive young man and a rich city girl fall in love. her stepfather, however, doesn't approve of the match and will stop at nothing to split the pair. rajkumar santoshi bobby deol twinkle khanna raj babbar mukesh khanna "
heyy babyy,2007,comedy drama three bachelors who are compulsive womanizers find their lives turned upside down when a baby is left at their doorstep. the trio suspect each other of being the father. sajid khan akshay kumar fardeen khan riteish deshmukh vidya balan 
dhol,2007,"comedy crime mystery four lazy friends try to woo a rich girl, in order to live a wealthy lifestyle. their plan, however goes horribly wrong after they get embroiled with a notorious criminal. priyadarshan, aman ullah sharman joshi tusshar kapoor kunal kemmu rajpal naurang yadav "
bahut hua sammaan,2020,"comedy crime drama with their planned heist gone wrong, bony and fundoo get inextricably involved in the pursuit of 'kohinoor' - quite possibly the biggest scandal the country will ever witness. ashish r. shukla sanjay mishra ram kapoor raghav juyal dibyendu bhattacharya "
lajja,2001,action crime drama the lives of four women from different places are the victims of male chauvinism and marital abuse. they decide to fight for their rights and dignity against the social norms and injustice. rajkumar santoshi manisha koirala jackie shroff madhuri dixit ajay devgn 
krishna cottage,2004,horror mystery romance a group of collegians are forced to take shelter in a mysterious krishna cottage for the night. little do they know that the cottage is haunted by a spirit. santram varma sohail khan isha koppikar anita hassanandani reddy rati agnihotri 
jung,1996,"action crime drama jung tells the story of arjun (mithun chakraborty), an honest and passionate police officer who finds himself clashing with his younger brother ajay (ajay devgan), an equally passionate ...                see full summary » rama rao tatineni mithun chakraborty ajay devgn rambha vani viswanath "
nela ticket,2018,action comedy crime a carefree young man is forced to grow up fast after he incurs the wrath of a corrupt politician. kalyan krishna ravi teja malvika sharma jagapathi babu sampath raj 
pyasi nigahen,1990,"thriller the city quails as a masked murderer stalks nubile women. the law helpless, only the local tantrik (shaman) dumroo baba seems to hold the key to catching the murderer...or does he? kesar matharu birbal sahila chaddha ajinkya deo annu kapoor "
veere di wedding,2018,comedy four girls on their way to find true love discover that their friendship must remain strong until the wedding of a friend named veer. shashanka ghosh kareena kapoor sonam kapoor swara bhasker shikha talsania 
fire,1996,drama romance two women who are abandoned by their husbands find love and solace in each other. deepa mehta shabana azmi nandita das karishma jhalani ramanjeet kaur 
nh10,2015,"action crime drama on their way to a weekend retreat, a married couple find their dream vacation turn into a nightmare when they cross paths with a dangerous gang. navdeep singh anushka sharma neil bhoopalam darshan kumaar deepti naval "
gunjan saxena: the kargil girl,2020,"action biography drama inspired by the life of a fearless young officer who made history by becoming the first indian female air force officer to fly in a combat zone during the 1999 kargil war ali khan ak, sharan sharma janhvi kapoor pankaj tripathi angad bedi manav vij "
silence... can you hear it?,2021,"crime thriller when everyone is hiding the truth, justice will thrive despite the silence. prepare for a murder mystery that will keep you guessing till the end. aban bharucha deohans, tania deohans sahil vaid saurrabh kushwaha pankaj anand manoj bajpayee "
badass ravikumar,2024,"action musical the xpose franchise now goes to the next level with himesh reshammiya doing a spin-off from his iconic character ravi kumar from his hit film 'the xpose' as an action musical entertainer, in which he is up against 10 sensational villains. himesh reshammiya prabhu deva himesh reshammiya sonia kapoor "
baap,Unknown,action add a plot vivek chauhan lankesh bhardwaj sanjay dutt sunny deol jackie shroff 
khoj,2017,"crime mystery thriller when a doctor claims that his wife has gone missing, but can only produce a single photo of her, a police inspector begins unearthing secrets that shock the surrounding misty hill town of india. arka ganguly vikram chatterjee shataf figar poonam gurung arnab bhattacharya "
jhoom barabar jhoom,2007,"comedy drama musical a crazy love story full of lies, deceits and a complicated quadrangle where each one has to think quickly and dance around each other's emotions. shaad ali abhishek bachchan preity g zinta bobby deol lara dutta "
humshakals,2014,"comedy drama romance a comedy centered around three people who each have a lookalike of a lookalike, all with the same name. sajid khan saif ali khan riteish deshmukh ram kapoor bipasha basu "
prahaar: the final attack,1991,"drama thriller action prahaar is the story of major chauhan, a tough and stern soldier, trained to destroy the enemy. he can see the enemy on our borders but is unaware of the invisible enemy within ourselves. ...                see full summary » subhankar ghosh, nana patekar nana patekar dimple kapadia gautam joglekar madhuri dixit "
maine dil tujhko diya,2002,"action romance in order to win his love back, a rebellious youth accepts a deadly challenge from her father with several hurdles. sohail khan, azim shaikh sohail khan sameera reddy sanjay dutt kabir bedi "
raja natwarlal,2014,crime thriller a small-time con man seeks assistance from his mentor with the intention of settling scores with a gangster. kunal deshmukh emraan hashmi humaima malik paresh rawal kay kay menon 
chhorii,2021,drama horror thriller eight-month pregnant sakshi must save herself and her unborn child from the evil within society and from the fear that lies in the paranormal world. vishal furia nushrratt bharuccha mita vashisht gracy goswami rajesh jais 
andhaa kaanoon,1983,action drama two siblings attempt to avenge the death of their parents. but the sister believes in the law while the brother believes in administering justice himself. rama rao tatineni rajinikanth hema malini reena roy amitabh bachchan 
the song of scorpions,2017,"drama aadam, a camel trader fell in love with nooran, a tribal woman. but even before they can get to know each other better, nooran is poisoned by a treachery that sets her on a perilous journey to avenge herself and find her song. anup singh golshifteh farahani irrfan khan waheeda rehman shashank arora "
ram jaane,1995,"action crime drama a social worker tries diligently to steer a group of wayward street urchins on the right path. but his childhood friend, now a fearless gangster, plans to bring the children into his fold. rajiv mehra shah rukh khan juhi chawla vivek mushran pankaj kapur "
machine,2017,"action mystery romance machine depicts the story of racing enthusiasts , who meet each other under mysterious circumstances. as their bond becomes stronger, they eventually fall in love. however, new things begin to unfold, which change their lives forever abbas alibhai burmawalla, mastan alibhai burmawalla, abinash rout kiara advani rishabh arora mustafa burmawala shabbir burmawala "
acting ka bhoot,2023,"comedy crime two con artists with shattered lives and dreams who end up falling in love, while trying to scam each other. shashank kumar aham sharma rajni katiyar saanand verma ishtiyak khan "
hamara dil aapke paas hai,2000,"action drama romance inspired by the telugu film, ""pelli chuskundam,"" the plot follows the life of a rape victim (aishwarya rai). now, a disgrace to her family, she is turned away from her house after the ...                see full summary » satish kaushik anil kapoor aishwarya rai bachchan sonali bendre puru rajkumar "
pyaar ishq aur mohabbat,2001,"drama musical romance young and beautiful isha nair has three admirers - yash sabharwal, gaurav saxena and taj bharadwaj; all of them comes from affluent backgrounds and are willing to go to any length in order ...                see full summary » rajiv rai arjun rampal kirti reddy suniel shetty aftab shivdasani "
pantham,2018,action vikranth is a vigilante who has targeted 'nayak bhai' and his money. who is vikranth and what is his beef with nayak forms the crux of the story. k. chakravarthy reddy gopichand mehreen pirzada ajay joy badlani 
kyaa kool hai hum,2005,comedy mystery karan and rahul are fashion designers and surives on food of others functions. but some twists and confusion changes their life. sangeeth sivan tusshar kapoor riteish deshmukh isha koppikar neha dhupia 
hamid,2018,"drama eight year-old hamid learns that 786 is god's number and decides to try and reach out to god, by dialing this number. he wants to talk to his father, who his mother tells him has gone to allah. one fine day the phone call is answered. aijaz khan talha arshad reshi vikas kumar rasika dugal sumit kaul "
apna sapna money money,2006,"comedy musical romance kishan is a young man from goa whose brain is full of every conceivable trick to make a quick buck. he cons people by slipping into different outfits and by assuming many guises. julie, is ...                see full summary » sangeeth sivan riteish deshmukh shreyas talpade riya sen koena mitra "
daag: the fire,1999,"action drama thriller karan, a former soldier tries to extract revenge from a corrupted lawyer. in the process, the lawyer loses his mental balance and karan needs to treat him to get him killed. raj kanwar sanjay dutt chandrachur singh mahima chaudhry shakti kapoor "
the killer,2006,"action crime drama a cab driver finds himself held hostage by a hitman who forces him to drive through the roads of dubai and help him kill his targets. hasnain hyderabadwala, raksha mistry irrfan khan emraan hashmi priyanka kothari bharti achrekar "
mission lion,Unknown,thriller add a plot jagan shakti tiger shroff sara ali khan hiten patel atul sharma 
siren,2023,"crime thriller samarth, a young ips officer, is given his first assignment to solve a murder case. as he investigates, a pandora's box opens. can he solve it? raja venkiya praveer shetty lasya ponnu ash achyuth kumar pavitra lokesh "
laila aur satt geet,2020,"drama laila aur satt geet is part allegory, part ethnographic study, and part feminist fairy tale, using the narrative device of local folk songs - seven, to be exact - to describe the protagonist - laila's inner and outer worlds. pushpendra singh navjot randhawa sadakkit bijran shahnawaz bhat ranjit khajuria "
oye lucky! lucky oye!,2008,"comedy crime drama lovinder singh, a thief now in custody and facing trial, reflects on his life of crime while the press reflect on how he managed to get away with so much before being arrested. dibakar banerjee abhay deol paresh rawal nitu chandra archana puran singh "
bhoot: part one - the haunted ship,2020,horror mystery thriller a bereaved shipping officer investigates the mystery behind a ghost ship that washes ashore in mumbai. bhanu pratap singh vicky kaushal ashutosh rana meher vij akash dhar 
shabaash mithu,2022,"biography drama sport a biopic based on the life and struggles of mithali raj, indian cricketer, and captain of the indian national cricket team. srijit mukherji taapsee pannu vijay raaz geeta agrawal sharma sameer dharmadhikari "
hulchul,2004,"action comedy drama a man and woman from feuding families each pretend to fall in love, as part of a revenge plot. chaos ensues when their fake romance becomes a reality. priyadarshan akshaye khanna kareena kapoor amrish puri lakshmi "
saand ki aankh,2019,"biography drama both over the age of 60, chandro tomar and prakashi tomar inspire other women in india when they demonstrate their expert sharpshooting skills. tushar hiranandani taapsee pannu bhumi pednekar prakash jha vineet kumar singh "
vijaypath,1994,"action drama romance when a notorious criminal is apprehended by an industrious inspector and subsequently convicted by the officer's brother, he seeks the ultimate revenge against the family. farogh siddique ajay devgn tabu suresh oberoi reema lagoo "
kodiyil oruvan,2021,action drama situations push a common man to oppose an influential guy in his area and how he develops himself stronger to fight back his enemies forms the crux of the story. ananda krishnan vijay antony aathmika divya prabha ramachandra raju 
paltan,2018,action drama history an action-war drama based on the 1967 nathu la and cho la clashes along the sikkim border after 1962 sino-indian war. j.p. dutta jackie shroff arjun rampal sonu sood gurmeet choudhary 
rehnaa hai terre dil mein,2001,"comedy drama musical maddy impersonates rajeev, the person his love interest, reena, is about to marry and attempts to woo her. however, he is unprepared for the moment when the truth will be revealed. gautham vasudev menon madhavan saif ali khan dia mirza vrajesh hirjee "
ta ra rum pum,2007,comedy drama family ace car racer rv and his wife have the world at their feet. but he has an accident and his world is turned upside down. can he reclaim his lost glory? siddharth anand saif ali khan rani mukerji jaaved jaaferi ali haji 
indoo ki jawani,2020,comedy drama a coming-of-age story of a girl who experience life through misadventures & dating apps. abir sengupta kiara advani aditya seal mallika dua kimsa sok 
the dirty picture,2011,"biography comedy drama the love story between an actress and a director, inspired by the life of the late south indian actress silk smitha. milan luthria vidya balan emraan hashmi tusshar kapoor naseeruddin shah "
pagalpanti,2019,"action comedy 3 men, considered as losers in their lives by the people, plan to get rich along with their girlfriends by fooling 2 gangsters and robbing their money. anees bazmee anil kapoor john abraham ileana d'cruz arshad warsi "
dil ka rishta,2003,"drama musical romance a man faces a dilemma after he accidentally kills his lover's fiancee and hides this secret from her, not knowing that it may create a rift in their lives. naresh malhotra arjun rampal aishwarya rai bachchan priyanshu chatterjee rakhee gulzar "
khaali peeli,2020,action comedy romance follows a taxi driver who picks up a girl while he is on the run and ends up in a crazy roller-coaster of events. maqbool khan ishaan khattar ananya panday sayeem afran jaideep ahlawat 
aandhi,1975,"drama romance hotel manager j.k. (sanjeev kumar) works there. one day, he bravely steps in to save aarti, the drunken daughter of a politician (suchitra sen). aarti and j.k. have a small ceremony to ...                see full summary » gulzar suchitra sen sanjeev kumar om shivpuri manmohan "
shamitabh,2015,"drama an aspiring actor with the inability to speak, joins forces with a man who has a powerful voice. together they take the film industry by storm, but will their egos get in the way? r. balki amitabh bachchan dhanush akshara haasan abhinaya "
miss lovely,2012,"crime drama romance a hindi feature film set in the lower depths of bombay's ""c"" grade film industry. miss lovely follows the devastating story of two brothers who produce sleazy horror films in the mid-1980s. ashim ahluwalia nawazuddin siddiqui niharika singh anil george zeena bhatia "
vidhaata,1982,"action drama when kunal decides to avenge abu baba's death, he discovers his grandfather's true identity and the reason behind his father's death. subhash ghai tom alter harbans darshan m. arora birbal krishan dhawan "
pran jaye par vachan na jaye,1974,action drama musical raja thakur (sunil dutt) is an outlaw who fights oppression and corruption in his own unique way. this robin hood like figure is a feared and respected figure among the villagers and when ...                see full summary » s. ali raza sunil dutt rekha bindu desai ranjeet bedi 
dil ka kya kasoor,1992,"musical romance shalini saxena lives a wealthy life-style with her brother rajesh. she attends college and writes a few poems under the name seema as part time activity, she meets her fellow collegian an ...                see full summary » lawrence d'souza prithvi vazir divya bharti sanam laxmikant berde "
suhaag,1994,"action comedy drama collegian ajay sharma was born on 2 april 1968 and lives in bombay with his widowed mom asha. he is friendly with fellow-collegian raj sinha, from a wealthy family. ajay often gets beaten ...                see full summary » kuku kohli ajay devgn akshay kumar karisma kapoor nagma "
raja babu,1994,action comedy drama a man tries to become a better son after his intended bride rejects him and he learns he was adopted from a poor family. david dhawan govinda karisma kapoor shakti kapoor kader khan 
parivartan,2022,"family parivartan is a hindi web film based on family drama concept, starring by simran sharma, vineet singh chandel and girish thapar while written and directed by pranav vatsa. pranav vatsa vineet singh chandel geeta gopal govekar ziya seikh simmran sharma "
tigers,2014,"drama ayan, a pharmaceutical salesman in pakistan, takes on the multinational health care corporation he works for after he realizes they knowingly marketed a baby formula that's responsible for the death of hundreds of babies everyday. danis tanovic emraan hashmi geetanjali thapa danny huston khalid abdalla "
aa ab laut chalen,1999,musical romance drama rohan khanna leaves india hoping for a better life in america. rishi kapoor rajesh khanna akshaye khanna aishwarya rai bachchan suman ranganath 
khubsoorat,1980,comedy drama family a strict matriarch's regimented household is upended by the arrival of a spunky relative who challenges the rules. hrishikesh mukherjee ashok kumar rekha rakesh roshan shashikala jawalkar 
untitled srk-suhana-marflix movie,Unknown,action a father-daughter action thriller that delves into the intense and complex relationship between a father and daughter. sujoy ghosh amitabh bachchan vidya balan riteish deshmukh sanjay dutt 
rishtey,2002,action drama romance suraj singh (anil kapoor) is in love with the beautiful and wealthy komal (karisma kapoor). they dream of their perfect family together but her arrogant father yashpal chaudhary (amrish ...                see full summary » indra kumar anil kapoor karisma kapoor shilpa shetty kundra kaivalya chheda 
chaahat,1996,"drama romance roop and his father come to the city for medical treatment and reshma falls in love with roop. roop loves pooja, but when reshma threatens to kill herself, roop agrees to marry her. mahesh bhatt naseeruddin shah shah rukh khan pooja bhatt anupam kher "
aalavandhan,2001,"action crime thriller nandu and vijay are brothers, who were abused by their stepmother during their younger days. nandhu, who is mentally ill, decides to kill vijay's fiancee as he visualizes her as his stepmother. suresh krishna kamal haasan raveena tandon manisha koirala kitu gidwani "
shubh mangal zyada saavdhan,2020,"comedy crime romance the road to achieving a happy ending is a little too rough for two guys kartik and aman. while aman's family tries hard to battle his love for kartik, kartik isn't prepared to step back until he marries aman. hitesh kewalya ayushmann khurrana jitendra kumar gajraj rao neena gupta "
one night stand,2016,drama romance the story is about urvil raisingh and celina who meet at an event and a memorable night later. returning back home they continue with their lives. the memories of celina haunt urvil. what happens next forms the crux of the unfolding drama. one night stand explores the hypocritical world we live in. what is it that urvil wants? jasmine d'souza tanuj virwani sunny leone narendra jetley aamir ahmed 
laawaris,1981,"drama action musical a man, abandoned as a baby and forced to live as an orphan, is unknowingly employed by his biological father. prakash mehra amitabh bachchan zeenat aman rakhee gulzar amjad khan "
dacait,1987,"action drama arjun yadav return from the city after completing his studies to get settled in his village with his family consisting of his mother devi chaudaran, his older brother amrit and sister. ...                see full summary » rahul rawail rakhee gulzar sunny deol meenakshi sheshadri suresh oberoi "
naam,1986,"crime drama thriller follows the story of vicky, who gets entrapped in a criminal plot after he leaves his country for work. mahesh bhatt nutan kumar gaurav sanjay dutt poonam dhillon "
nishabd,2007,"drama a man, who has been married for 27 years, falls in love with his 18-year-old daughter's friend. ram gopal varma amitabh bachchan jiah khan revathi nassar "
kadhalar dinam,1999,"drama musical romance two college students, the slum child raja and the dean's daughter roja, chat with each other over the internet and fall in love. however, roja is engaged and raja cannot bear to disrespect her father, to whom he owes his livelihood. kathir kunal sonali bendre nassar goundamani "
sixteen,2013,"drama romance thriller welcome to sixteen's world. a world where growing up has speeded up multifold times. once upon a time, it was the age of innocence, the age of sweetness, the age when one had the first ...                see full summary » raj purohit, lal mohan wamiqa gabbi izabelle leite mehak manwani highphill mathew "
lohardaga,2023,"drama a twenty year old boy manu, who dreams of joining the indian army, ends up joining maoists because of a dubious job agent, who manipulates manu that the government is awarding jobs to the maoists who surrender. lal vijay shahdeo priya ambust raquib arshad sanjay barman amit kumar bhagat "
sathyam,2008,"action crime drama sathyam, an assistant police commissioner, fights crime in his own way. rajsekhar vishal nayanthara brahmanandam kota srinivasa rao "
salmon 3d,2023,"romance thriller sarfarosh, wife sameera and daughter shaza are living their life in dubai. while his wife and daughter go to their native town, his college mates arrange a surprise party for him. as they arrive in dubai, a mysterious murder takes place. shalil kallur vijay yesudas jonita doda rajeev pillai dhruvanth "
gumrah,1993,"action crime drama roshni chadha is the only child of sharda chhadha, and has no knowledge of the whereabouts of her absconding dad, prakash chhadha. roshni is introduced to rahul malhotra and both are ...                see full summary » mahesh bhatt sanjay dutt sridevi anupam kher rahul roy "
ijaazat,1987,"drama musical romance meeting accidentally five years after their divorce, a couple reflects on how their marriage collapsed despite transparency. gulzar rekha naseeruddin shah anuradha patel rammohan sharma "
chimanee pakhre,2000,"drama nandini is on last stage of cancer during this time tragedy strikes as her husband is killed by a village rival,nandini now is forced to put all her four children for adoption to give them a better life. mahesh kothare anand abhyankar laxmikant berde priya arun berde nagesh bhonsle "
ek vivaah... aisa bhi,2008,"drama romance a middle class girl, who lives with her family, falls in love with a rich boy. on the day of her engagement her father dies. in order to take care of her siblings, she must sacrifice her love. kaushik ghatak isha koppikar sonu sood anand abhyankar daman baggan "
break ke baad,2010,"comedy drama romance aaliya is not ready for commitment even after a decade-long friendship with abhay. she remains indifferent when he follows her to australia, but is finally shaken when he announces his marriage. danish aslam imran khan deepika padukone namit shah parzaan dastur "
rock on 2,2016,"drama music the band, magik reunites with some new members. shujaat saudagar farhan akhtar shraddha kapoor arjun rampal purab kohli "
indrasabha,1932,musical romance big-budget movie with over 69 songs. 'the hindi devmala [hindi pantheon] with the islamic ravaiyat' are crystallized into a plot structure revolving around a benevolent king whose moral ...                see full summary » jamahedji jehangirji madan nissar jehanara kajjan abdul rehman kabuli mukhtar begum 
maharaj,Unknown,biography crime drama storyline is being kept under wraps. malhotra p. siddharth jaideep ahlawat sharvari wagh shalini pandey mark bennington 
21: battle of saragarhi,Unknown,"war the film is based on the battle from the 19th century when 12,000 afghans attacked a british indian contingent, which also comprised of 21 sikhs who went on to become the heroes of the mission. rajkumar santoshi randeep hooda vikramjeet virk apinderdeep singh nitin chauhan "
bumm bumm bole,2010,drama family thriller pinu loses his sister rimzim's shoes so they both decide to share a pair of shoes until their father has saved enough money to buy a new pair. priyadarshan atul kulkarni rituparna sengupta darsheel safary ziyah vastani 
anjaam,1994,crime drama thriller vijay falls in love shivani and proposes her only to be rejected every time. however his love turns into an obsession and turns her life into a hell. rahul rawail madhuri dixit shah rukh khan tinnu anand johny lever 
hacked,2020,thriller a young woman finds her life turned upside down when she rejects the advances of a teenage hacker. vikram bhatt hina khan komal chhabria sougata ghosh rohan shah 
dybbuk: the curse is real,2021,"drama horror mahi, a newly married woman, brings an antique jewish box into her home. when mahi and her husband sam begin to have paranormal experiences, they soon learn that the box is a dybbuk ...                see full summary » jay.k emraan hashmi nikita dutta manav kaul imaaduddin shah "
haathi mere saathi,1971,"drama family musical orphaned raju, in the company of four elephants, has to perform with them at street corners, in order to keep alive. slowly he amasses a fortune, and is able to build his own private zoo, ...                see full summary » m.a. thirumugham rajesh khanna tanuja samarth david abraham sujit kumar "
mausam,1975,"musical romance a medical student, amarnath meets and falls in love with the daughter of a herbal medicine healer, chanda while preparing for his exams in darjeeling. he returns to calcutta to sit his ...                see full summary » gulzar sanjeev kumar sharmila tagore om shivpuri agha "
sardaar gabbar singh,2016,action comedy crime a kingdom called rathanpur was taken ruthlessly by a feudal lord named bhairav singh. the princess of that empire was in a hopeless situation until a maverick cop named sardaar gabbar singh came along. k.s. ravindra pawan kalyan kajal aggarwal sharad kelkar sanjjanaa galrani 
vardi,1989,action crime drama inspector verma and havaldar bhagwan singh arrests lalchand; with bhagwan singh loses his life in the process leaving an only son ajay to be brought up by verma and his wife. years later ...                see full summary » umesh mehra sunny deol jackie shroff kimi katkar madhuri dixit 
aag ke sholay,1988,"action thriller add a plot s.r. pratap, s.r. pratap sumeet saigal vijayata pandit hemant birje sripradha "
kacchey limbu,2022,drama family a wilful young girl who is in the race of fulfilling dreams imposed on her by everyone and being at the receiving end each time. shubham yogi sukhita aiyar rajat barmecha radhika madan ayush mehra 
yeh hai jalwa,2002,"comedy drama romance raj saxena (salman khan) goes to london, expecting his long-lost dad (rishi kapoor) to warmly greet him, but things do not go as planned. david dhawan rishi kapoor salman khan ameesha patel rati agnihotri "
saawariya,2007,"drama musical romance two souls arrive in a small town, one on vacation, the other to meet a lover. they spend the most magical dream-like days of their lives in that town... with each other. sanjay leela bhansali ranbir kapoor sonam kapoor salman khan rani mukerji "
emergency,2023,"drama history based on true events that unfolded in 1975. the chronicles incidents that took place under the leadership of mrs indira gandhi, one of the most powerful women in indian history. kangana ranaut anupam kher kangana ranaut satish kaushik mahima chaudhry "
makdee,2002,"comedy family fantasy in a small north indian village, legend has it that a 100 years-old witch lives in an abandoned mansion on the village outskirts, and any person who goes inside is turned into an animal. in...                see full summary » vishal bhardwaj shabana azmi shweta basu prasad makrand deshpande aalaap majgavkar "
black rose,2021,"thriller titli dies in a car accident but inspector tara doubts it as a planned murder... the complete movie is about the investigation. hemant n mishra, sandeep rampher kumar samiksha bhatnagar abhilash narain sanjana shukla jai shanker tripathi "
kaalia,1981,"action drama jailed for robbing his brother's unscrupulous employer, a simpleton has a transformation while in prison, emerging with a violent mission for revenge. tinnu anand amitabh bachchan asha parekh parveen babi amjad khan "
prem rog,1982,"drama musical romance manorama, the daughter of a rich, orthodox family is married off, leaving her childhood friend deodhar and his secret love for her, in despair. when tragedy befalls her, and traditions seem unfair, deodhar must fight for what's right. raj kapoor shammi kapoor nanda karnataki tanuja samarth vijayendra ghatge "
sarkar raj,2008,action crime drama an even more powerful gang emerges to wipe out sarkar from the playground. a power plant proposal becomes a cause for greater political turmoil around him. what happens to the family? ram gopal varma amitabh bachchan abhishek bachchan aishwarya rai bachchan ravi kale 
phoonk,2008,drama horror mystery an atheist is forced to consult an exorcist after his daughter shows signs of being possessed. ram gopal varma sudeep amruta khanvilkar ahsaas channa ashwini kalsekar 
gehrayee,1980,"drama horror when a successful manager decides to sell his plantation in his ancestral village to another company, his young daughter begins acting very strangely. vikas desai, aruna raje shreeram lagoo anant nag indrani mukherjee padmini kolhapure "
yamla pagla deewana,2011,"action comedy drama a married canadian travels to india to re-unite with his estranged father and brother but faces obstacles and challenges. samir karnik, jeet rataul nafisa ali yugesh anil madhuri bhattacharya bhupindder bhoopii "
saajan ka ghar,1994,"drama the dhanrajs are blessed with a daughter. however, during childbirth, dhanraj's wife dies and he blames his daughter for his wife's fate. he refuses to see her face and remarries. his ...                see full summary » surendra kumar bohra rishi kapoor juhi chawla deepak tijori farheen "
love story 2050,2008,"action adventure drama with the help of his uncle, a man travels to the future to try and bring his girlfriend back to life. harry baweja harman baweja priyanka chopra jonas boman irani archana puran singh "
commando 2,2017,"action adventure thriller commando karan uses his combat skills to eradicate black money, which has been siphoned to banks abroad. deven bhojani vidyut jammwal adah sharma esha gupta freddy daruwala "
mehsampur,2018,drama a desperate filmmaker drives a neurotic actress and an aging musician to a village of trauma. kabir singh chowdhry lal chand navjot randhawa devrath joshi jagjeet sandhu 
mere brother ki dulhan,2011,comedy drama family a quirky rom-com where kush finds the ideal indian bride dimple for his brother luv and a series of comical and unpredictable events follow. ali abbas zafar imran khan katrina kaif ali zafar tara d'souza 
12th fail,2023, the real-life story of ips officer manoj kumar sharma and irs officer shraddha joshi. vidhu vinod chopra perry chhabra sam mohan vikrant massey priyanshu chatterjee 
jaan-e-mann: let's fall in love... again,2006,"comedy drama musical follows a love triangle between agastya, suhaan and piya. shirish kunder salman khan akshay kumar preity g zinta anupam kher "
umrao jaan,2006,"drama romance j.p. dutta's adaption of the urdu novel ""umrao jan ada"" by mirza haadi ruswa (1905). j.p. dutta aishwarya rai bachchan shabana azmi suniel shetty abhishek bachchan "
dum maaro dum,2011,action crime drama a corrupt police officer is entrusted the task of apprehending drug-dealers. rohan sippy abhishek bachchan deepika padukone bipasha basu rana daggubati 
farz,1967,"action crime thriller when criminal investigating officer, amarnath is murdered during the line of duty; intelligence suspect it is the handiwork of foreign criminals who wants to destroy india with the help of ...                see full summary » ravikant nagaich jeetendra babita kapoor aruna irani kanchana "
sui dhaaga: made in india,2018,comedy drama it's a heart-warming story of pride and self-reliance capturing the journey of mauji and his wife mamta who pursue their passion by overcoming all odds. sharat katariya anushka sharma varun dhawan siddharth bhardwaj namit das 
om - the battle within,2022,"action thriller after losing his memory while fighting enemies, om has to battle terrorists and amnesia in order to restore his father's honour after his old man was arrested for betraying his country. kapil verma vicky arora amit ghosh armen greyg abudhar al hassan "
iftikhar,2022,drama based on the life of real life hero major mohit sharma. he was awarded with the sena medal for his action in a counter insurgency operation. during the operation his code name was iftikhar ...                see full summary » kapil verma vicky arora amit ghosh armen greyg abudhar al hassan 
sohni mahiwal,1984,"action drama romance after being violently separated from the woman he loves, a young man must disguise himself in order to keep meeting her. kanwal biala, latif faiziyev, umesh mehra sunny deol poonam dhillon pran sikand tanuja samarth "
cash,2021,"comedy drama amidst the chaos of demonetization, down-on-luck armaan finds a business opportunity in money laundering. where will this shortcut take him? rishab seth amol parashar smriti kalra gulshan grover kavin dave "
drona,2008,"action adventure fantasy a young man learns he is the latest in line of a dynasty of ancestral warriors dedicated to guarding a mystic source of cosmic energy, and the time has come for him to take the role. goldie behl jayshree arora veer arya abhishek bachchan jaya bachchan "
bewafaa,2005,"drama romance anjali sacrifices her love for raja after her sister's death and marries her brother-in-law. years later, she meets raja and is torn between him and her loyalties. dharmesh darshan anil kapoor akshay kumar kareena kapoor sushmita sen "
bazaar,1982,"drama family a young man challenges traditional customs by standing up to the father of the woman he loves, who has promised her to a wealthy expatriate. sagar sarhadi farooq shaikh smita patil naseeruddin shah supriya pathak "
why cheat india,2019,"comedy crime drama the movie focuses on existing malpractices in country's education system, the whole concept of buying your way through education, jobs and earnings. even with an evolving education system, ...                see full summary » soumik sen emraan hashmi shreya dhanwanthary snighdadeep chatterji shubham somu srivastava "
ek phool do mali,1969,"drama family musical somna lives a poor lifestyle with her widowed mom leela, in the mountainous region of india and nepal. she makes a living working on the apple farm of wealthy widower kailash nath kaushal, ...                see full summary » devendra goel sanjay khan balraj sahni sadhana shivdasani durga khote "
salaam namaste,2005,comedy drama romance a quirky take on life and relationships that looks at a fairy tale with a bit of a squint and an endearing look at what being in love really means. siddharth anand saif ali khan preity g zinta arshad warsi jaaved jaaferi 
b.a. pass 3,2021,drama romance ba pass 3 narrates the story of a jobless anshul and how his life changes upside down when he meets a married woman and gets into a relationship with her. narendra singh sunny sachdeva armaan sandhu ankita sahu ankita chouhan 
kasoor,2001,"drama mystery thriller shekhar appoints simran, a lawyer with an impeccable record, to represent him as he was accused of murdering his wife and soon she starts falling in love with him. little she knows that shekhar has some darker intentions. vikram bhatt divya dutta lisa ray apurva agnihotri aftab shivdasani "
players,2012,"action crime thriller learning of a fortune in gold being secretly shipped to romania, master thieves charlie and riya assemble a crack team to steal it. abbas alibhai burmawalla, mastan alibhai burmawalla vinod khanna abhishek bachchan bobby deol bipasha basu "
purana mandir,1984,"drama horror after a rich young girl learns about a demon and it's terrible curse brought by her family for generations, she decides to go to her paternal village with her lover, and his friend, to find out the truth. shyam ramsay, tulsi ramsay mohnish behl arti gupta puneet issar sadashiv amrapurkar "
dushman,1998,crime drama thriller a woman goes on a hunt to find her twin sister's rapist and murderer. tanuja chandra kajol sanjay dutt ashutosh rana jas arora 
phillauri,2017,"comedy drama fantasy a man must marry a tree to ward off threats to his love-life, but the tree turns out to have more spirit than the man bargained for. anshai lal, feroz khan bollybrothers anushka sharma diljit dosanjh suraj sharma mehreen pirzada "
aurangzeb,2013,"action drama thriller kingship knows no kinship and there can be only one emperor in aurangzeb's world. in gurgaon, to bring down a criminal the law has to think like one. atul sabharwal arjun kapoor zara khan prithviraj sukumaran rishi kapoor "
right yaaa wrong,2010,action crime drama a decorated and disabled police officer becomes suspect in a double homicide. neeraj pathak sunny deol irrfan khan isha koppikar konkona sen sharma 
bhagwaan dada,1986,"drama thriller naive village-born swaroop comes to bombay city with a only rs.80/-, which he loses to a thief. a man named bhagwaan helps swaroop recover this amount, and asks him to return back to his ...                see full summary » j. om prakash rajinikanth rakesh roshan sridevi danny denzongpa "
raktneeti,2023,"thriller nakul, rishi and montu are 3 regular delhi boys who set out on a journeyto sell their car to a buyer in j&k. an accident on the way involving local mla abhimanyu thakur's only. saki shah rajeev rana satish bhat vishwash chauhan upasna haldar "
vishwaroopam 2,2018,action thriller raw agent wisam ahmad kashmiri prevents an al-qaida terrorist from executing a massive attack on new york. he must now wade through further traps and conspiracies to thwart a new plot against three democratic nations. kamal haasan kamal haasan rahul bose shekhar kapur pooja kumar 
love in a taxi,2023,"crime thriller two cab drivers, a female driver on an airport taxi and a male driver on a 'black and yellow' taxi for the poor confronts two strange passengers on their nutty shifts. the promiscuous male ...                see full summary » rupesh paul raknil avro tanima bhattacharya erixnil karan maan "
action jackson,2014,"action crime thriller in order to escape crime and clutches of a ruthless mafia, a bangkok based hit man seeks the help of his lookalike, a mumbai based goon. prabhu deva prabhas ajay devgn yami gautam shahid kapoor "
atithi tum kab jaoge?,2010,comedy a couple's married life is turned upside down when a distant relative overstays in their home. ashwani dhir ajay devgn konkona sen sharma paresh rawal satish kaushik 
purab aur pachhim,1970,"drama romance circa british rule in india, harnam betrays a freedom fighter, and as a result is rewarded, but the freedom fighter is killed, leaving his wife, and family devastated and destitute. years ...                see full summary » manoj kumar ashok kumar saira banu manoj kumar pran sikand "
sparsh,1980,"drama romance anirudh parmar is blind, but he does not let this impairment bind him down. he runs a school for the blind as a principal. he meets with social worker, kavita. kavita is attracted to him, ...                see full summary » sai paranjape shabana azmi naseeruddin shah sudha chopra mohan gokhale "
kya kehna,2000,drama romance a young college girl faces hardships and challenges after she becomes a mother without marriage kundan shah preity g zinta saif ali khan chandrachur singh anupam kher 
navra mazha navsacha,2004,comedy journey of a husband and wife from mumbai to ganpatipule to fulfill a vow. sachin pilgaonkar sachin pilgaonkar supriya pilgaonkar ashok saraf anand abhyankar 
welcome to new york,2018,"comedy drama welcome to new york is a comedy film, in which hero (diljit dosanjh), a sloppy recovery agent, and jeenal patel (sonakshi sinha), a fashion designer, become part of a big bollywood event in new york - and chaos ensues. chakri toleti, richard harris, jasmine kaur sonakshi sinha diljit dosanjh karan johar lara dutta "
chann pardesee,1981,"drama nek gets married to the girl of his dreams, kammo, and has a son. later, he finds out that the child isn't his but joginder's, who had raped kammo. chitraarth raj babbar rama vij kulbhushan kharbanda amrish puri "
suhaag,1979,"action comedy drama two brothers gets separated at the time of their birth. but when they reunite as adults, challenges welcome them. manmohan desai shashi kapoor amitabh bachchan rekha parveen babi "
annamalai,1992,action drama a class-divided friendship goes through highs and lows through several decades. suresh krishna rajinikanth sarath babu kushboo radha ravi 
saaransh,1984,"drama an old couple lend a room on rent after recent death of the bread earner of the family, their only son. a budding actress starts living with them, who is in love with a local politician's only son. the movie shows what later ensues. mahesh bhatt anupam kher rohini hattangadi soni razdan madan jain "
all india rank,2023,"comedy set in the late 1990s, all india rank is a slice-of-life dramedy about 17-year old vivek who is sent away from home to a prep school to prepare for the highly competitive iit (""the mit of india"") entrance examination. varun grover shashi bhushan sheeba chaddha bodhisattva sharma geeta agrawal sharma "
silsila,1981,"drama family romance silsila is a love story, thwarted by society's demands, which reappears as adultery but can it survive in the face of society? yash chopra amitabh bachchan rekha jaya bachchan shashi kapoor "
great grand masti,2016,"comedy drama fantasy amar, meet and prem go into a small town where they encounter a 'femme fatale' in the form of ragini. ragini is everything they had dreamed of, but she slowly turns into their worst nightmare! indra kumar urvashi rautela riteish deshmukh vivek oberoi aftab shivdasani "
100 days,1991,"horror romance thriller a young, clairvoyant woman has a vision of a murder and sets out to uncover the truth before the killer finds her. partho ghosh jackie shroff madhuri dixit jaaved jaaferi laxmikant berde "
sheela i love you,2001,thriller add a plot partho ghosh jackie shroff madhuri dixit jaaved jaaferi laxmikant berde 
mr. & mrs. mahi,2024,drama life story of cricketer and former team india captain mahendra singh dhoni. sharan sharma rajkummar rao janhvi kapoor abhishek banerjee kumud mishra 
road to sangam,2009,"drama thriller amidst bomb explosions, fake arrests, police brutality, and protests, a determined mechanic attempts to repair an antique truck to transport the last remains of mahatma gandhi in modern-day india. amit rai paresh rawal om puri pawan malhotra jawed sheikh "
suraj,1966,"romance musical action maharaja vikram decides to marry his daughter anuradha to his commander's son, pratap. however, years later, anuradha is abducted by bandit suraj while on her way to pratap's coronation. t. prakash rao vyjayanthimala rajendra kumar tuli ajit khan gajanan jagirdar "
honeymoon travels pvt. ltd.,2007,"comedy drama romance six newly-married, diverse, honeymooning couples face marital bliss and discord, finding out more about themselves, their significant others and life in this happy-go-lucky, quirky drama. reema kagti abhay deol minissha lamba boman irani shabana azmi "
jung,2000,action crime drama a police officer is in a frantic search for a compatible bone-marrow donor for his gravely-ill son. the only match is a convicted vicious killer who is now on the run. all he has to do is catch him. sanjay gupta sanjay dutt jackie shroff aditya pancholi raveena tandon 
raavan,2010,"action adventure drama a bandit leader kidnaps the wife of the policeman who killed his sister, but later falls in love with her. mani ratnam abhishek bachchan aishwarya rai bachchan govinda vikram "
city lights,2014,"drama thriller deepak singh is a farmer in rajasthan. after a tragedy, he migrates to mumbai with his wife and child to lead a better life. however, upon arriving, he soon discovers the challenges of life in a big city. hansal mehta rajkummar rao patralekhaa paul manav kaul khushboo upadhyay "
kaala patthar,1979,action drama history inspired by a true mining tragedy the film is about people from all walks of life showing courage and character to fight the forces of nature. yash chopra amitabh bachchan shashi kapoor shatrughan sinha rakhee gulzar 
blank,2019,action thriller a suicide bomber loses his memory and has a bomb attached to his heart. it is up to the police officers to prevent this bomb from taking innocent lives. behzad khambata sunny deol karan kapadia karanvir sharma ishita dutta 
mitron,2018,"comedy in order to bring stability in jai's life, his father decides to get him married. however, fate has other plans. nitin kakkar jackky bhagnani kritika kamra prateik patil babbar perlene bhersaina "
mahakaal,1994,"comedy horror a demon torments the family and friends of anita in order to take revenge on his death, which was caused by her police-officer father. the rest of the movie is how anita tackles the demon with the help of her boyfriend. shyam ramsay, tulsi ramsay karan shah archana puran singh johny lever mayur verma "
daku ramkali,2000,adventure drama musical sher singh and arjun singh are identical twin brothers. arjun is an honest police officer but sher singh becomes a dacoit under the influence of bajrang and his gang. sher singh's daughter ...                see full summary » kanti shah sapna sappu jay thakur rajesh vivek joginder shelly 
ajji,2017,crime drama little manda is found raped and dumped in a trash heap near her slum. her parents are more concerned with survival than dignity. the cops are powerless to help as the rapist is a local ...                see full summary » devashish makhija sushama deshpande smita tambe sharvani suryavanshi abhishek banerjee 
mudrank: the stamp,2009,mystery add a plot shakir shah kaluram dhobale milind gunaji ali khan shahbaaz khan 
aarzoo,1999,"action drama romance after her fiance, vijay, is killed in a crash, a pregnant pooja agrees to marry amar, her childhood friend who has always loved her. but her life takes yet another turn when vijay returns to her life. lawrence d'souza madhuri dixit akshay kumar saif ali khan paresh rawal "
bluffmaster!,2005,"comedy crime drama a conman roy, gets dumped by his girl-friend. then he finds out he has a fatal disease. on the verge of death, he resolves to do some good, by helping his apprentice dittu hoodwink the mobster who hurt his (dittu's) family. rohan sippy abhishek bachchan priyanka chopra jonas riteish deshmukh nana patekar "
oh darling yeh hai india,1995,comedy miss india and an aspiring actor spend a night together roaming the streets of mumbai and unwittingly clash paths with a megalomaniacal gangster planning to take over india. ketan mehta shah rukh khan deepa sahi jaaved jaaferi anupam kher 
ramayana: the epic,2010,"animation action adventure lord rama, son of king dashrath is sent for exile for 14 years. his wife sita and brother laxman accompanies him. but she is deceitfully kidnapped by ravana, the king of lanka. thus a might...                see full summary » chetan desai manoj bajpayee juhi chawla ashutosh rana mukesh rishi "
mangal pandey: the rising,2005,biography drama history this is a film about the leader of the 1857 mutiny and his fight against the british rule. ketan mehta aamir khan rani mukerji toby stephens coral beed 
the journey of karma,2018,"drama its a story of a slum girl who is brilliant in studies and tries to chase her dreams to work in america. she travels through her journey full of twist n turns, surprises, lust with a mysterious old man. jagbir dahiya raknil avro shakti kapoor poonam pandey gauri shankar "
raaz reboot,2016,"horror mystery romance the fourth installment of a horror series that explores secrets, mysteries and human frailties. vikram bhatt emraan hashmi kriti kharbanda suzanna mukherjee gaurav arora "
dhanak,2015,"comedy drama believing actor and goodwill ambassador shah rukh khan can help her brother get an operation to restore his sight, a 10-year old girl takes her blind 8-year old brother on a trek across rajasthan in search of the superstar. nagesh kukunoor hetal gada krrish chhabria vipin sharma gulfam khan "
bhoot and friends,2010,"animation action adventure four holidaying children go missing, then encounter a ghost and hoodlums in a dense forest. karanjeet saluja jackie shroff markand soni akash nair ishita panchal "
saajan chale sasural,1996,comedy drama a village-based singer attempts to find love and fame in the big city. david dhawan govinda karisma kapoor tabu shakti kapoor 
sssshhh...,2003,horror mystery a serial killer is around which is responsible for taking many lives including that of malini and her boyfriend. the police are unable to comprehend especially when this killer leaves no evidence at every crime scene. pavan kaul tanishaa mukerji dino morea karann nathh gaurav kapoor 
haathi mere saathi,2021,"action drama watch the bond between humans and elephants with bandevs story as he fights for the protection of his ele-friends. witness the rage on 'haathi mere saathi', full movie streaming in hindi on eros now. prabu solomon bhuvan arora sheeba chaddha rana daggubati rajesh dubeay "
the shaukeens,2014,comedy three friends in their 60s try to do everything that they couldn't do in their younger days - before death arrives. abhishek sharma akshay kumar lisa haydon anupam kher rajni basumatary 
kati patang,1970,drama family musical a runaway bride promises her dying widowed friend that she will assume her identity and look after her infant child. shakti samanta rajesh khanna asha parekh prem chopra bindu desai 
ulajh,Unknown,"thriller the journey of a young ifs officer, belonging to a prominent family of patriots, who gets embroiled in a dangerous personal conspiracy while far from her home turf, at a career-defining post. sudhanshu saria janhvi kapoor gulshan devaiah rajesh tailang roshan mathew "
i am kalam,2010,comedy drama family an impoverished boy forms an unlikely and unstable friendship with the lonely son of a nobleman. nila madhab panda gulshan grover harsh mayar pitobash hussan saad 
hum dono,1961,"drama musical romance when an army officer is presumed dead in battle, his lookalike is tasked with breaking the news to his family. however, circumstances force him to impersonate the dead man. amarjeet dev anand nanda karnataki sadhana shivdasani lalita pawar "
jannat: in search of heaven...,2008,"crime drama romance arjun is a reckless young man with an obsession for making money at card games. a chance meeting with a girl in a mall, zoya, gives him the reasons he was looking for the move out of his ...                see full summary » kunal deshmukh emraan hashmi sonal chauhan swatantra bharat armen greyg "
jeet,1996,"action romance a hitman working for a crime boss falls for a woman but she is married off to her childhood friend. later, when the woman's and her husband's life comes under threat from the crime boss, the hitman becomes their protector. raj kanwar sunny deol karisma kapoor salman khan tabu "
mard,1985,"action comedy drama king azad gets locked in a dungeon by the british general dyer who wants to take over his kingdom. years later, azad's son decides to put an end to dyer's tyranny and comes to his father's rescue. manmohan desai amitabh bachchan amrita singh nirupa roy dara singh randhawa "
half girlfriend,2017,"drama romance madhav meets a girl named riya and falls in love. after stuggling to convince her to be his girlfriend, she half heartedly agrees to be his ""half girlfriend"" mohit suri shraddha kapoor vikrant massey arjun kapoor shriidhar dubey "
jalebi,2018,"drama romance a woman boards an overnight train and gets placed in a compartment with her former lover and his wife. pushpdeep bhardwaj, lal mohan rhea chakraborty varun mitra digangana suryavanshi poorti arya "
thupparivaalan,2017,action crime thriller a detective is hungry for a challenging case to investigate and the mystery of a murdered dog leads to a rival who could be the match for him. mysskin vishal simran prasanna vinay rai 
pyar ka karz,1990,"drama bombay-based dr. naina meets with musician and singer, ravi shankar, and both fall in love with each other. when ravi returns from a concert in delhi, he finds naina getting married to ...                see full summary » k. bapaiah dharmendra meenakshi sheshadri mithun chakraborty neelam kothari "
saina,2021,"biography drama sport the story of saina nehwal, a professional badminton player who ranked number 1 in the sport. amole gupte mukesh agrohari olga anand rohan apte amit ashar "
virgin bhanupriya,2020,"comedy drama bhanupriya, a conservative girl decides to lose her virginity but fails in her every attempt. a soothsayer predicts that it is an impossible task and it will not happen to her. she decides to overcome this bad luck. ajay lohan urvashi rautela gautam gulati rajiv gupta archana puran singh "
halahal,2020,crime drama mystery the murder of a college girl morphed into a suicide takes dr. shiv on a journey to dig the truth out of his daughter's murder. randeep jha barun sobti sachin khedekar purnendu bhattacharya manu rishi chadha 
maid for each other,2022,"romance grew up with the words "" made for each other "" only to realize your soulmate is your ""maid"" ? shivam a 25 years old falls in love with his maid while dating his current boss (charu). mess ...                see full summary » swagger sharma lavina khanchandani bhupender singh rawat annu sharma swagger sharma "
stalin,2006,action drama the story is about how an ex-army officer brings change in society by making people to help each other. a.r. murugadoss chiranjeevi trisha krishnan prakash raj sharada 
dus,2005,action crime drama a team of specialists must catch a terrorist before he carries out an attack. anubhav sinha sanjay dutt suniel shetty abhishek bachchan zayed khan 
om dar-b-dar,1988,drama a carefully constructed nonsense about a teenage boy named om in a small indian village. kamal swaroop anita kanwar gopi desai lalit tiwari lakshminarayan shastri 
mann,1999,"drama romance a young woman falls in love with a handsome playboy, while aboard a singapore to india cruise. they make plans to meet again, but fate may have other plans... indra kumar aamir khan manisha koirala sharmila tagore deepti bhatnagar "
3rd october,2023,"drama revolves around two lawyers with contrasting perspectives, each justified in their own right. the film sheds light on the role of the justice system and the media within our society. vineet jha moin khan hiten tejwani sneha ullal kanchi singh "
baabul,2006,"drama family romance when his only son dies in an accident, balraaj urges his depressed daughter-in-law to marry a man who has long loved her in silence. ravi chopra amitabh bachchan salman khan hema malini john abraham "
roti kapada aur makaan,1974,action drama musical bharat faces challenges in leading his family after taking the responsibilities following his father's death. manoj kumar manoj kumar shashi kapoor zeenat aman moushumi chatterjee 
dobaara: see your evil,2017,horror mystery siblings natasha and kabir merchant investigate an allegedly haunted mirror in their parents' home in this official adaption of 'oculus'. prawaal raman adil hussain huma qureshi madalina bellariu ion lisa ray 
hawas,2004,"drama romance thriller complications arise when a bored young wife embarks on an extra-marital affair with a stranger, leading to emotional turmoil and eventually, murder. karan razdan shawar ali meghna naidu tarun arora mukesh tiwari "
fateh,Unknown,"action crime follows a former gangster who is hired to guard a young woman named jacqueline. in order to keep her safe, fateh must employ all of his abilities while simultaneously attempting to learn the truth about the threats made against her. vaibhav misra sonu sood jacqueline fernandez vijay raaz dibyendu bhattacharya "
zakhmi sipahi,1995,"action shakti is an honest police officer out to avenge the death of his father, gautam gorakhnath, and the trials and obstacles he faces while he goes through corruption, love, and usual hindi film masala. t.l.v. prasad vikas anand mithun chakraborty puneet issar goga kapoor "
happy ending,2014,"comedy romance a confused writer goes on the search of inspiration for his next story and falls in love with a best seller author who doesn't believe in love. krishna d.k., raj nidimoru saif ali khan ileana d'cruz kalki koechlin ranvir shorey "
japan,2023,action drama thriller plot under wraps. raju murugan sunil karthi anu emmanuel rajesh aggarwal 
gunda,1998,"action comedy crime when a coolie's family is murdered by a group of gangsters and politicians, he swears revenge on them. kanti shah mithun chakraborty mukesh rishi mohan joshi shakti kapoor "
nishant,1975,"crime drama a man whose wife is abducted seeks to have the culprits prosecuted for their crime, but no one will help him. meanwhile, the wife-abused and berated by her abductors-cannot bring herself to face her husband. shyam benegal girish karnad shabana azmi anant nag amrish puri "
the past,2018,"drama horror two sisters simran and alia go on a vacation to lonavala, where they experience paranormal activity at the bungalow that they're put up in, as an evil spirit takes over the place. gagan puri sonia albizuri samiksha bhatt navid mirzaaghazadeh yuvraaj parashar "
army,1996,"action drama arjun, a newlywed army man, is brutally killed by a gangster, nagraj. his young widow, determined to avenge her husband's death, raises an army of dedicated young men to kill the gangster. raam shetty sridevi shah rukh khan harish mohnish behl "
dvand: the internal conflict,2023,drama add a plot ishtiyak khan ishtiyak khan istiyak khan vikram kochhar sanjay mishra 
dulhe raja,1998,"comedy poor raja opens a fast food restaurant right opposite a five star hotel run by it's owner singhania, earning his wrath. the wealthy hotel owner uses all his influence to remove raja, but in...                see full summary » harmesh malhotra govinda raveena tandon kader khan prem chopra "
irada,2017,drama mystery thriller an nia officer tries to unravel the conspiracy that led to the bombing of a business tycoon's factory. aparnaa singh naseeruddin shah arshad warsi divya dutta sharad kelkar 
jaggu ki lalten,2022,"drama ""jaggu ki lalten"" is a comedy-drama musical film that explores the life of a scrap dealer cum businessman, hari lal bhoot. a man with shrewd business tactics yet elated with generous and ...                see full summary » vipin kapoor rambir aryam aakriti bharti rajendra bhatia biren dang "
blackmail,1973,"drama musical romance a woman is torn between the promise of new love and memories of an ex-fiance. meanwhile, her scientist uncle-in-law becomes the target of an international gang seeking the secret formula to harness solar energy. vijay anand dharmendra rakhee gulzar shatrughan sinha madan puri "
coolie,1983,"action comedy drama when iqbal gets separated from his mother and brother by a flood, he becomes a coolie at mumbai railway station. he then fights for the coolies rights and faces challenges from a businessman. manmohan desai, prayag raj amitabh bachchan waheeda rehman rishi kapoor rati agnihotri "
dedh ishqiya,2014,comedy drama romance two lousy crooks find paradise in the seven stages of love. abhishek chaubey huma qureshi madhuri dixit naseeruddin shah arshad warsi 
vd18,2024,action drama revolve around a dcp who transforms and travels to different place in order to safeguard his family. kalees wamiqa gabbi keerthy suresh varun dhawan 
ek doctor ki maut,1990,"biography drama after years of painstaking research at the cost of his domestic pleasure, dr. dipankar roy discovers a vaccine for leprosy. the news is flashed over television and overnight, an ...                see full summary » tapan sinha shabana azmi pankaj kapur irrfan khan deepa sahi "
ram gopal varma ki aag,2007,"action adventure comedy a pair of bodyguards for a politician find their positions under threat when their employer is implicated in a scandal. fleeing to mumbai they find work with a gangster, but also find that the police are onto them. ram gopal varma amitabh bachchan mohanlal ajay devgn vinod jaywant "
yeh ballet,2020,"drama musical discovered by an eccentric ballet master, two gifted but underprivileged mumbai teens face bigotry and disapproval as they pursue their dancing dreams. sooni taraporevala julian sands sarah jane dias jim sarbh mihir ahuja "
namak haraam,1973,"drama somnath (somu) lives in a shanty house in a delhi slum with his widowed mom, and unmarried sister, sarla. he is friendly with calcutta-based wealthy vikram (vicky) maharaj. when vicky's dad...                see full summary » hrishikesh mukherjee rajesh khanna amitabh bachchan simi garewal rekha "
woh lamhe ...,2006,"biography drama romance based upon the life of actress parveen babi, this film describes the life of schizophrenic actress sana azim and the love of her life: aditya garewal. mohit suri kangana ranaut shiney ahuja shaad randhawa purab kohli "
mandi,1983,"comedy drama forbidden love, fraying loyalties and flagrant hypocrisy emerge when sanctimonious politicians drive a madam's brothel from the heart of hyderabad. shyam benegal shabana azmi smita patil naseeruddin shah amrish puri "
naya daur,1957,"action drama musical when the son of a landlord decides to modernize his business by replacing the horse carts with buses, a horse cart rider decides to challenge him. b.r. chopra dilip kumar vyjayanthimala ajit khan chand usmani "
welcome to karachi,2015,"action comedy war two men from india land in karachi, pakistan, without their passports. they get trapped by the taliban and desperately try to find a way to get back to india. ashish r. mohan arshad warsi jackky bhagnani lauren gottlieb dalip tahil "
no land's man,2021,drama the predominantly english-language film will chronicle a tragic and strange funny journey of a south asian man whose journey takes a layered and complicated shape when he meets an australian girl in the us. mostofa sarwar farooki nawazuddin siddiqui eisha chopra vikram kochhar tahsan 
1971,2007,"action drama war based on true facts, the film revolves around 6 brave soldiers who escape from the clutches of the pakistan army and risk death with honour and courage with sacrifice towards their journey home. amrit sagar manoj bajpayee ravi kishan deepak dobriyal kumud mishra "
saheb biwi aur gangster 3,2018,"action crime drama the royal saga of deceit, conspiracy, greed and lust continues in the third installment of the series, as the saheb and biwi are pitted against an enemy and everyone involved is scheming ruthlessly for their own personal gain. tigmanshu dhulia sanjay dutt jimmy shergill mahie gill chitrangda singh "
hawaizaada,2015,"biography drama the film which is based on the life on an indian scientist shivkar bapuji talpade, who is credited to have constructed india's first unmanned plane is the tale of the hardships that he went...                see full summary » vibhu puri naman jain mithun chakraborty samir chandra kanishka singh deo "
tumhari sulu,2017,comedy drama sulu is an ambitious housewife with a loving husband and a happy family. things start changing for her when she accidentally lands a job as a radio jockey and her show becomes an instant hit. suresh triveni vidya balan manav kaul neha dhupia vijay maurya 
prem,1995,"action drama romance sanjay verma is an eligible young man, who has been having hallucinations of a past life as shantanu. he travels to a small community and meets with sonia verma, and recognizes her as the ...                see full summary » satish kaushik sanjay kapoor tabu deepak tijori dalip tahil "
dangerous ishhq,2012,fantasy mystery romance three doppelgangers(one girl+ two boys).two of them loves each other and get together from many lives .and the third one(who can't be killed easily)also wants the girl and he tries to separate them through many lives. vikram bhatt karisma kapoor rajneesh duggal divya dutta jimmy shergill 
ajay,1996,"action drama romance raja brijraj singh and his younger brother raja ranbir singh lives in a spacious bungalow and are wealthy landlords of a small indian village name kishengard. they would like there only, ...                see full summary » suneel darshan sunny deol karisma kapoor reena roy kiran kumar "
shuddh desi romance,2013,comedy drama romance a romantic comedy which tells the journey of three restless young people who junk society's syllabus for finding love and decide to follow their heart. maneesh sharma sushant singh rajput parineeti chopra rishi kapoor vaani kapoor 
aakhree raasta,1986,action crime drama an ex-convict is bent on revenge against the people responsible for his wrongful imprisonment but is pit against his estranged son who is now a police officer. bhagyaraj amitabh bachchan sridevi jaya prada om shivpuri 
mubarakan,2017,"comedy romance singleton kartar singh is left with the responsibility of raising his 2 orphaned nephews. he asks his brother to raise charan and his sister in london to raise karan. when the twins cross continents, they leave behind a trail of confusion. anees bazmee anil kapoor arjun kapoor ileana d'cruz athiya shetty "
police aur mujrim,1992,"action musical romance bombay's police commissioner veer bahadur singh, lives with his wife, sharda, and daughter, jyoti. when dsp vishal khanna arrests two notorious robbers and pimps, shera and jaaga, and holds...                see full summary » k.c. bokadia raaj kumar vinod khanna meenakshi sheshadri avinash wadhawan "
jazbaa,2015,"action crime drama tensions arise when the daughter of nation's best lawyer is kidnapped. now she'll have to save a rapist from death sentence, as ransom, within 4 days. sanjay gupta aishwarya rai bachchan irrfan khan shabana azmi jackie shroff "
lucky: no time for love,2005,"musical drama romance in a chain of unfortunate events, a 17-year-old schoolgirl narrowly escapes a possible rapist, is caught up in a terror attack, and drinks contaminated water that poisons her. radhika rao, vinay sapru salman khan sneha ullal mithun chakraborty kader khan "
ankhen,1968,"action adventure drama shortly after independence india faces terrorists attacks in assam, resulting in many deaths and casualties. a group of concerned citizens then decide to do something to stop this carnage. ramanand sagar mala sinha dharmendra kumkum sujit kumar "
mashaal,1984,action drama family a chain of events changes vinod's life - from honest journalist to black marketer to an underworld don and a racketeer in order to combat vardhan. yash chopra anil kapoor dilip kumar waheeda rehman rati agnihotri 
super nani,2014,"comedy drama family the movie revolves around how an indian woman, bharti, who sacrifices her life for her children and husband, and yet they do not value her or her sacrifices, and they all maltreat her. then...                see full summary » indra kumar rekha sharman joshi randhir kapoor anupam kher "
dhoondte reh jaoge,2009,comedy drama a failed film producer and an unemployed chartered accountant decide to make a 'sure flop' movie umesh shukla paresh rawal kunal kemmu sonu sood soha ali khan 
tahalka,1992,"action adventure thriller while on a yacht trip along with this daughter, dolly, indian army major krishna rao, observes a girl in distress and goes to rescue her. he ends up rescuing dozens of girls, who have been ...                see full summary » anil sharma dharmendra naseeruddin shah mukesh khanna aditya pancholi "
googly,2013,"comedy romance sharath and swath, who fall in love but get separated due to some misunderstandings. they reunite a few years later at a friend's wedding pawan wadeyar yash kriti kharbanda anant nag sadhu kokila "
swarg,1990,"drama krishna is very loyal to his master and treats him like god. unfortunately, he gets thrown out of the house and the master becomes a pauper. but loyal krishna returns to change things for the master. david dhawan rajesh khanna govinda madhavi juhi chawla "
hadh kar di aapne,2000,"comedy romance raj, a detective, goes on a europe trip for his friend's case. during the trip, he falls in love with anjali, who is impersonating her best friend. their journey together ensues romance and comic confusion. manoj agrawal govinda rani mukerji johny lever paresh rawal "
mere baap pehle aap,2008,comedy drama romance a son reunites his widowed father to the long lost lover of the latter and urges him to marry. priyadarshan akshaye khanna paresh rawal genelia deshmukh om puri 
amir garib,1974,"action thriller manmohan alias moni lives a dual life. one as a magician, and the other as a thief with the name of bhagula bhagat, whose prime agenda is to rob the rich, and spread the wealth with the ...                see full summary » mohan kumar dev anand hema malini premnath malhotra ranjeet bedi "
long live brij mohan,2017,"comedy crime drama a man fakes his own death. unfortunately for him, starting a new life with a new identity will only bring him more problems. nikhil nagesh bhat arjun mathur nidhi singh sheetal thakur manav vij "
meel patthar,2020,"drama recently marking 500,000 kilometers on the road, a newly bereaved trucker faces the threat of losing the job that has come to define him to a new intern. ivan ayr mohinder gujral pavitra mattoo lakshvir saran suvinder vicky "
hatya,1988,"action crime drama after the deaths of his wife sheila and child raja, sagar takes to drinking as well as singing and dancing at weddings and special occasions. intoxicated heavily after one such event, he ...                see full summary » kirti kumar govinda neelam kothari raj kiran anupam kher "
ntr: kathanayakudu,2019,"biography drama based on the journey of the legendary telugu actor, filmmaker and ex-chief minister late taraka rama rao nandamuri. radha krishna jagarlamudi nandamuri balakrishna vidya balan kaikala satyanarayana nandamuri kalyan ram "
apne,2007,"action drama sport a disgraced ex-boxer attempts to make his two sons champion boxers in order to clear his name. one son agrees with this goal, but the other does not, causing family conflicts. anil sharma dharmendra sunny deol bobby deol shilpa shetty kundra "
yeh lamhe judaai ke,2004,"drama mystery romance dushyant and jaya are childhood friends. in spite of his familys poverty, dushyant has one great ambition in life: to become a successful singer. will he achieve his ambition? pavan kaul, birendra nath tiwari shah rukh khan raveena tandon navneet nishan avtar gill "
no problem,2010,"action comedy crime bank robbers, diamond thieves, a minister's homicide, and a hyper wife are just some of the challenges faced by a bumbling senior police officer. anees bazmee anil kapoor sanjay dutt akshaye khanna suniel shetty "
yudhra,Unknown,action action-packed ride with romance and drama involved. ravi udyawar siddhant chaturvedi malavika mohanan raghav juyal ram kapoor 
baghavat,1982,"action romance the region under maharaj singh's control is under-going drought and famine-like conditions, and the maharaj orders that the treasury be made open so that his public does not suffer. his ...                see full summary » ramanand sagar dharmendra hema malini reena roy amjad khan "
begum jaan,2017,action drama history the story of eleven prostitutes who refuse to part ways with their brothel and each other during the partition between india and pakistan. srijit mukherji amitabh bachchan pallavi sharda vidya balan naseeruddin shah 
taarzan: the wonder car,2004,"action adventure drama raj rebuilds his dead father's car and names it taarzan, but the car comes to life in a miraculous way. slowly, the car starts killing the killers of raj's father. abbas alibhai burmawalla, mastan alibhai burmawalla ajay devgn vatsal sheth ayesha takia farida jalal "
yaariyan,2014,drama romance a college student must win an inter college competition to save his college from being demolished by property builders. divya khosla kumar himansh kohli rakul preet singh nicole faria shreyas porus pardiwalla 
the legend of bhagat singh,2002,action biography drama the story of a young revolutionary who raised an armed resistance against the british rule in india. rajkumar santoshi ajay devgn sushant singh d. santosh akhilendra mishra 
beyond the clouds,2017,"drama family a hedonistic teenager in mumbai is busted for dealing drugs and goes to his estranged sister for help, but complications land her in jail. majid majidi ishaan khattar malavika mohanan goutam ghose sharada "
oops!,2003,"comedy drama dancer jahaan (kiran janjani) has a group that includes his girlfriend nikki (adyasha), and bosom pal akash rai (vikas sethi). while nikki and akash are content to wait for their big-time, ...                see full summary » deepak tijori kiran jhangiani vikas sethi adyasha mink singh "
hawaa hawaai,2014,drama family sport arjun dreams of skating. can arjun follow his dream and be a champion? amole gupte makrand deshpande partho a. gupte devraya gole neha joshi 
ram singh charlie,2020,drama a lovely little film about a family of circus artistes. nitin kakkar kumud mishra divya dutta salima raza farrukh seyer 
main atal hoon,2023,"biography drama the life of atal bihari vajpayee, who served as the prime minister of india thrice during his tenure. the bharat ratna and padma vibhushan recipient was also one of the key senior leaders and co-founders of bharatiya janata party (bjp) ravi jadhav pankaj tripathi benedict garrett harshad kumar rajesh dubeay "
taqdeer,1967,"drama family for the well-being of her children, a destitute widow is forced to marry a man she dislikes. a. salaam bharat bhushan shalini farida jalal johnny walker "
simran,2017,"crime drama thriller a socially-criticized, financially-cornered girl becomes an outlaw to dodge the situation. hansal mehta kangana ranaut sohum shah esha tewari jason louder "
dulhan hum le jayenge,2000,"comedy drama romance sapna has lost her parents at an early age and lives with her three quirky uncles - bhola nath is a fitness freak, prabhu nath is a deeply religious fellow and vicky nath is a disco-savvy ...                see full summary » david dhawan salman khan karisma kapoor om puri paresh rawal "
indian never again nirbhaya,2018,"drama based on the true event of delhi bus gang rape in december 2012. bidisha adhikari, kanchan adhikari, payal kaashyap riecha sharma dinesh mehta gehana vasisth bidisha adhikari "
the great gambler,1979,"action crime romance after unwittingly using his skills to obtain military secrets, a gambler is pursued by a police officer who happens to be his doppelganger. shakti samanta amitabh bachchan zeenat aman neetu singh prem chopra "
chaar lugaai,2023,"mystery women, who maintain every duty and responsibility of their married life, but while on that, they find themselves yearning for intimacy and affection. with their husbands staying afar, they ...                see full summary » prakash saini nidhi uttam ayush chaturvedi deepti gautam mansi jain "
pinjar: beyond boundaries...,2003,"drama in the days leading up to partition, a hindu woman is abducted by a muslim man. soon, she finds herself not only forced into marriage, but living in a new country as the borders between india and pakistan are drawn. chandra prakash dwivedi urmila matondkar manoj bajpayee sanjay suri sandali sinha "
200: halla ho,2021,"crime history thriller loosely based on a real incident, 200: halla ho is the story of women, terrorised by a mobster whose gang raped, robbed, terrorised and murdered 300 families for 15 years until he met his nemesis in a young dalit girl. sarthak dasgupta, alok batra dipti avlani saloni batra apurva choudhari sushama deshpande "
ayalaan,2024,"action adventure sci-fi a lost alien seeks help to go back to his home, but everything gets harder after the alien returns to its home. r. ravikumar sivakarthikeyan rakul preet singh karunakaran bhanupriya "
total dhamaal,2019,action adventure comedy a group of people learn about a hidden treasure and then they race to find it and claim it. indra kumar ajay devgn anil kapoor madhuri dixit riteish deshmukh 
aayirathil oruvan,2010,"action adventure anitha, a government official, embarks on a journey to find chandramouli, an archaeologist, who went to vietnam to search for any existence of the prince of the chola dynasty. k. selvaraghavan karthi reema sen andrea jeremiah parthiban radhakrishnan "
fashion,2008,drama romance a small-town girl finally realizes her dream of becoming a famous supermodel but soon finds out that her glamorous new life has a price. madhur bhandarkar priyanka chopra jonas kangana ranaut mugdha godse arbaaz khan 
14 phere,2021,"comedy romance sanjay, a rajput from jahanabad, is in love with aditi, a jat from jaipur. they want to get married, but don't want to hurt their families. so they plan to get married by arranging a fake set of parents. will they succeed? devanshu singh kriti kharbanda vikrant massey gauahar khan vineet kumar "
yellow bus,2023,"drama after discovering that her daughter was abandoned to perish in the blistering desert heat on a school bus, an indian woman residing in the arabian gulf sets out on a quest for the truth and justice. wendy bednarz sam akel mansoor al-fili kinda alloush francesca bizzarri "
mere sajana saath nibhana,1992,"drama musical kanhaiya lives with his mother in a small rural town in india, and makes a living singing and dancing at wedding, birthdays, and other important ceremonies in the community along with bhola...                see full summary » rajesh vakil mithun chakraborty juhi chawla shanti priya prem chopra "
torbaaz,2020,"action drama sport a man rises from personal tragedy to lead a group of children from a refugee camp to victory, transforming their lives through the game of cricket. girish malik sanjay dutt nargis fakhri rahul dev kuwaarjeet chopraa "
ishq vishk,2003,"comedy romance a collegian (shahid kapoor) woos a beautiful girl, then falls in love with his childhood friend (amrita rao). ken ghosh shahid kapoor amrita rao shenaz treasury vishal malhotra "
chakravyuh,2012,"action drama thriller on the request of his friend kabir, sp adil sends him to the naxal group as an informer. when kabir finds the truth he becomes one of their gang leader. prakash jha manoj bajpayee kabir bedi om puri arjun rampal "
darwaza,2002,horror add a plot kanti shah arun mathur anil nagrath amit pachori sapna sappu 
kadakh,2019,"comedy drama thriller sunil is home alone when the doorbell rings. the stranger at the door is the husband of chhaya, a woman that sunil is having an affair with. the man asks many uncomfortable questions about their affair, becoming more and more intrusive. rajat kapoor ranvir shorey mansi multani palomi ghosh rajat kapoor "
scorned,2020,thriller romantic weekend of kajal and akshay turns into horrific and sadistic when kajal discovers her boyfriend akshya is having an affair with her best friend yamini tanveer hashmi tanveer hashmi pooja joshi paras randhawa shikha sinha 
ankush,1986,"action drama four unemployed young men befriend their new neighbors, but soon tragedy strikes and everything is shattered. n. chandra nana patekar rabia amin gajanan bangera kamini bhatia "
shikara,2020,drama history romance shikara is the story of resilience in the face of insurmountable odds. it's also the story of a love that remains unextinguished through 30 years of exile. a timeless love story in the worst of times. vidhu vinod chopra sadia khateeb zain khan durrani priyanshu chatterjee bhavna chauhan 
freaky ali,2016,comedy sport a debt collector becomes a golfing sensation. sohail khan nawazuddin siddiqui arbaaz khan amy jackson asif basra 
ready,2011,"action comedy romance set in thailand and india, a case of mistaken identity leads to love, and a man and his family concoct a grand scheme to win over the hearts of a woman and her greedy, conniving uncles. anees bazmee salman khan asin thottumkal paresh rawal mahesh manjrekar "
do patti,Unknown,drama mystery thriller add a plot shashanka chaturvedi kajol kriti sanon tanvi azmi 
iqbal,2005,"drama sport iqbal, the deaf and mute son of a farmer, has a passion for the game of cricket and seeks the tutelage of a washed-up, alcoholic ex-player. nagesh kukunoor shreyas talpade naseeruddin shah shweta basu prasad yatin karyekar "
operation fryday,2023,action crime drama a muslim unwittingly gets involved in a terrorist bombing in mumbai and decides to avenge the act. vishram sawant randeep hooda suniel shetty rukhsar rehman nitu chandra 
dil hai gray,2023,crime a police inspector investigates a guy who traps innocent women on social media. susi ganesan akshay oberoi rangaraj pandey urvashi rautela vineet kumar singh 
kahin pyaar na ho jaaye,2000,"comedy drama musical musician prem kapoor lives with his sister, neelu, brother-in-law vinod, his niece and a nephew. he has plans of getting married to his fiancee, nisha; unfortunately on the wedding day ...                see full summary » k. muralimohana rao kashmira shah salman khan jackie shroff rani mukerji "
aankhen 2,Unknown,"thriller aankhen 2 is based on a disgraced banker who hires three blind men for a heist. whilst, the basic plot of the movie is same as its prequel, this time the heist is centered on a casino. abhinay deo amitabh bachchan sanjay dutt sidharth malhotra azzy bagria "
journey bombay to goa: laughter unlimited,2007,"action adventure comedy after learning a secret of a treasure from a runaway criminal, a group of tourists embarks on journey to find the hidden treasure from bombay to goa. raj pendurkar sunil pal vijay raaz raju srivastava ehsaan qureshi "
lekin...,1990,"drama fantasy musical samir niyogi lives in india and is assigned by the government to travel to rajasthan, evaluate a princely castle that once belonged to raja param singh, take stock of all items, the ...                see full summary » gulzar vinod khanna dimple kapadia amjad khan alok nath "
the hero: love story of a spy,2003,action adventure drama arun is an indian undercover agent enlisted to stop isi chief ishaq khan. the village girl reshma helps him but endangers her own life. anil sharma sunny deol preity g zinta priyanka chopra jonas amrish puri 
the zoya factor,2019,"comedy drama romance based on anuja chauhan's novel, zoya factor is a rom-com about zoya, an advertising agent, and her relationship with the captain of team india, nikhil khoda. abhishek sharma, mehmet tutkun sonam kapoor dulquer salmaan sanjay kapoor aasokaa "
kucch to hai,2003,"horror mystery romance indian film-makers have now come up with their very own ""i know what you did last summer', a story centering around a college professor, who kills his wife, and hides her body in the ...                see full summary » anurag basu, anil v kumar tusshar kapoor esha deol ramesh bhatkar ashay chitre "
ungli,2014,crime drama thriller a gang of friends decide to take justice into their own hands. renzil d'silva sanjay dutt emraan hashmi kangana ranaut randeep hooda 
parinda,1989,"action crime drama a man's friend, a police officer, is assassinated by gangsters in broad daylight. he discovers that his elder brother works in the same gang and decides to avenge his friend's death by infiltrating the gang. vidhu vinod chopra jackie shroff anil kapoor nana patekar madhuri dixit "
saajan,1991,drama musical romance a poet (sanjay dutt) and his best friend (salman khan) fall in love with the same woman (madhuri dixit). lawrence d'souza sanjay dutt madhuri dixit salman khan ekta sohini 
prassthanam,2019,action drama a rural politician marries a widow with kids and gains a respectable position. he trusts his stepson more than his own in political matters; thus upsetting his son beyond limits. deva katta sanjay dutt jackie shroff ali fazal manisha koirala 
berlin,V,thriller add a plot atul sabharwal kabir bedi ishwak singh rahul bose aparshakti khurana 
bhonsle,2018,"drama bhonsle is a retired policeman and is living a non-interfering life in a colony dominated by locals, diagnosed with stage 4 brain tumor. when the migrant resident politics take a nasty turn, he chooses to take a stance and deal with it. devashish makhija manoj bajpayee santosh juvekar ipshita chakraborty singh aditya agnihotri "
chashme baddoor,2013,"comedy drama when pretty new neighbor seema falls for their shy roommate sid, jealous womanizers omi and jai plot to break up the new lovebirds. david dhawan ali zafar siddharth divyendu sharma taapsee pannu "
pukar,2000,action drama romance a notorious terrorist manipulates an indian army major's jilted lover into helping him obtain a classified military code. rajkumar santoshi anil kapoor madhuri dixit namrata shirodkar om puri 
all is well,2015,comedy drama romance a musician finds himself on the run from a group of thugs with his friend and his estranged parents. umesh shukla rishi kapoor abhishek bachchan asin thottumkal supriya pathak 
gandhi talks,Unknown,comedy gandhi talks is a silent feature film. kishor pandurang belekar vijay sethupathi aditi rao hydari mahesh manjrekar arvind swami 
do ankhen barah haath,1957,"comedy crime drama progressive, reform-minded young warden gets permission to take six surly murderers from prison to dilapidated country farm, to rehabilitate it and themselves through hard work and kindly guidance. shantaram rajaram vankudre shantaram rajaram vankudre sandhya ulhas b.m. vyas "
ittu si baat,2022,"drama the film is set in the small town of chunar, near varanasi. ittu si baat is a slice-of-life story of an up-and-coming cricketer who falls in love with his childhood friend. ""a modern take ...                see full summary » adnan ali aakash ahuja gayatri bhardwaj ravi chauhan dheerendra gautam "
lamhe,1991,"drama musical romance yash chopra's most cherished film with soul stirring music is a story of moments - moments of passion, of ecstasy and of life changing love. yash chopra anil kapoor sridevi anupam kher waheeda rehman "
qayamat se qayamat tak,1988,"drama musical romance despite knowing that their respective families are bitter enemies, raj and rashmi fall in love with each other and decide to elope. mansoor khan aamir khan juhi chawla goga kapoor dalip tahil "
bunty aur babli 2,2021,comedy romance bunty and babli are forced out of retirement after a spate of robberies with their trademark sigil start appearing across india. varun v. sharma saif ali khan rani mukerji siddhant chaturvedi sharvari wagh 
ahsaas,1979,"drama romance sudarshan sahni would like his son, raju, to marry his europe-based friend's daughter, rita, but raju is in love with anu, and both plan to marry each other. anu's dad, pradeep rai choudhry...                see full summary » surindara suri shashi kapoor simi garewal rakesh bedi chand usmani "
harami,2020,"crime drama romance an orphan teenage pickpocket working in the trains of mumbai along with his gang, embarks on a life-altering journey when faced by the daughter of one of his victims who's committed suicide after being robbed. shyam madiraju emraan hashmi rizwan shaikh dhanshree patil harsh rajendra rane "
kudrat,1981,"drama mystery romance chandramukhi visits shimla and learns that she is a reincarnation of paro, a girl who was raped and murdered. plagued by her dark past, she attempts to bring the culprits to justice. chetan anand rajesh khanna raaj kumar hema malini vinod khanna "
kisna: the warrior poet,2005,"drama musical romance a man befriends and protects a british girl from a group of nationalists that want england to hand india back to them. they fall for each other, but the man is due to marry. subhash ghai vivek oberoi isha sharvani antonia bernath sushmita sen "
jal,2013,drama a gifted young man from a drought-stricken village helps a group of ecologists find water for migrating flamingoes. girish malik purab kohli tannishtha chatterjee kirti kulhari mukul dev 
ek gulelbaaz the catapult,2019,drama family add a plot manoj kumar gauri shankar aishwarya arora hemant pandey manoj kumar 
jail yatra,1981,"action romance raju comes from a middle-class family, and lives with his mother. he meets with nurse shobha, and both fall in love. the only problem is that raju somehow or other always gets mixed up in ...                see full summary » bhappi sonie ashok kumar vinod khanna reena roy amjad khan "
fraud saiyyan,2019,comedy drama fraud saiyyan is the story of a con artist in north india who convinces women to marry him just so he can live off their money. sourabh shrivastava arshad warsi saurabh shukla flora saini sara loren 
barot house,2019,mystery thriller a series of inexplicable and gruesome killings tear the barot family apart and destroy the close relationship between father and son. who could be behind this mindless slaughter? when the ...                see full summary » bugs bhargava krishna amit sadh manjari fadnnis aaryan menghji kishaa arora 
the attacks of 26/11,2013,"action crime drama the real story of ten terrorists, who sail to mumbai and wage war on the populace for the next 72 hours. ram gopal varma nana patekar atul kulkarni sanjeev jaiswal rahaao "
son of sardaar,2012,"action comedy romance a guest tries to stay inside the house of a man who can't kill him unless he's outside, because of believing guest to be equal to god. ashwani dhir, anil devgan ajay devgn sanjay dutt sonakshi sinha juhi chawla "
rocky,1981,"action romance shankar a union leader looses his life in accident at work site while he was fighting with his boss ratanlal for rights of workers,ratanlal decides to agree on shankar's demands after his ...                see full summary » sunil dutt, raj khosla sanjay dutt reena roy tina ambani ranjeet bedi "
mere aagosh mein,2000,"thriller a woman who dumps her boyfriend for a rich, older man regrets that choice when her ex takes up with her new stepdaughter. b. prasad rana jung bahadur kanchan kirti shetty balli grover "
narasimha,1991,"action drama with the help of his strongest henchman; narasimha, baapji eliminates his enemies from the city. but what happens when the sleeping morals of your toughest ally awaken, and he not only opposes you, but aligns with your enemy? n. chandra sunny deol dimple kapadia urmila matondkar ravi behl "
the burning train,1980,action thriller a dedicated railway employee's plan to introduce an express train result in sabotage. ravi chopra dharmendra vinod khanna jeetendra vinod mehra 
dostana,1980,action crime drama vijay varma (amitabh bachchan) and ravi kapoor (shatrughan sinha) are two close childhood friends. when they thought they have matured enough they decides to enter law policy: one as a ...                see full summary » raj khosla amitabh bachchan shatrughan sinha zeenat aman prem chopra 
bemisal,1982,"drama family 'bemisal' is the story of noble orphan sudhir, who sacrifices everything he has, from the love of his life to his profession and reputation, to save his foster family. hrishikesh mukherjee amitabh bachchan rakhee gulzar vinod mehra deven verma "
chhota bheem himalayan adventure,2016,"animation when hidimbak attacks manali bheem has to stop that strong man, rosauro adorable jigna bhardwaj rupa bhimani sonal kaushal ketan kava "
vijay,1988,action drama romance vijay is a story about people that are bound by relationships of love and friendship and how they become foes and take up weapons against each other. yash chopra anil kapoor rajesh khanna rishi kapoor hema malini 
ghazab,1982,"action comedy drama ajay alias munna babu is a semi-senile, gentle but naive young man who has a wealthy family estate. his employees and alleged well-wishers (arjun singh, jatha shankar, munishi gurbachan, ...                see full summary » c.p. dixit ranjeet bedi seema deo dharmendra krishan dhawan "
free entry,2006,"drama romance the movie is a story of twin sisters coveting the same man. bobby is a working girl in bangkok while her twin sister, julie, is interested in only having a good time. bobby meets rocky at ...                see full synopsis » kanti shah anil nagrath amit pachori sapna sappu "
commando,1988,action drama romance chander joins the army as a commando but has to deal with the corrupt officials who deal with international criminals. babbar subhash mithun chakraborty mandakini hemant birje kim 
jaal,1986,"action drama thriller shankar verma lives a poor lifestyle with his mom, shanti, in india after his father, sathpal, leaves the family for a courtesan by the name of meenabai. years later, shankar has now grown ...                see full summary » umesh mehra rekha mithun chakraborty mandakini moon moon sen "
shaapit: the cursed,2010,"adventure horror romance in order to wed his sweetheart, a male must reverse a 350-year old curse on her family. vikram bhatt aditya narayan shweta agarwal rahul dev shubh joshi "
hello brother,1999,action comedy fantasy a police officer receives a heart transplant from a murdered man whose ghost then follows him around insisting that he solve and avenge his murder. sohail khan salman khan rani mukerji arbaaz khan johny lever 
ghatak: lethal,1996,"action drama unable to witness the injustice and brutality inflict on the residents by a tyrannical gangster, katya, in a small indian village in india; kashinath alias kashi decides to single-handily ...                see full summary » rajkumar santoshi sunny deol meenakshi sheshadri danny denzongpa amrish puri "
ramprasad ki tehrvi,2019,"comedy drama bauji's entire family comes under one roof for 13 days after he passes away. we get a glimpse of their dynamics, politics and insecurities as each one of them is on their journey to discover their own selves and truth. seema pahwa supriya pathak konkona sen sharma parambrata chattopadhyay vikrant massey "
backfire,2022,mystery add a plot ashok k mishra sandeepa dhar karan singh grover kay kay menon neil nitin mukesh 
main prem ki diwani hoon,2003,"comedy drama musical this is the story of sanjana, a girl of today's generation full of life and vibrant ecstasy. she lives life on her own terms and gets very upset when her mother susheela, arranges for her to see a boy leading to a marriage prospect. sooraj r. barjatya hrithik roshan kareena kapoor abhishek bachchan johny lever "
naseeb apna apna,1986,"comedy drama a domineering man marries his son to a simple village girl. but when she arrives at his house in the city, she discovers that he is already married to an attractive city woman. rama rao tatineni rishi kapoor farha naaz radhika sarathkumar rakesh bedi "
parivaar,1987,drama family anita finds shelter with a street perfomer birju when she is abandoned by her relatives due to dowry issues shashilal k. nair mithun chakraborty meenakshi sheshadri shakti kapoor baby guddu 
tu hai mera sunday,2016,"comedy drama when their sunday soccer game on the beach is canceled, five friends set out to find another place to play in the noisy, crowded city of mumbai. milind dhaimade barun sobti shahana goswami avinash tiwary nakul bhalla "
rakshak,1996,action thriller asp raj sinha is assign with the task of bringing to justice the people who are responsible for printing and circulating fake currency notes. raj is shocked when he learn that the leader ...                see full summary » ashok honda suniel shetty karisma kapoor sonali bendre raghuvaran 
#homecoming,2022,"drama musical a group of ""friends"" and ""misfits"", who had formed a popular yet short-lived youth theatre group, reunite for the first time after seven years on an eventful durga pujo night at their old ...                see full summary » soumyajit majumdar sayani gupta tushar pandey hussain dalal soham majumdar "
farz,2001,"action thriller acp arjun singh and his brother-in-law, tayaji are with the police force but when tayaji is assassinated on duty arjun's family feels devastated by his death. soon, gawa firozi and his brother sikander start to terrorize the city. raj kanwar sunny deol preity g zinta jackie shroff om puri "
chalk n duster,2016,"drama chalk n duster is an emotional journey of two teachers vidya ( shabana azmi) & jyoti ( juhi chawla) , serving at a mumbai - based high school. their passion and love for teaching, bonds ...                see full summary » jayant gilatar richa chadha shabana azmi arya babbar gavie chahal "
u me aur hum,2008,"drama romance ajay's life turns upside down when he learns that his wife piya has alzheimer and he has no option, but to leave his wife in a mental hospital. ajay devgn ajay devgn kajol sumeet raghavan divya dutta "
"tom, dick, and harry",2006,"action comedy romance three disabled friends - deaf tom, blind dick and dumb harry - get caught up in a whirlwind adventure involving two beautiful girls, a kidnapping and a ton of cash. deepak tijori rakesh bedi bobby darling avtar gill ramesh goyal "
tryst with destiny,2021,"drama a billionaire learns there is something money can't buy, a lower-caste couple attempts to build a new life, and a corrupt city cop finds himself far outside of the law in nair's slyly biting triptych on class in contemporary india. prashant nair suhasini vineet kumar singh jaideep ahlawat kani kusruti "
mukti bhawan,2016,"comedy drama faced with his father's untimely and bizarre demand to go and die in the holy city of varanasi and attain salvation, a son is left with no choice but to embark on this journey. shubhashish bhutiani adil hussain lalit behl geetanjali kulkarni palomi ghosh "
hero no. 1,1997,"comedy drama musical timid rajesh malhotra escapes his tyrant father and meets meena in a foreign land. the two lovers decide to marry, but when meena's parents object, rajesh decides to win them over in the quirkiest way. david dhawan govinda karisma kapoor kader khan paresh rawal "
ajab prem ki ghazab kahani,2009,"action comedy musical the wacky adventures of a young man who is willing to sacrifice his own love to insure the happiness of others, even trying to get the girl of his dreams married to the guy of her dreams. rajkumar santoshi ranbir kapoor katrina kaif darshan jariwala smita jaykar "
dhadkan,2000,"drama romance anjali and dev are in love and plan to marry, but her family gets her married to ram. years later, dev shows up to reunite with anjali, who has managed to fall in love with her husband. dharmesh darshan akshay kumar shilpa shetty kundra suniel shetty mahima chaudhry "
i love you,V2023,"drama romance thriller sathya is a highly successful corporate executive who look forward to a bright future with her fiance,vishal.one night ,when she is about to board a fight to delhi, satya finds herself trapped within the office .what danger awaits her? nikhil mahajan rakul preet singh pavail gulati akshay oberoi kiran kumar "
the stoneman murders,2009,"crime drama mystery in 1980s bombay, a serial killer starts targeting homeless street dwellers, whilst a suspended police officer attempts to solve the case. manish gupta kay kay menon arbaaz khan rukhsar rehman veerendra saxena "
lomad,2023,crime drama thriller this single shot film describes that there is a stranger within all of us that comes out at an unknown place and in an unusual time. hemwant tiwari hemwant tiwari auroshikha dey parimal aloke tirrtha murbaadkar 
awaara,1951,"drama musical romance a poor young man named raj joins a criminal gang to feed his mother. but when he falls in love with rita, he decides to reform himself for her. raj kapoor raj kapoor nargis prithviraj kapoor k.n. singh "
bhuj: the pride of india,2021,"action drama history during the indo-pakistani war of 1971, the bhuj airbase is attacked and a race against time begins to rebuild the damaged airstrip. abhishek dudhaiya ajay devgn sanjay dutt sonakshi sinha sharad kelkar "
tribhanga,2021,drama family the lives of three women spanning the late 1980s to present day and underscores the value of family in everyday life. renuka shahane kajol tanvi azmi mithila palkar kunaal roy kapur 
kuch pal pyar ke,2018,"drama kuch pal pyar ke is a 2018 indian hindi film, directed by v.h. kumar. the film stars aamir and zoya in lead roles. the film has musical score by aniket trivedi. viral h. patel aamir tejas gadhvi aamir ghani zoya rathore "
dor,2006,"drama two woman --different backgrounds, miles apart, and strangers to each other-- are linked by tragedy. their new-found friendship is tested as one holds the fate of the other's husband in her hands. nagesh kukunoor ayesha takia shreyas talpade gul panag girish karnad "
hero,1983,"action drama romance after his friend is imprisoned, a hitman kidnaps the daughter of the police commissioner by telling her that he is a police officer. subhash ghai sanjeev kumar shammi kapoor jackie shroff meenakshi sheshadri "
aaj ka arjun,1990,"action crime drama bhim singh is an orphan who lives a poor life-style in a small community. he is the guardian to his only sister, laxmi, who he has educated in the city, she meets ajit singh the son of ...                see full summary » k.c. bokadia amitabh bachchan jaya prada radhika sarathkumar suresh oberoi "
do knot disturb,2009,comedy drama a man and a woman have to pretend to be a couple in order to salvage a ceo's marriage. david dhawan govinda sushmita sen riteish deshmukh lara dutta 
lupt,2018,"horror thriller haunted by disturbing visions, a workaholic takes a vacation with his family, but a detour leads them to an unsettling stranger and chilling events. prabhuraj jaaved jaaferi niki walia vijay raaz rishab chadha "
cargo,2019,"drama fantasy sci-fi a young female astronaut, who joins a reclusive astronaut aboard a spaceship, struggles with her job as she interacts with mysterious cargos that appear on the ship. arati kadav vikrant massey shweta tripathi nandu madhav konkona sen sharma "
shiva,1989,"action crime drama shiva is disgusted by the corruption in and around his new college, and along with his friends, he decides to take a stand against the status quo. ram gopal varma nagarjuna akkineni amala akkineni raghuvaran j.d. chakravarthi "
cheeni kum,2007,comedy drama romance an egotistical 64-year-old chef and confirmed bachelor falls for a woman 30 years his junior. r. balki amitabh bachchan tabu paresh rawal zohra sehgal 
chhota bheem and the curse of damyaan,2012,animation adventure fantasy bheem and his friend should destroy damyaan along with (the book of magi) to free them from his prison and to save their city rajiv chilaka jigna bhardwaj chutki kaustav ghosh rajesh kava 
veer,2010,action adventure drama prithvi seeks revenge on gyanendra singh and the british. he sends his son veer to britain to study their plans. veer kills gyanendra's son but ends up falling in love with his daughter. anil sharma salman khan jackie shroff mithun chakraborty zareen khan 
damini,1993,"crime drama after witnessing a rape in her own household, damini fights for justice for the deceased victim. however, she faces a bunch of challenges until she meets a disgraced lawyer who decides to fight the case and bring the culprits to justice. rajkumar santoshi meenakshi sheshadri rishi kapoor sunny deol amrish puri "
khichdi 2,2023, add a plot aatish kapadia pratik gandhi kirti kulhari farah khan anant vidhaat 
the huntress,Unknown,"action drama sci-fi set in the yrf spy universe, a raw agent who becomes a huntress to protect the prime minister from a notorious terrorist group leader who plans to end the world. aatish kapadia pratik gandhi kirti kulhari farah khan anant vidhaat "
rang,1993,drama romance although suchitra has been marry to madhav singh for years she has always been conscious about maintaining a slim figure which in her believe will make her look young. she watched ...                see full summary » talat jani jeetendra amrita singh kamal sadanah ayesha jhulka 
jungle ki hasina,1990,action adventure add a plot k.s. gopalakrishnan babloo narendran shankar sugandhi disco shanti 
sandwich,2006,"comedy thriller sher singh lives with his mother and handicapped sister in punjab but moves to mumbai, changes his name to shekhar, meets nisha and falls in love. when his mother asks him to return, he ...                see full summary » anees bazmee govinda raveena tandon mahima chaudhry mohnish behl "
khud-daar,1982,"action drama hari r. srivastav lives a middle-class life in rural india with two step-brothers, govind and rajesh. circumstances compel him to get married to seema, who dislikes govind and rajesh. when ...                see full summary » ravi tandon sanjeev kumar amitabh bachchan vinod mehra tanuja samarth "
sunday,2008,"action comedy mystery an amnesiac woman fears a missing day in her life may connect her to a crime, and tries to retrace her steps between saturday evening and monday morning. rohit shetty ajay devgn ayesha takia arshad warsi irrfan khan "
f.a.l.t.u,2011,"comedy drama unable to get accepted, four academically-challenged students decide to open their own college. remo d'souza arshad warsi riteish deshmukh jackky bhagnani puja gupta "
the y,2023,horror mystery thriller the female protagonist is a mute. after her marriage the couple enters a new chapter of their life but face another dilemma which they least expect. they experience paranormal incidents and their daily life turns into a mysterious tale. girideva raaj yuvan hariharan leonilla apsara chethan a 
swayambhu,Unknown,"adventure drama fantasy follows the story of an emperor who established a golden age in history. aadhitya bahudhanam, bharat krishnamachari samyuktha menon nikhil siddharth "
aunty no. 1,1998,"action comedy drama sandhya (raveena tandon) has always dreamt of meeting her prince charming, a wealthy man, handsome, debonair, and dashing. she meets with gopi (govinda), who likes her instantly, and ...                see full summary » kirti kumar govinda raveena tandon harish rohit kumar sharma "
shabd,2005,"drama thriller when a novelist seeks inspiration by urging his wife to have an affair, the line between his story and reality is blurred. leena yadav sanjay dutt aishwarya rai bachchan zayed khan aakash pandey "
do raaste,1969,"drama romance navendu toils hard to support his joint family and keep it together. however, their familial bond gets threatened when his younger brother marries a woman who insists on living separately. raj khosla rajesh khanna mumtaz askari balraj sahni prem chopra "
mela,2000,"action adventure comedy when a village belle's brother is killed by a bandit, she vows revenge and enlists the help of two truckers-come-theatre artists in her mission. dharmesh darshan aamir khan twinkle khanna faisal khan johny lever "
lingaa,2014,action comedy drama a small-time thief reforms after learning about the role played by his grandfather in building a dam. k.s. ravikumar rajinikanth anushka shetty sonakshi sinha jagapathi babu 
yeh vaada raha,1982,romance musical drama sunita is a radio singer while on vacation in kashmir vikram deeply falls in love with and proposes her which she eventually accepts.vikram introduces sunita to her mother sharda rai ...                see full summary » kapil kapoor rishi kapoor tina ambani poonam dhillon rakhee gulzar 
firaaq,2008,drama history thriller chronicles the devastating impact on vulnerable muslims in gujarat after riots. nandita das inaamulhaq nassar shahana goswami nawazuddin siddiqui 
ek rishtaa: the bond of love,2001,"drama vijay kapoor, a wealthy businessman and his family are deceived by rajesh, vijay kapoor's employee and son in law. a struggle begins by both father-son duos to regain their business and position. suneel darshan amitabh bachchan rakhee gulzar akshay kumar karisma kapoor "
15 park avenue,2005,"drama an exploration of the impact of schizophrenia on a young woman and her family in today's calcutta. the narrative pivots around the relationship of two sisters, older sister anjali is a ...                see full summary » aparna sen shabana azmi konkona sen sharma rahul bose dhritiman chatterjee "
balika badhu,1976,"comedy drama romance set against the backdrop of a quaint village in british-ruled india, this exquisitely crafted social drama revolves around teenage couple amal and rajni. their marriage is conducted with ...                see full summary » tarun majumdar sachin pilgaonkar rajni sharma govardhan asrani a.k. hangal "
angoor,2005,"drama a girl with mental problems gets break in c grade movie and try to woo the producer to increase her payment. in between, it turn out that producer is homosexual, and likes the male lead of ...                see full summary » kanti shah sapna sappu rajesh sabharwal amit pachori anil nagrath "
baap beti,1954,drama add a plot bimal roy sunalini devi dolly tabassum govil nasir hussain 
gardish,1993,action crime drama a soon-to-be police officer takes a path of crime after his father gets attacked by hoodlums. priyadarshan jackie shroff amrish puri dimple kapadia farida jalal 
kill dil,2014,"action comedy drama abandoned when young, bhaiyaji gives shelter to dev and tutu. a game of defiance, deception and love follows when free-spirited disha enters their life. shaad ali ranveer singh ali zafar parineeti chopra govinda "
aashiqui,1990,"musical drama romance rahul and anu fall in love with each other, but before they unite, they have their own problems to deal with. mahesh bhatt rahul roy anu agarwal avtar gill tom alter "
tridev,1989,"action crime drama when an exiled police officer, a bandit and the son of a police commissioner are framed by a smuggler, they join forces to teach him a lesson and prove their innocence. rajiv rai sunny deol naseeruddin shah jackie shroff madhuri dixit "
junko,2017,crime add a plot abhinav thakur neelam deysarkar aayush thakur aarav mavi aashif eqbal 
baazi,1995,action thriller crime a tough and honest police officer wages a one-man war against terrorists and a corrupt politician who have planned to assassinate the chief minister of the state. ashutosh gowariker aamir khan mamta kulkarni paresh rawal avtar gill 
ankur arora murder case,2013,"drama thriller a highly reputed doctor makes a small mistake, which costs the life of a kid ankur arora. will he succeed in hiding his mistake or will the mother of the kid get justice. sohail tatari kay kay menon visshesh tiwari tisca chopra arjun mathur "
benaam,1974,"drama mystery thriller after helping a stabbing victim to the hospital, a man begins to receive anonymous threats. the only way to save his wife and child is to unravel the mystery of the killer's identity. narendra bedi amitabh bachchan moushumi chatterjee satyendra kapoor madan puri "
parichay,1972,"drama family musical in desperate need of a job, unemployed ravi (jeetendra) goes to his maternal uncle (a.k. hangal) and aunt (leela mishra) in their village for a few days. his uncle decides that he can be a ...                see full summary » gulzar jeetendra jaya bachchan pran sikand a.k. hangal "
kartoos,1999,action thriller a cop trains a criminal raja to end the reign of a deadly underworld don. but the mission falters when raja falls in love and puts everyone's life and the mission at risk. mahesh bhatt sanjay dutt jackie shroff manisha koirala gulshan grover 
imtihaan,1994,action drama romance a woman's tragic past threatens to break up her marriage. harry baweja sunny deol saif ali khan raveena tandon govardhan asrani 
chintu ka birthday,2020,"comedy drama war during us invasion of iraq some illegal migrants are waiting to get back home to india. as one such family prepares to celebrate the 6th birthday of their youngest member chintu, their kind-hearted iraqi landlord lends them a helping hand. devanshu singh, satyanshu singh vinay pathak tillotama shome seema pahwa khaled masso "
amavas,2019,"horror thriller the lives of a couple turn into a nightmare, as dark forces lie in wait beneath the shadows of the haunted bungalow in which they have decided to stay. bhushan patel ali asgar ali asgar vivan bhatena sabina chema "
bhindi baazaar,2011,crime drama thriller power struggles ensue in a gang after the sudden death of their leader. ankush bhatt kay kay menon prashant narayanan pawan malhotra adil feroz khan 
ankur,1974,"drama belonging to a lower caste, lakshmi and her deaf-mute husband kishtayya serve the landlord's son, surya. when surya's young wife finds out about his affair with lakshmi, they all find themselves at crossroads. shyam benegal shabana azmi sadhu meher anant nag priya tendulkar "
karz,1980,action musical romance ravi is killed by his wife after his marriage. he is reborn as monty and is now a singer he goes to holiday in ooty where he recollects his memories from previous life and inquires about his family from first life and his evil wife kamini. subhash ghai rishi kapoor tina ambani simi garewal raj kiran 
mr. natwarlal,1979,"action comedy romance natwar is just a young boy when his beloved older brother and caretaker, police officer gridharilal (ajit), is framed for bribery by sinister criminal mastermind vikram (amjad khan). when ...                see full summary » rakesh kumar amitabh bachchan rekha ajit khan kader khan "
rangeela raja,2019,comedy a strong career woman changes the life of a business tycoon and upsets his family. his brother attempts to set everything back to normal. will he succeed? sikander bharti govinda mishika chourasia karan aanand anupama agnihotri 
teri meherbaniyan,1985,"action crime drama ram is a govt official who tries to brings justice to an oppressed village. he almost succeed in his mission but is murdered by vijay singh. his dream of justice is filled by his most loyal dog, moti. vijay reddy jackie shroff poonam dhillon raj kiran swapna "
hum se badkar kaun,1981,adventure drama four young boys tragically separated from their parents and each other grow up to become four different men with divergent values and conflicting methods. fate eventually sets their paths for a head on collision. deepak bahry ranjeet bedi birbal mithun chakraborty mohan choti 
eeb allay ooo!,2019,comedy drama a young migrant battles hordes of monkeys in the heart of new delhi as a contractual monkey repeller. prateek vats shardul bharadwaj mahender nath nutan sinha shashi bhushan 
haseena maan jaayegi,1999,"action comedy romance separated from their wealthy father and each other, two brothers (sanjay dutt, govinda) try to win the hearts of their dream girls. david dhawan sanjay dutt govinda karisma kapoor pooja batra "
404: error not found,2011,drama mystery thriller a brilliant student starts hallucinating after moving into a room that was occupied by another who committed suicide. prawaal raman rajvvir aroraa imaaduddin shah nishikant kamat ruchir raj 
dj tillu,2022,"action comedy crime a lazy young man spends his time chasing girls, until an incident changes his life forever. vimal krishna neha shetty sidhu jonnalagadda pragathi brahmaji "
genius,2018,"action thriller an orphan, with a brilliant mind, joins raw and is burdened by the killing of his entire team. until he doesn't avenge their death, he can't live in peace with his love. so, he hatches a genius plan. anil sharma utkarsh sharma ishita chauhan mithun chakraborty ayesha jhulka "
suraj pe mangal bhari,2020,"comedy in the 1990s, a wedding detective has to perform background checks on prospective grooms. in the time before social media and mobile phones, everything has to be done in person. abhishek sharma manoj bajpayee karishma tanna fatima sana shaikh abhishek banerjee "
adi shankaracharya,1983,biography drama the first indian movie to be made in sanskrit. the movie follows the life and times of adi shankaracharya - the founder of the non-duality (advaita) school of indian philosophy. the ...                see full summary » g.v. iyer sarvadaman banerjee m.v. narayana rao manjunath bhatt leela narayana rao 
the final exit,2017,"horror caught in a surreal maze, a man tries to decode the mysterious hallucinations he's experiencing. dhwanil mehta kunaal roy kapur mukesh hariawala elena kazan reyhna malhotra "
dec-24,2023,horror thriller finding medicine for breathing issues that newborn baby's facing in some parts of the state of karnataka due to some environmental problems. nagaraj 'mg' gowda appu badiger rakesh bhoumik jagadeesha h g doddi ravi k r pete 
dev bhoomi,2016,"drama after a long exile, rahul returns to his village in the himalayas. it causes commotion amongst the villagers, who have never forgiven him for his sins in the past. goran paskaljevic victor banerjee geetanjali thapa uttara baokar raj zutshi "
bull,2023,action drama inspired by the real-life events of brigadier bulsara of indian army. sangeeth sivan shahid kapoor parth siddhpura 
satellite shankar,2019,action drama the extraordinary journey of a soldier that brought a nation together. it stars sooraj pancholi and megha akash in the lead roles and is directed by irfan kamal. irfan kamal sooraj pancholi anil reji saurabh agnihotri megha akash 
baton baton mein,1979,"comedy romance nancy and tony meet regularly on their daily commute to work and gradually fall in love. but when tony shows reluctance toward marriage, nancy's mother starts looking for a groom for her daughter. basu chatterjee amol palekar tina ambani govardhan asrani david abraham "
soorya,Unknown,crime drama thriller a retired police officer with adept investigative skills accidentally gets involved in a crime case after his ex-wife's unexpected demise. m. padmakumar sunny deol ravi kishan tanushree chakraborty virti vaghani 
kidnap,2008,action crime drama a kidnapper has to settle a personal score with an influential businessman whose daughter he has kidnapped. sanjay gadhvi sanjay dutt imran khan minissha lamba vidya malvade 
talaash: the hunt begins...,2003,action crime drama #name? suneel darshan rakhee gulzar akshay kumar kareena kapoor pooja batra 
chittagong,2012,"action drama war school kids organize an armed revolt in the 1930s in british occupied chittagong. there are casualties on both sides. later, one of those kids successfully leads the peasants to regain their food-grains earlier commandeered by the british. bedabrata pain manoj bajpayee barry john delzad hiwale vega tamotia "
batti gul meter chalu,2018,"drama the life of three friends takes a tragic turn due to an inflated electricity bill, which leads to a courtroom drama and social awakening. shree narayan singh shahid kapoor shraddha kapoor divyendu sharma yami gautam "
genie,2023,action fantasy add a plot bhuvanesh arjunan wamiqa gabbi jayam ravi krithi shetty kalyani priyadarshan 
boss,2013,"action comedy crime after his younger son falls prey to a corrupt police officer, an honest old man summons his estranged elder son to save the day. anthony d'souza akshay kumar shiv panditt mithun chakraborty ronit roy "
power,2014,action comedy crime a young man desperate to become a police officer ends up getting embroiled in a plot to pose as his lookalike in order to re-capture an infamous criminal. k.s. ravindra ravi teja hansika motwani regina cassandra brahmanandam 
tsunami,Unknown,drama thriller 23 million people should be evacuated in 2 hours. madhu sudhanan spencer patwal 
viruddh... family comes first,2005,drama family an ordinary 60 plus couple - vidhyadhar patwardhan and his wife are forced to search for their faith in human values and society after the death of their only son amar. in the process they undergo the most testing struggle of their lives. mahesh manjrekar amitabh bachchan sharmila tagore john abraham sanjay dutt 
tango charlie,2005,"action adventure drama tarun chauhan, a rookie army officer undergoes ups and downs in his mission and learns the true meaning of 'war' to overcome his weaknesses. mani shankar ajay devgn bobby deol sanjay dutt suniel shetty "
bank chor,2017,"action comedy crime a comic-caper, that tells the story of 3 morons trying to rob a bank who pick the worst day possible when everything that can go wrong, goes wrong and how they're inadvertently caught in the crossfire. bumpy riteish deshmukh vivek oberoi rhea chakraborty sahil vaid "
nautanki saala!,2013,"comedy drama romance ram, a successful theatre artist, saves mandar from committing suicide. he then ends up developing a special bond with mandar and even helps solve his problems. rohan sippy ayushmann khurrana kunaal roy kapur pooja salvi gaelyn mendonca "
luv shuv tey chicken khurana,2012,comedy a fugitive frantically looks for a much-coveted chicken curry recipe with which his family can reclaim their pride and wealth. sameer sharma kunal kapoor huma qureshi vinod nagpal rajesh sharma 
koshish,1972,drama a speech and hearing-impaired couple persists through unforgiving obstacles to be accepted by society and live a life of dignity. gulzar sanjeev kumar jaya bachchan govardhan asrani seema deo 
sakthi,2011,"action adventure fantasy while on a trip, a guide starts protecting the central minister's daughter from some egyptians who want her and a holy diamond in their custody. meher ramesh n.t. rama rao jr. ileana d'cruz pooja bedi sonu sood "
jajantaram mamantaram,2003,"action adventure comedy a young man lands in the land of little people, who ask him to save them from their enemies. soumitra ranade jaaved jaaferi gulshan grover manav kaul joy fernandes "
inkaar,2013,"drama romance thriller at a leading ad agency, the battle for the top job between rahul verma, the advertising ceo, and maya luthra, his ambitious protégée, takes an ugly turn when maya files a sexual harassment complaint against rahul. sudhir mishra, jay dev banerjee arjun rampal chitrangda singh vipin sharma mithun rodwittiya "
zamaana deewana,1995,action comedy drama a police commissioner enlists the aid of an eccentric inspector to end a gang war between bitter enemies. ramesh sippy jeetendra shatrughan sinha shah rukh khan raveena tandon 
american desi,2001,"comedy drama romance college freshman krishna reddy, who has never cared for his indian-american cultural heritage, looks forward to a new life on campus but is surprised to find that he has been assigned ...                see full summary » piyush dinker pandya deep katdare ronobir lahiri purva bedi rizwan manji "
jai mummy di,2020,comedy drama romance jai mummy di is a light-hearted family comedy that portrays the trials and tribulations a couple has to undergo due to the dynamics between their respective mothers. navjot gulati poonam dhillon supriya pathak sunny singh sonnalli seygall 
rosie: the saffron chapter,2022,horror mystery thriller a film based on true events in gurugram. vishal mishra arbaaz khan tanishaa mukerji shivin narang vivek oberoi 
stree 2,2024,comedy horror add a plot amar kaushik shraddha kapoor rajkummar rao pankaj tripathi varun dhawan 
sooryavansham,1999,"action drama heera fails to live up to expectations of his father thakur bhanupratap singh, a powerful and respected man of his community. despite all odds heera struggles to keep his father's pride. e.v.v. satyanarayana, pranavanand amitabh bachchan soundarya jayasudha mukesh rishi "
one day: justice delivered,2019,action crime thriller a crime branch special officer investigates the serial disappearance of high profile individuals in a state capital. ashok nanda anupam kher kumud mishra esha gupta zakir hussain 
na tum jaano na hum,2002,comedy drama musical a romantically inclined couple decide to get to know each other through letters without disclosing their identities. arjun sablok hrithik roshan saif ali khan esha deol alok nath 
mohalla assi,2015,comedy drama a sanskrit priest decides to take matters in n his hand when the locals of holy town banaras stars to lure foreign tourists with fake spiritual gurus. chandra prakash dwivedi sunny deol sakshi tanwar ravi kishan saurabh shukla 
x: past is present,2015,"drama mystery romance a filmmaker with a mid-life crisis meets a mysterious young girl who reminds of every woman in his past. hemant gaba, pratim d. gupta, sudhish kamath, nalan kumarasamy, anu menon, sandeep mohan, qaushiq mukherjee, rajshree ojha, raja sen, abhinav shiv tiwari, suparn varma rajat kapoor radhika apte bidita bag piaa bajpai "
despatch,2023,"drama news has turned digital, leaving veteran crime journalist joy at the cusp of irrelevance. determined to break the next big story and refashion his complicated personal life, joy embarks on ...                see full summary » kanu behl manoj bajpayee shahana goswami nikhil vijay ajay purkar "
kuselan,2008,"comedy drama family story related to old friends ,after one being a popular actor and other being a barber and managing family. p. vasu rajinikanth pasupathy meena nayanthara "
lagaam,1976,"action bhima, a strong and brave youth, according to an oath given to his mother renounces violence. this makes him suffer humiliation and indignity at the hands of sambha - a gang leader. finding...                see full summary » desh gautam vinod khanna yogeeta bali bindu desai prem chopra "
tere mere sapne,1971,"drama romance dr. anand kumar attains his degree in medicine and re-locates to a small village to assist the local doctors there. upon arrival, he is met by the ailing dr. prasad and his wife, and hired ...                see full summary » vijay anand dev anand mumtaz askari mahesh kaul vijay anand "
parineeta,2005,drama musical romance the lifelong romance between lolita (balan) and shekar (khan) is upset by the arrival of another man. pradeep sarkar vidya balan saif ali khan sanjay dutt dia mirza 
the immortal ashwatthama,Unknown,action adventure fantasy follows ashwatthama's journey as he seeks redemption and immortality. aditya dhar allu arjun vicky kaushal sara ali khan 
jai ho,2014,"action drama an upright ex-army man, jai fights a solitary war against corruption and injustice. with a simple mantra to pay forward, he starts off by helping one person and forms an ever growing circle of people helping each other. sohail khan salman khan daisy shah tabu danny denzongpa "
tanu weds manu returns,2015,comedy drama romance tanu and manu's marriage collapses. what happens when manu meets tanu's lookalike kusum - and when tanu returns? aanand l. rai kangana ranaut madhavan jimmy shergill deepak dobriyal 
tanu weds manu,2011,"comedy drama romance manu comes to india to find a bride and falls for tanu at first sight, but free-spirited tanu has no plan to marry him. aanand l. rai madhavan kangana ranaut jimmy shergill deepak dobriyal "
karma strikes,2023,drama romance thriller every love story faces its karma; so did theirs. kartik swaminathan venkatraman johnny serret yuvradnyee michael stephen walls sagar sharma 
kshatriya,1993,"action drama war in order to get rain for the arid region in rajasthan, india, two royal families, from mirtagarh and surjangarh, have come together with their warriors, and fought with each other annually,...                see full summary » j.p. dutta sunil dutt dharmendra vinod khanna rakhee gulzar "
dayavan,1988,"action crime drama the story of dayavan, a benevolent gangster who dedicates his life to helping those less fortunate than himself. feroz khan vinod khanna feroz khan amala akkineni amrish puri "
tamso,2023,drama horror thriller add a plot stephen alexander rashmi somvanshi ritika gupta vaishnavi singh ansh pandey 
haqeeqat,1995,"action drama romance after her husband, ravi malhotra, is killed, sudha lives the life of a widow with her brother, mahesh, and bhabhi, kamini. a new tenant, ajay, comes to her rescue when she is molested by ...                see full summary » kuku kohli ajay devgn tabu aruna irani mohan joshi "
hum kisise kum naheen,1977,action comedy drama rajesh belonged to a wealthy family his father turned all his savings from africa into diamonds and hid it in a belt and was returning to india where he is followed by gang of smugglers he ...                see full summary » nasir hussain rishi kapoor tariq kaajal kiran amjad khan 
apne 2,Unknown,drama add a plot anil sharma sunny deol dharmendra bobby deol rohit choudhary 
nehlle pe dehlla,2007,action comedy crime two crooks attempts to blackmail a rich hotelier in order to get a huge sum of money. the plan goes horribly wrong as the hotelier is murdered and they have no choice except keeping his body to show him alive in order to be safe from law. ajay chandhok sanjay dutt bipasha basu saif ali khan kim sharma 
yeshwant,1997,"action crime drama tough policier about a straight, but maverick cop who does not believe in bending over, no matter what. he encourages his wife to become a top government officer and tutors her at home, ...                see full summary » anil mattoo nana patekar madhoo atul agnihotri mohan joshi "
the hidden strike,2020,war the hidden strike is a fictional movie about a ground mission where a team of thirteen indian army officers and soldiers went across pok and destroyed the terrorist camp with a planned sub ...                see full summary » suzad iqbal khan deepraj rana mir sarwar jimmy sharma lakhwinder 
woh ladki hai kahaan,2023,comedy drama an investigative comedy where a lady cop and a groom starts looking for the bride. arshad syed taapsee pannu pratik gandhi prateik patil babbar mahadev singh lakhawat 
amar prem,2020,drama widow marriage is still considered a sin in progressive society of india even today. film amar prem raise questions on mentality of indian society and cover issues like widow marriage and honor killings. tanveer hashmi kundan bhardwaj chandrima banerjee kajal chauhan ranjeet jha 
thadaiyara thaakka,2012,"action crime drama a young man dreams of making a fortune in chennai. he owns a travel agency and is all set to marry his lover. after he crosses paths with a loan shark, the latter is murdered, the young man runs for cover and plans to find the murderer. magizh thirumeni arun vijay mamta mohandas rakul preet singh vamsi krishna "
return of hanuman,2007,"animation action adventure a young boy, minku, ridiculed by his friends, begs the gods to send him down to earth, and his wish is granted. anurag kashyap kathleen barr lillian carlson raj singh jhinjar irfan khan "
rang rasiya,2008,biography drama romance a look into the life of 19th century indian painter raja ravi varma. ketan mehta randeep hooda nandana sen paresh rawal ashish vidyarthi 
malamaal weekly,2006,"comedy drama romance lilaram sells lottery tickets and one customer has hit the jackpot but dies of shock upon finding out that he has won. now, lilaram wants all the money, and so does everyone around him. priyadarshan paresh rawal om puri riteish deshmukh reema sen "
ticket ek sangharsh,2023,"drama thriller in rudranagar, the ticket is not just integral but also has multiple and divergent connotations. although meanings would not be consensually agreed upon, but the desire to get one ticket at all costs unifies them all. mahi dubey mahi dubey nirmal soni sanjay dubey neha sharma "
angithee 2,2023,"drama kavya, a married woman, lives a dull life with her husband rajeev in a small town of jammu. sick of the monotonous routine, she seeks happiness and excitement. this is when a young boy enters her life and makes her feel liberated. shoib nikash shah rishi bhutani fezan khan shafaq naaz "
jaane do,2023,romance a blind couple embark on a road trip only to break up from a relationship that they never entered. jugal raja pragati anand abhishek panwar 
irumbu thirai,2018,action crime thriller a soldier takes on a gang of cyber criminals when money goes missing from his account. p.s. mithran vishal samantha ruth prabhu arjun sarja delhi ganesh 
haunted - 3d,2011,action fantasy horror a realtor finds himself accompanied by two ghostly entities inside a mansion. he learns of a violent event that took place years ago and is sent back in time to prevent it from happening. vikram bhatt mimoh chakraborty tia bajpai achint kaur mohan kapur 
thoda pyaar thoda magic,2008,"comedy drama family an angel, a man and 4 orphans come together to bring you a story filled with fun, excitement, tears, love and magic. kunal kohli saif ali khan rani mukerji rishi kapoor akshat chopra "
shakthi: the power,2002,action drama thriller a couple visits the husband's family in india and finds itself in the middle of a fratricidal battle. krishna vamsi karisma kapoor nana patekar sanjay kapoor jai gidwani 
chhoti si baat,1976,comedy romance a timid suitor seeks the help of a ruthless colonel to win the woman of his dreams when a bold young man begins to pursue her in this romantic comedy. basu chatterjee ashok kumar vidya sinha amol palekar govardhan asrani 
finding fanny,2014,adventure comedy drama a man embarks on a road trip to find his lost love. homi adajania deepika padukone arjun kapoor naseeruddin shah dimple kapadia 
parampara,1993,"action drama romance the grandchildren of two sworn enemies want to put the bitterness between the families behind them, but will the bloodthirsty traditions compel them to do otherwise? yash chopra sunil dutt vinod khanna aamir khan ashwini bhave "
teri meri kahaani,2012,"comedy drama romance the true love between a couple in 1910, 1960 and 2012. their love is so strong that even destiny wants to bring them together. kunal kohli shahid kapoor priyanka chopra jonas prachi desai neha sharma "
bhoothnath returns,2014,"comedy drama fantasy a ghost returns back from his world to prove something. but on earth, he has something more to do for his country. nitesh tiwari amitabh bachchan boman irani parth bhalerao sanjay mishra "
arjun patiala,2019,"action comedy this spoof comedy narrates the story of a cop arjun patiala (diljit dosanjh) and his sidekick onidda singh (varun sharma). together, will they be able to accomplish their mission of a crime-free town with their goofy style of policing? rohit jugraj diljit dosanjh kriti sanon varun sharma abhimanue kamboj "
udd jaa nanhe dil,Unknown,"family the principal of a high profile school comes across a bright kid raghu who is the son of a dhobi, and he gives him an opportunity to learn in his school along with the kids coming from rich...                see full summary » swaroop raj medara gaurav kamble suniel shetty surendra pal rajgopal iyer "
balakot: the true story,2020,action film on balakot air strikes 2019. omung kumar vivek oberoi 
roop ki rani choron ka raja,1993,"action drama musical custom officer verma red-handily catches jagmohan lal, alias jugran, smuggling priceless diamonds through india's airport. jugran kills verma before verma can arrest jugran; jugran goes on ...                see full summary » satish kaushik anil kapoor sridevi anupam kher paresh rawal "
teesri manzil,1966,"comedy musical mystery a woman blames a nightclub drummer for the suspicious death of her sister, and seeks revenge. however, the pair work together to solve the mystery and become romantically involved, after he introduces himself under another name. vijay anand shammi kapoor asha parekh raj mehra prem chopra "
satyakam,1969,drama the tale begins in the final days of the british raj in india. a cohort of engineering students graduate a few months before independence. satyapriya and naren are among the graduate ...                see full summary » hrishikesh mukherjee ashok kumar dharmendra sharmila tagore rabi ghosh 
agni pankh,2004,"action drama romance based on the true story of air force personnel in srinagar, kashmir. sanjeev puri jimmy shergill sameer dharmadhikari rahul dev shamita shetty "
rajma chawal,2018,comedy drama family an internet-rookie father attempts to use social media to enhance his faltering relationship with his millennial son. leena yadav amyra dastur mukesh chhabra rishi kapoor sheeba chaddha 
bhai,1997,action drama a simpleton turns into a gangster after his younger brother is killed and sets out for revenge on the perpetrators who destroyed his life. deepak s. shivdasani suniel shetty pooja batra sonali bendre shakti kapoor 
guddu,1995,"drama romance when guddu and salina end up in a car accident, salina loses her sight. guddu soon finds out that he has a brain tumour, and decides to donate his eyes to salina. prem lalwani deepti naval mukesh khanna manisha koirala shah rukh khan "
himmatwala,1983,"action comedy drama a poor and wronged woman's son returns from the big city to avenge his father, a honest school teacher. k. raghavendra rao sridevi jeetendra amjad khan waheeda rehman "
big brother,2007,action crime drama a docile man gets enraged when a politician's son throws acid on her face and later kills the miscreant. he is then hunted by the police and politicians who wants him dead. guddu dhanoa sunny deol priyanka chopra jonas vikas anand ashok kumar beniwal 
amrapali,1966,musical fantasy a victory over neighboring state vaishai has always eluded magadh samrat ajaatshatru despite being winning and taking control over all neighboring states. he attacks vaishali only get ...                see full summary » lekh tandon vyjayanthimala sunil dutt premnath malhotra bipin gupta 
hukumat,1987,"action drama a tough cop is posted to a small town where an evil businessman reigns like a tyrant. when the cop recognizes the businessman as his father's murderer, it becomes personal. anil sharma dharmendra rati agnihotri shammi kapoor sadashiv amrapurkar "
chhoti chhoti baatein,1965,"drama motilal has worked hard all his life to make ends meet. he inherits money from a cousin, settles his family with a good amount and leaves on a journey, looking for inner peace. he arrives ...                see full summary » motilal motilal leela mishra moti sagar nadira "
minus 31: the nagpur files,2023,"crime mystery a murder has happened at the time of covid, and the female cop is on duty to find the murderer. pratik moitro raghubir yadav rucha inamdar rajesh sharma kaam bhaari "
no entry,2005,"comedy drama musical kishan and sunny's life are troubled after their womanizing friend prem sets them up with a hooker named bobby, leading to web of lies and confusions. anees bazmee salman khan anil kapoor fardeen khan bipasha basu "
jism,2003,drama romance thriller when an unemployed man falls for a wealthy woman and he is willing to do whatever he must to get her away from her abusive husband. amit saxena bipasha basu john abraham gulshan grover vinay pathak 
billoo baadshah,1989,action crime drama an orphan makes sacrifices for the family who took him in but subsequently faces humiliation and homelessness. sisir misra shatrughan sinha anita raj govinda neelam kothari 
auzaar,1997,action drama musical two college friends find themselves on the opposite side of the law when they reunite. sohail khan salman khan sanjay kapoor shilpa shetty kundra nirmal pandey 
nenu local,2017,"action comedy romance a happy-go-lucky man accidentally falls in love with a woman whose father despises him. to further complicate matters, his lover has another suitor, who is deemed more worthy of her. trinadha rao nakkina nani keerthy suresh naveen chandra sachin khedekar "
amar akbar anthony,2018,action comedy crime a man suffering from dissociative identity disorder has to take revenge against four businessmen for the murder of his family while his past confronts him in the form of his childhood love. sreenu vaitla ravi teja ileana d'cruz vikramjeet virk abhimanyu singh 
hum kaun hai?,2004,horror drama mystery sandra williams lives in an isolated house with her kids sarah and david.while her husband frank being a army man is away from the house in the war zone. sandra writes a letter to ...                see full summary » ravi sharma shankar amitabh bachchan dimple kapadia dharmendra moushumi chatterjee 
anolb,Unknown,sci-fi add a plot shubham mahadev ravish rajora 
biwi ho to aisi,1988,"comedy drama family drama that revolves around the lead pair, a married couple played by rekha and farooq shaikh. it's about how the character shalu overcomes all of the obstacles in her married life to...                see full summary » j.k. bihari rekha farooq shaikh bindu desai govardhan asrani "
tere bin laden: dead or alive,2016,"comedy a bollywood director is hired by an american talent agent to make a film on osama bin laden. the plan to use an osama doppelganger in order to prove his death boomerangs when a taliban arms dealer hijacks their idea to prove he's alive. abhishek sharma, deepak chandra maniesh paul pradhuman singh sikandar kher parthaa akerkar "
sampoorna ramayana,1961,"drama adventure action this is the story of lord ram and his years spent in exile with his wife and brother, and also chronicles the end of the demon king ravan and his family. babubhai mistry mahipal anita guha sulochana latkar lalita pawar "
deewana mastana,1997,comedy romance chaos ensues when a small time crook and a mental patient tries to win heart of a beautiful woman with comical outcomes. david dhawan anil kapoor govinda juhi chawla johny lever 
shadyantra,2022,"thriller it's a story about greed, ambition, self-preservation, and revenge, and it stars chandan roy sanyal and kunaal roy kapur in key roles. ganesh yadav hina khan chandan roy sanyal kunaal roy kapur shruti bapna "
roti,1974,"drama romance thriller mangal singh (rajesh khanna) has been a career criminal, whose criminal career began to steal food and to keep from starving, and thence got him in deeper and deeper in the criminal world. ...                see full summary » manmohan desai rajesh khanna mumtaz askari nirupa roy sujit kumar "
yaadon ki baaraat,1973,"action drama musical three brothers are separated after their parents' murder. years later, their only hope of avenging their parents and reuniting as a family lies in the song they learned as children. nasir hussain dharmendra zeenat aman vijay arora imtiaz khan "
eiga doraemon: nobita no getsumen tansaki,2019,"animation action adventure nobita saw a moon turned yellow last night and told his class about it but they think it's funny. doraemon gives him the ""history explorers club badge"" and discovers there's life on the moon. until a new student changed him forever. jeong-beom lee, shinnosuke yakuwa wasabi mizuta megumi ohara yumi kakazu subaru kimura "
dhh,2017,"drama family dhh is a heartwarming story of 3 friends (gungun, bajrang and vakil) who think they are failure until the magician comes in. all three believe that only this magician can help them out. manish saini naseeruddin shah kahaan karan patel kuldeep sodha "
kaala sona,1975,"action thriller multi-millionaire businessman, rakesh gets word from his servant, ramdas that his father has been killed several years ago by a bandit named poppy singh and that poppy singh is still alive ...                see full summary » ravikant nagaich feroz khan parveen babi prem chopra farida jalal "
dhaai akshar prem ke,2000,"drama romance karan khanna is an orphan and a captain in the rajputana armed forces. he's madly in love with beautiful model nisha, with whom he plans to tie the knot during his next leave. on the way to...                see full summary » raj kanwar abhishek bachchan aishwarya rai bachchan amrish puri anupam kher "
sandai kozhi,2005,"action balu, on a visit to his friend's hometown, falls for the latter's sister, hema. when he learns that this area is ruled by a local goon, kaasi, balu teaches him a lesson. now, kaasi is seeking revenge. n. linguswamy vishal meera jasmine raj kiran lal "
maama mascheendra,2023,action drama add a plot harsha vardhan eesha rebba ajay sudheer babu posani mirnalini ravi 
99 songs,2019,"musical romance challenged to compose 100 songs before he can marry the girl he loves, a tortured but passionate singer-songwriter embarks on a poignant musical journey. vishwesh krishnamoorthy ehan bhat edilsy vargas tenzing dalha lisa ray "
a sublime love story: barsaat,2005,"drama romance arav is an ambitious young indian whose dream is to design cars. he travels to the united states seeking greener pastures, where he meets the beautiful anna. anna instantly goes head over ...                see full summary » suneel darshan bobby deol priyanka chopra jonas bipasha basu mahesh thakur "
72 hours: martyr who never died,2019,"action biography drama the story is based on the life of rifleman jaswant singh rawat. 55 years ago during 1962 indo-china war , when the destiny of war was pre decided, there stood a brave soldier from 4th ...                see full summary » avinash dhyani avinash dhyani prashil rawat mukesh tiwari yeshi dema "
diya aur toofan,1995,action drama thriller dr. vijay performs a ground breaking surgical operation when he transplants the brain of a slain police officer on the brain-dead body of his to-be bride in order to avenge the death of the police officer. k. bapaiah mithun chakraborty madhoo maya alagh vijay arora 
silsila sidnaaz ka,2021,"romance will have unseen footage from the bigg boss house that will be all about friendship, love and romance. it will narrate the good and bad times of shehnaz and sidharth as a couple. k. bapaiah mithun chakraborty madhoo maya alagh vijay arora "
sheela meri jaan,1990,thriller add a plot k. bapaiah mithun chakraborty madhoo maya alagh vijay arora 
issaq,2013,"drama romance a contemporary adaptation of romeo and juliet set in the backdrop of varanasi in the up heartland, complete with naxalism, sand mining mafia and of course the timeless love story. manish tiwary prateik patil babbar amyra dastur ravi kishan prashant narayanan "
8 x 10 tasveer,2009,action crime drama a forest ranger with the ability to visit the past by looking at photographs attempts to solve the mystery behind his father's sudden death. nagesh kukunoor akshay kumar ayesha takia jaaved jaaferi girish karnad 
andhera,1975,"crime drama thriller deepak drives a car and tries to chase asha seeing his driving her brother ranjeet offers him to work with him as a driver.asha and deepak fall in love ranjeet and his partners tell him to ...                see full summary » shyam ramsay, tulsi ramsay sameer khan vani ganpati imtiaz khan dulari "
style,2001,"comedy musical mystery in an attempt to woo the rich women, two prankster-loving men becomes prime suspects of a murder of a woman. n. chandra sharman joshi sahil khan riya sen shilpi sharma "
jawani ki kahani,1986,drama add a plot k.r. rangan abhilasha vijay arora ramesh deo seema deo 
monster,XXX,thriller add a plot keshhav panneriy amarjeet singh hannah panneriy 
the warrior,2001,"adventure drama in feudal india, a warrior (khan) who renounces his role as the longitme enforcer to a local lord becomes the prey in a murderous hunt through the himalayan mountains. asif kapadia irrfan khan puru chibber aino annuddin manoj mishra "
naqaab,2007,"crime drama romance sophia is engaged to millionaire karan, who is completely in love with her. she, however, finds true love in vicky and gets into a relationship that causes problems between her and karan. abbas alibhai burmawalla, mastan alibhai burmawalla bobby deol akshaye khanna urvashi sharma vikas kalantri "
sarkar 3,2017,"action crime drama the third film in ram gopal varma's sarkar trilogy, which chronicles the exploits of a powerful political figure. ram gopal varma amitabh bachchan yami gautam manoj bajpayee abhishek bachchan "
mere yaar ki shaadi hai,2002,comedy drama romance sanjay wakes up to the truth that he loves his best friend sanjana reluctantly but surely and sets off on a noble mission - to break her wedding. sanjay gadhvi uday chopra jimmy shergill bipasha basu tanaaz currim irani 
pyaar hai toh hai,2023," add a plot pradeep r.k. chaudhary, pradeep r.k. chaudhary karan hariharan paanie kashyap rohit choudhury shiv prateek "
nawabzaade,2018,"comedy romance three best friends fall in love with a simple, stay-at-home girl from their neighbourhood. as they all go out of their way to win her love, they are pitted against each other in their efforts. jayesh pradhan dharmesh yelande punit pathak raghav juyal isha rikhi "
lipstick under my burkha,2016,"comedy drama in order to be independent and break free from the conservative society, four women sets on a journey to discover freedom and happiness. alankrita shrivastava aahana kumra ratna pathak shah konkona sen sharma plabita borthakur "
ghanchakkar,2013,comedy crime thriller a safe cracker claims he has lost his memory when two criminals come calling for their cut of the bank heist loot. raj kumar gupta emraan hashmi vidya balan namit das rajesh sharma 
vaada,2005,crime drama mystery a blind husband. an obsessed lover. and the missing body of a murdered wife...? satish kaushik arjun rampal zayed khan ameesha patel alok nath 
khiladi 1080,2025,"action four identical brothers raghupati, raghav, raja, and ram, all embark on an action adventure as they unwittingly get entangled in a dangerous criminal conspiracy that puts their lives and their loved ones at stake.with no regard. kabir sadanand rakul preet singh sonakshi sinha huma qureshi shehnaaz gill "
meri jung,1985,action drama two top lawyers battle against each other while the whole city witnesses the battle. subhash ghai anil kapoor girish karnad nutan amrish puri 
love,1991,"drama musical romance prithvi and maggie fall in love and decide to get married, but maggie's mother objects looking at prithvi's past. suresh krishna salman khan arun bakshi rita bhaduri sunil dhawan "
family: ties of blood,2006,action crime drama a slacker abducts the family of a crime kingpin to avenge the death of his brother. rajkumar santoshi amitabh bachchan akshay kumar bhoomika chawla aryeman ramsay 
london dreams,2009,"drama music the story revolves around two childhood friends arjun and munnu who find a way to get from a small village in india to wembley as rock stars, having overcome their personalities. vipul amrutlal shah salman khan ajay devgn om puri aditya roy kapoor "
c u at 9,2005,drama horror mystery a film producer named romeo falls in love with a mysterious woman named juliet. marion rodrigues isaiah malavika nair kanksha marion rodrigues 
balwaan,1992,action adventure arjun singh lives with his mother and sister; he takes it upon himself to fight injustice. this gets notice by the police commissioner who decides to enlist arjun into the police force and ...                see full summary » deepak anand suniel shetty divya bharti danny denzongpa avtar gill 
aashiqui 3,Unknown,drama music romance plot unknown. anurag basu kartik aaryan 
veergati,1995,"action drama a gangster and his flunkies abduct and kill a man's daughter. soon, the man's adopted son sets out to avenge her death. k.k. singh salman khan atul agnihotri sudesh berry pooja dadwal "
perversion,2020,drama perversion is story of family where every member has different perversions. sandeep patra adiya natasha sneha tanisha 
eklavya,2007,"action drama mystery as the kingdom of devigarh comes apart at the seams, an aging bodyguard attempts to protect the royal family, as well as keep its darkest secrets from ever coming to light. vidhu vinod chopra amitabh bachchan saif ali khan sanjay dutt vidya balan "
kunwara baap,1974,comedy drama a poor rickshaw-puller adopts an abandoned child and brings him up as his son but tragedy strikes when the boy becomes crippled as a result of polio infection. mehmood mehmood bharathi aachi manorama bhushan tiwari 
junglee tarzan,2001,action a group of hunters come into a dense forest to recover a hidden treasure. dacoit aiappan captures this forest and is also searching for those valuable treasures. a jungle lady bela confronts and restrains them from doing further wrong. kishan shah vijay saxena nisha kamat joginder shelly jr. shah rukh khan 
naram garam,1981,comedy drama an impoverished employee tries to prevent his superiors and employers from marrying his sweetheart. hrishikesh mukherjee amol palekar swaroop sampat utpal dutt a.k. hangal 
high jack,2018,comedy four angry employees hijack a goa to delhi plane to settle their dues and take revenge against their employer. things take a turn when the passengers accidentally consume drinks laced with drugs. akarsh khurana sumeet vyas mantra mugdh sonnalli seygall boloram das 
baaghi: a rebel for love,1990,"action drama romance a saga of love as a man turns rebellious and goes against his family and society to protect his love, a prostitute from evil. deepak s. shivdasani salman khan nagma shakti kapoor kiran kumar "
tevar,2015,"action drama romance caught in the middle of a lethal unrequited love, an athlete protects a young woman from an unwanted marriage. amit ravindernath sharma arjun kapoor sonakshi sinha manoj bajpayee deepti naval "
tuesdays and fridays,2021,"comedy musical romance to avoid the burden of commitment, a young lawyer and a writer agree to be romantic partners only two days a week. that won't get complicated - right? taranveer singh anmol dhillon jhataleka malhotra niki walia zoa morani "
maa tujhhe salaam,2002,action drama major pratab singh works in the indian army and he and his battalion has been assigned duty near the indo-pakistan border. there duty mainly consists of eliminating any terrorists trying to...                see full summary » tinnu verma sunny deol tabu arbaaz khan tinnu verma 
bombairiya,2019,"comedy crime drama a pr agent trying to find her stolen phone, a politician in trouble and a fading celebrity find their lives intertwined in unexpected, messy ways. pia sukanya radhika apte akshay oberoi siddhant kapoor ravi kishan "
chitrakut,2022,"drama set against a lush western indian landscape during the monsoon season, chitrakut delicately sets the tone, interweaving the lives of saloni, shaan, debu, alisha and kim - all converging at ...                see full summary » himanshu malik auritra ghosh vibhore mayank naina trivedi shruti bapna "
ajanabee,1974,"drama romance pregnant reshmi decides not to have the baby after she wins a beauty pageant. but her husband rohit doesn't agree, so she walks out of the marriage. now, rohit must try to win her back. shakti samanta rajesh khanna zeenat aman prem chopra govardhan asrani "
page 3,2005,"drama a look at mumbai's socialite party circle world through the eyes of a page 3 journalist. madhur bhandarkar, jay dev banerjee konkona sen sharma atul kulkarni sandhya mridul tara sharma "
geraftaar,1985,"action drama kishan kumar khanna is a well-rate film actor who falls head over heels in love with young, beautiful and attractive anuradha saxena much to the dislikeness of her gangster brother who ...                see full summary » prayag raj kamal haasan poonam dhillon amitabh bachchan madhavi "
masti,2004,"comedy crime mystery bored of their wives, best friends, meet, prem and amar, reunite after three years and decide to have an affair - but instead become the prime suspects in a murder investigation. indra kumar ajay devgn vivek oberoi aftab shivdasani riteish deshmukh "
love per square foot,2018,"comedy romance individually, sanjay and karina don't earn enough to be able to buy a home, so they enter into a marriage of convenience. anand tiwari vicky kaushal angira dhar alankrita sahai raghubir yadav "
aankhen,2002,"crime drama thriller after a temperamental man is unceremoniously stripped of his duties as a bank manager, he decides to seek revenge by robbing the bank. he trains three blind men to do this risky task for him. vipul amrutlal shah amitabh bachchan akshay kumar sushmita sen arjun rampal "
daud: fun on the run,1997,"action adventure comedy nandu, a small-time thief, is assigned to smuggle an unknown packet for a petty amount. with the police pursuing him, nandu has to elude them and deliver the packet on time. ram gopal varma sanjay dutt urmila matondkar paresh rawal neeraj vora "
the ladykiller,Unknown," when a small-town playboy falls in love for a dangerous girl, they embark on a journey of a dangerous romance. ajay bahl bhumi pednekar arjun kapoor backagaindancer mrityunjay pandey "
bypass road,2019,drama mystery thriller the story revolves around a young man vikram (neil nitin mukesh) who is a fashion prodigy. the story is layered with a murder in town. naman nitin mukesh neil nitin mukesh adah sharma gul panag taher shabbir 
durgamati: the myth,2020,"horror thriller a bureaucrat is imprisoned in a haunted house for interrogation. however, things take an unexpected turn when she gets possessed by a spirit. ashok g. bhumi pednekar mahie gill arshad warsi jisshu sengupta "
abhimaan,1973,"drama musical a popular singer convinces his new wife to enter show-business, but his pride is wounded when she outshines him. hrishikesh mukherjee amitabh bachchan jaya bachchan govardhan asrani bindu desai "
penthouse,2023,"crime mystery thriller a debauchery-filled gathering for five friends turns into a test of friendship and a web of suspicion when a dead body is found in their rented home. abbas alibhai burmawalla, mastan alibhai burmawalla manjari fadnnis mouni roy bobby deol arjun rampal "
dus,1997,action terrorist mast gul blows up kashmir's charar e shariff mosque; indian army general sends undercover captains raja sethi and jeet sharma to capture him and aide nasheman from afghanistan. mukul anand rahul dev sanjay dutt salman khan vinod khanna 
thokar,1974,"action drama family after being released from jail, shyamu returns home to his village and his home to his mom, and blind sister, radha. shyamu and his mom try to get radha married, but in vain, as no one ...                see full summary » dilip bose baldev khosa alka poonam vaidya mehmood jr. "
tum bin...: love will find a way,2001,"drama romance shekhar accidentally kills his associate amar, and decides to watch over amar's company and take care of his family and friends. however, he falls in love with amar's fiancé piya. anubhav sinha priyanshu chatterjee himanshu malik sandali sinha raqesh bapat "
gandhi godse ek yudh,2023,drama history the fictional world where mahatma gandhi survives the attack on him and later meets nathuram godse in prison. their conversation leads to a fiery debate between them. rajkumar santoshi deepak antani chinmay mandlekar tanisha santoshi anuj saini 
shivaay,2016,action adventure crime a skilled mountaineer races against time to rescue his mute daughter from the clutches of human traffickers in bulgaria. ajay devgn ajay devgn abigail eames erika kaar sayyeshaa saigal 
ajooba,1991,"action adventure comedy the evil vizier of baharistan kills the royal family and takes power himself but the real crown prince, who has survived his machinations, returns to his homeland to avenge his parents as a masked vigilante 'ajooba'. shashi kapoor, gennadiy vasilev amitabh bachchan dimple kapadia rishi kapoor sonam "
naajayaz,1995,"action drama inspector jai is an upright and fearless cop who is given the job to take down the criminal empire of raj solanki. jai and his accomplice inspector sandhya, who also happens to be his love, start taking down raj's empire with gusto. mahesh bhatt naseeruddin shah ajay devgn juhi chawla deepak tijori "
oru kaidhiyin diary,1985,"crime drama thriller though david is loyal to suryaprakash, a politician, he rapes and kills david's wife and sends him to jail. he comes back from jail, after serving life imprisonment to exact his revenge. bharathiraja kamal haasan revathi radha janakaraj "
junglemahal: the awakening,2023,horror loosely based on real incidents in the monsoon of mid 80s during the uprising of naxalites in eastern ghat range a group of travellers travels through the deep forests to reach the rescue ...                see full summary » arunava chowdhury masoomeh ab aditya baliyan farhad khairy suraiya parvin 
apno se bewafai,2023,"drama ""vishal (played by irfan khan) arrives in mumbai with dreams of becoming an actor but finds limited success, only landing small roles that barely sustain him. desperate and lacking money, ...                see full summary » prakash bhalekar sonam arora soni bhoir mahima chaudhry irrfan khan "
desh premee,1982,"action comedy drama master dinanath is an ex-freedom fighter. when he gets thakur pratap singh arrested for arms smuggling, he has master's wife bharati and young daughter priti kidnapped and also turns his ...                see full summary » manmohan desai amitabh bachchan hema malini navin nischol parveen babi "
gang,2000,"action crime drama after falling prey to underworld, four friends jeopardize their personal lives with point of no return. mazhar khan jackie shroff nana patekar kumar gaurav jaaved jaaferi "
tapa tap,2021,romance add a plot mazhar khan jackie shroff nana patekar kumar gaurav jaaved jaaferi 
chalti ka naam gaadi,1958,comedy musical romance three woman-hating brothers face changes in their respective lifestyles when two of them fall in love. satyen bose ashok kumar madhubala anoop kumar kishore kumar 
tezz,2012,"action crime drama to avenge his past, aakash rana plants a bomb in a train endangering the lives of 500 passengers. priyadarshan anil kapoor ajay devgn mohanlal kangana ranaut "
pyasa darinda,1990,horror add a plot priyadarshan anil kapoor ajay devgn mohanlal kangana ranaut 
budhia singh: born to run,2016,"biography drama sport a biopic about budhia singh, the world's youngest marathon runner whose story garnered controversy and inspiration around the world. soumendra padhi manoj bajpayee mayur mahendra patole gajraj rao tillotama shome "
kaash,1987,drama a bollywood actor-turned-producer faces marital and financial challenges. mahesh bhatt jackie shroff dimple kapadia master makrand anupam kher 
i - proud to be an indian,2004,action crime drama i is an indian. he travels to london for a family wedding and finds his family live in fear of the terrorism by national front skinheads and finds he has to become involved which escalates the situation. puneet sira sohail khan tim lawrence mona ambegaonkar scott hinds 
criminal,1994,"action romance thriller after witnessing the sudden death of a woman, who was unable to afford hospital treatment, dr. ajay kumar cancels his immigration to america and instead sets out to build a hospital that ...                see full summary » mahesh bhatt nagarjuna akkineni manisha koirala ramya krishnan laxmikant berde "
force,2011,action crime drama a vengeful gangster targets and terrorizes an entire police unit and their families. nishikant kamat john abraham genelia deshmukh vidyut jammwal raj babbar 
judaai,1997,"comedy drama romance in order to attain wealth and a luxurious life, a greedy wife sells her husband to a rich woman. however she realizes that with a luxurious life, she has to pay a heavy price for this decision. raj kanwar anil kapoor sridevi urmila matondkar paresh rawal "
tom dick and harry returns,2021,"comedy three struggling friends hit upon new means to live a happy life, by imposing as cops. v wearing the uniform makes them an overnight neighborhood sensation. v life changes when these fake ...                see full summary » deepak tijori jimmy shergill pooja chopra sanjay dutt nazia hussain "
padikkathavan,1985,"drama two brothers are ousted from their house by their stepbrother's wife. years later, when one of the brothers is framed for a murder, his stepbrother, who is a judge, returns as a lawyer to save him. rajasekar rajinikanth ambika vijay babu shivaji ganesan "
souten,1983,"drama musical romance shyam, a middle-class man, falls in love with a millionaire's daughter and marries her. however, as their relationship starts deteriorating, shyam finds solace in the company of radha. saawan kumar tak rajesh khanna tina ambani padmini kolhapure prem chopra "
caravan,1971,"action comedy musical sunita is a young woman who ends up married to the wrong man, rajan. thinking that he has conspired with his girlfriend, monica to murder her, she runs away to find an old friend of her ...                see full summary » nasir hussain asha parekh jeetendra aruna irani mehmood jr. "
ek ajnabee,2005,"action crime drama suryaveer, an ex-army officer, is assigned the task of protecting a young girl, anamika. when anamika gets kidnapped, he decides to use all his skills to rescue her. apoorva lakhia amitabh bachchan arjun rampal perizaad zorabian rucha vaidya "
apurva,Unknown,"drama thriller apurva, a brilliant and enigmatic detective, is drawn into a complex web of deceit, secrets, and a dangerous conspiracy. nikhil nagesh bhat tara sutaria abhishek banerjee rajpal naurang yadav dhairya karwa "
poorna,2017,"action adventure biography an adivasi 13-year-old from telangana becomes the youngest girl in history to climb mount everest. rahul bose, prashant pandey aditi inamdar rahul bose heeba shah arif zakaria "
am i next,2023,"crime a sudden shock grabs the family of 14-year old honey, when they get to know that their teenage daughter is pregnant. she was raped and now there is a long court battle to seek her right to terminate the pregnancy. rahhat shah kazmi anushka sen neelu dogra tariq khan ahmer haider "
bhuddah hoga tera baap,2011,"action comedy crime a quick-tempered, flamboyantly-dressed, retired hit-man returns to india for one last job. just don't call him ""buddah"" puri jagannadh amitabh bachchan hema malini sonu sood sonal chauhan "
red swastik,2007,"crime drama thriller the police hunt a femme fatale who, after intercourse, brutally murders her lovers and leaves behind a swastika calling card. vinod pande sherlyn chopra harsh chhaya deepshikha nagpal deepraj rana "
firangi,2017,"comedy drama when there are disputes in life, love overcomes all challenges and truth prevails. set in the colonial era, firangi is the story of a mutiny staged by the villagers against the britishers. rajiv dhingra, rizwan mohammad kapil sharma ishita dutta monica gill edward sonnenblick "
the deceivers,1988,"adventure crime drama fact-based account of a secret society of murderers, and of the man who exposed them in british india 1825. nicholas meyer pierce brosnan saeed jaffrey shashi kapoor helena michell "
kaashi in search of ganga,2018,"thriller the movie is about two siblings, kashi (sharman joshi) and his sister ganga. the film is set in the indian city of benaras, also known as kashi.[9] kashi is a man who belongs to a community who are involved in performing cremation rituals. dhiraj kumar prince adhikari aishwarya devan sukriti gupta kranti prakash jha "
risk,2007,"action crime drama modern day bombay is ruled by bangkok-based underworld don, khalid bin jamal, who has the home minister, a.r. sarang, as well as the police commissioner on his payroll. khalid would like to...                see full summary » vishram sawant vinod khanna randeep hooda tanushree dutta madhuri bhagwat "
bees saal baad,1962,"thriller musical mystery when a young man's family gets haunted by a spirit, he gets warned not to return to his hometown. so he then decides to investigate the issue. biren nag biswajeet chatterjee waheeda rehman manmohan krishna madan puri "
raat,1992,"horror mini shifts to her new house along with her parents mr. and mrs. shrma, as well as, nephew bunty. bunty finds a cat in the backyard of the house and gets attracted to it but the cat soon ...                see full summary » ram gopal varma revathi rohini hattangadi om puri akash khurana "
r... rajkumar,2013,action comedy crime an aimless youth starts working for a drug baron and his mission is to kill the rival. prabhu deva shahid kapoor sonakshi sinha sonu sood ashish vidyarthi 
sulaikha manzil,2023,"comedy drama family when the marriage between haala and ameen gets decided in a short span of time with very little time for preparations, it leads dramatic ride between the families. ashraf hamza noushad ali lukman avaran shebin benson jolly chirayath "
angoor,1982,"comedy based on shakespeare's 'a comedy of errors', this is a story of identical twins (2 pairs) and mistaken identities. gulzar sanjeev kumar moushumi chatterjee deven verma aruna irani "
sherni,2021,action adventure drama an upright forest officer who strives for balance in a world of man-animal conflict while she also seeks her true calling in a hostile environment. amit masurkar vidya balan vijay raaz neeraj kabi mukesh khanna 
1920 london,2016,"horror mystery after her husband is possessed by an evil spirit, a woman turns to her former lover to perform an exorcism. tinu suresh desai sharman joshi meera chopra vishal karwal surendra pal "
himmatwala,2013,"action comedy drama when a temple priest commits suicide after being dishonored by an evil landlord, his son returns to his native village on a mission of vengeance. sajid khan ajay devgn tamannaah bhatia mahesh manjrekar paresh rawal "
chori chori chupke chupke,2001,"comedy drama musical a prostitute agrees to get impregnated and then give the baby to a couple (raj and priya) in exchange for a million rupees. everything changes when she develops feelings for the baby and raj. abbas alibhai burmawalla, mastan alibhai burmawalla salman khan rani mukerji preity g zinta amrish puri "
international khiladi,1999,action crime drama a crime boss is accused by a reporter of murdering her brother and raping her. he investigates the frame-up. umesh mehra akshay kumar twinkle khanna rajat bedi vivek shauq 
play girls,1995,thriller add a plot umesh mehra akshay kumar twinkle khanna rajat bedi vivek shauq 
100%,Unknown,comedy add a plot sajid khan shehnaaz gill nora fatehi riteish deshmukh sahil chaudhary 
sehar,2005,"action crime drama ajay kumar the newly appointed, honest ssp of lucknow police cracks down on the nefarious cop-mafia nexus in uttar pradesh, but finds a cunning and ruthless adversary in gajraj. kabeer kaushik arshad warsi pankaj kapur mahima chaudhry sushant singh "
bade achhe lagte hai,2017,crime 19-year-old moksha lives in his own world and does not listen to anyone. this habit takes him to such a turn that he did not even imagine. sunil subramani rohan shah azhar sheikh suman singh boishali sinha 
kala bazar,1960,"crime drama musical a man sells movie tickets on the black market, but starts to have a change of heart after he falls in love. vijay anand dev anand waheeda rehman nanda karnataki vijay anand "
touch chesi chudu,2018,action comedy crime a peaceful man completely devoted to his family finds his violent past resurfacing. vikram sirikonda ravi teja raashi khanna seerat kapoor murli sharma 
aap ki kasam,1974,romance drama rajesh khanna plays mumtaz's jealous husband who begins to doubt her fidelity when his best friend sanjeev kumar enters their lives. she is unable to convince rajesh khanna that she loves ...                see full summary » j. om prakash rajesh khanna mumtaz askari sanjeev kumar rehman khan 
bewakoofiyaan,2014,comedy drama romance bewakoofiyaan is a slice-of life comedy when recession strikes and the lack of money tests love. is living on love and fresh air really possible? nupur asthana ayushmann khurrana sonam kapoor rishi kapoor swedha singh 
khamoshi,1970,drama romance tale of a female nurse trying to maintain a balance between her professional life and her emotions who falls victim to the natural feeling of love and compassion when a person takes care of another person. asit sen rajesh khanna waheeda rehman nasir hussain snehlata 
sanam bewafa,1991,"drama romance salman falls in love with ruksar but their fathers, despite being neighbours, are sworn enemies. the couple end up marrying but they are shocked when they finally discover the reason why their fathers allow the marriage to take place. saawan kumar tak salman khan chandni kanchan pran sikand "
rocket gang,2022,"comedy drama fantasy a roller-coaster ride of friendship, camaraderie, love and dance as the team of 5 children step into the biggest dance competition to accomplish their dream. bosco martis aditya seal nikita dutta jason tham mokshada jaikhani "
andaman,2021,drama andaman is an inspirational social drama about a quarantine centre in an unprivileged village. smita singh vishal agiran arav aryavanshi arav aryavanshi dinesh awasthi 
samadhi,1972,"action drama romance lakhan singh gives his life of a dacoit and lives a happy life with his wife champa when his son jaswant becomes three years old, champa becomes ill with cancer and circumstances force him to be again a dacoit. prakash mehra asha parekh dharmendra jaya bachchan tun tun "
kareeb,1998,"drama romance birju is a young man who lives with his mom, dad, elder brother, bhabhi and nephew in an upper middle class home. his father would like him to work as well as accept some responsibility, ...                see full summary » vidhu vinod chopra bobby deol shabana raza abhay chopra moushumi chatterjee "
kuldip patwal: i didn't do it!,2017,"crime drama mystery a commoner is thrown into a jail cell on suspicion of murder of a local politician. can he survive the state entrapment, or did he actually do it? remy kohli deepak dobriyal gulshan devaiah raima sen parvin dabas "
dil ne jise apna kaha,2004,"drama romance a wealthy man working in an advertising agency and a dedicated doctor fall in love and marry. when his wife dies, the devastated man must fulfil her last wishes. atul agnihotri salman khan preity g zinta bhoomika chawla rati agnihotri "
pokhar ke dunu paar,2022,"drama amidst the 2020 coronavirus pandemic, sumit and priyanka, an eloped couple, return to the security of their hometown. while priyanka feels uneasy in the suffocating familiarity of her town, sumit immerses himself in his tribe of friends. parth saurabh abhinav jha tanaya khan jha dheeraj kumar sheelnidhi "
wonder women,2022,"drama narrates the story of six pregnant women, who arrive at a prenatal class with beliefs, confusion, and questions regarding pregnancy and childbirth. anjali menon nadia moidu nithya menen parvathy thiruvothu padmapriya "
"gallit gondhal, dillit mujra",2009,"comedy kolsewadi has never seen any progress in the village, thanks to the bickering and fights between mla chandrakant tope and sarpanch bajirao dole. narayan wagh, a villager, makes the most of ...                see full summary » nagesh bhonsle makarand anaspure suzanne bernert nagesh bhonsle ramchandra dhumal "
gol maal,1979,comedy romance a man's simple lie to secure his job escalates into more complex lies when his orthodox boss gets suspicious. hrishikesh mukherjee amol palekar bindiya goswami deven verma shobha khote 
kabhie kabhie,1976,drama romance kabhi kabhie is a movie about the love story of generations and how a chain of events brings together old lovers as friends. yash chopra amitabh bachchan shashi kapoor rakhee gulzar waheeda rehman 
mystery of the tattoo,2023,"thriller an art student/therapist befriends her new neighbor. soon after which she starts experiencing deadly psychological and hallucinating events, only to realize later that they were all a set-up by her neighbor to apprehend an old killer. kalaiarasi sathappan rohit raaj arjun rampal daisy shah manoj joshi "
dhoomam,2023,"action adventure drama avinash wants to quit his marketing job at a top cigarette company, but it comes with consequences. pawan kumar fahadh faasil roshan mathew aparna balamurali achyuth kumar "
karma,1986,action adventure drama the bso is a british oriented group who wants to take control of india. when senior police inspector vishwa pratap singh arrests there leader dr. michael dang the authorities blast the jail...                see full summary » subhash ghai dilip kumar nutan naseeruddin shah jackie shroff 
satyam shivam sundaram: love sublime,1978,"drama musical romance rupa (zeenat aman) grew up being cursed as ""unlucky"" in her birth village. her mother died during childbirth, then a kitchen accident leaves half her face disfigured. this is an artistic ...                see full summary » raj kapoor shashi kapoor zeenat aman kanhaiyalal chaturvedi a.k. hangal "
chandni,1989,drama musical romance fate leaves chandni shattered as her love rohit disappears from her life. she meets lalit and they befriend each other until rohit knocks on her door. yash chopra sridevi rishi kapoor vinod khanna waheeda rehman 
colour photo,2020,drama a tragic-comedy that is set in the 90s between two different personalities coming from different backgrounds that change their lives in a tale of love. sandeep raj suhas chandini chowdary sunil harsha chemudu 
bhouri,2016,"drama a tragic love story of bhouri, a 23-year old who is married to a 55-year old, the film highlights the exploitation of women in male dominated society. jasbir bhaati, jasbir r bhati raghubir yadav masha pour kunika sadanand vicky ahuja "
yamla pagla deewana phir se...,2018,action comedy drama an upright ayurveda practitioner is hounded by big pharmacy giants for his age-old formula that cures everything. navaniat singh dharmendra sunny deol bobby deol kriti kharbanda 
katti batti,2015,comedy drama romance a romantic comedy that follows maddy and payal's live-in relationship until a sudden turn of events creates a distance between them. nikkhil advani imran khan kangana ranaut abhishek saha suhaas ahuja 
chidiakhana,2023,"drama sport it is a coming-of-age story of a bihari boy who is embraced by residents of a marathi chawl due to his grit, imagination and especially his footballing skills. manish tiwary ritvik sahore avneet kaur rajeshwari sachdev prashant narayanan "
hari singh nalwa - champion of the khalsa ji,2022,biography add a plot manish tiwary ritvik sahore avneet kaur rajeshwari sachdev prashant narayanan 
i see you,2006,"comedy drama fantasy dr. shivani dutt lives a wealthy lifestyle in london, england with her widowed mom and a dog named kaali. she works at the thomwell hospital. one day she notices that some of her fellow ...                see full summary » vivek b agrawal arjun rampal vipasha agarwal chunky pandey boman irani "
mirch masala,1986,"drama thriller in colonial india, subedars (tax collectors) went from village to village with soldiers, often demanding more than taxes. a subedar commands sonbai, a beautiful and confident woman whose ...                see full summary » ketan mehta smita patil naseeruddin shah om puri ratna pathak shah "
khilona,1996,"drama romance after being double crossed by his boss dabla, rajkumar takes revenge on him and becomes the ruling don of the city. his arch enemy, ronny, carries out several attacks towards him but fails ...                see full summary » deepak pawar aditya pancholi shakti kapoor mohan joshi monica bedi "
gharwali baharwali,1998,"comedy on discovery of his spouse's infertility, a man starts a search for a new wife. david dhawan anil kapoor raveena tandon rambha satish kaushik "
saat uchakkey,2016,"comedy saat uchakkey is a comedy caper about 7 petty crooks blundering their way through an exciting gamut of mystery, greed, treachery and running into one riotous crisis after another. set ...                see full summary » sanjeev sharma manoj bajpayee vijay raaz aditi sharma annu kapoor "
anamika,1973,"mystery romance musical a writer rescues a young woman lying injured on the road. she awakens with amnesia, but insists that she is the writer's wife. is she the victim or the perpetrator of a devious plot? raghunath jhalani sanjeev kumar jaya bachchan iftekhar govardhan asrani "
weapon,Unknown,action sci-fi thriller add a plot guhan senniappan vasanth ravi shiyas kareem sathyaraj tanya hope 
collar bomb,2021,"action thriller a glorified cop's life is thrown into chaos as he is forced to commit a series of crimes before a suicide bomber blows up a school. as he races against time, he's confronted by an evil that is hell-bent on striking raw, primal terror. dnyanesh zoting jimmy shergill sparsh srivastav rajshri deshpande asha negi "
haqeeqat,1964,action musical war a platoon of indian soldiers encounters harsh realities while fighting in the sino-indian war of 1962. chetan anand balraj sahni dharmendra vijay anand indrani mukherjee 
rajnigandha,1974,drama romance a delhi-based woman in a steady relationship with her boyfriend is forced to come to terms with her true feelings when a job interview in mumbai brings an old flame back in her life. basu chatterjee vidya sinha amol palekar dinesh thakur rajeeta kochhar 
party,1984,drama a planned social gathering is held to commemorate divakar barve for the award he receive pertaining his contributions to indian arts and films. the social event is greeted by some important...                see full summary » govind nihalani deepa sahi ila arun raju barot mohan bhandari 
ek ladka ek ladki,1992,"comedy romance an arrogant heiress becomes amnesiac after her greedy uncle attempts to kill her. a hard-working farmer, who bears a grudge against her, impersonates her husband and brings her to his home as revenge. vijay sadanah salman khan neelam kothari anupam kher govardhan asrani "
parzania,2005,"drama history a parsi family struggles to find thier son in a genocide carried out by vested interests outfits during 2002, commonly known as gujarat riots which broke out after the godhra train burning incident. during riots more than 790 muslim and 289 hindus died and around 300 people missing in the indian state of gujarat. rahul dholakia naseeruddin shah corin nemec sarika thakur parzaan dastur "
vodka diaries,2018,"mystery thriller in the misty town of manali, acp ashwini dixit attempts to solve a series of mysterious murders happening in a single night, which might be connected to the night club, vodka diaries. kushal srivastava kay kay menon raima sen mandira bedi sharib hashmi "
phool khile hain gulshan gulshan,1978,"drama family aware that his grandson has acquired all the bad habits of a rich and spoiled brat, including womanizing and alcohol, lala ganpat rai, instructs his lawyers to make it conditional that he, ...                see full summary » sikandar khanna rishi kapoor moushumi chatterjee ashok kumar amjad khan "
meri biwi ka jawab nahin,2004,"action comedy romance ajay gets married to his childhood friend durga; who is illiterate unable to differentiate between the style of these days and that of long time ago. when ajay is given the post as police ...                see full summary » pankaj parashar, s.m. iqbal akshay kumar sridevi gulshan grover laxmikant berde "
undertrial,2007,"crime drama sagar hussain, a factory worker, is falsely accused of and imprisoned for raping his own daughters. later, when his lawyer digs deeper, the truth reveals itself to be much worse than imagined. aziz khan rajpal naurang yadav kader khan prem chopra pratima kazmi "
agni sakshi,1996,drama musical romance newly married suraj and shivangi are on honeymoon where they meet vishwanath - who claims that shivangi is his wife. partho ghosh jackie shroff nana patekar manisha koirala divya dutta 
suryaa: an awakening,1989,action drama shikarpur is ruled by gangadhar chaudhary whose known to grab lands of poor farmers and kill them if they don't agree one such victim of his crime is veer singh who gets killed leaving his ...                see full summary » esmayeel shroff raaj kumar vinod khanna raj babbar bhanupriya 
...aur pyaar ho gaya,1997,"comedy drama musical grandpa and grandma kapoor live a wealthy life-style with their only widower son, kailashnath and his daughter ashi who is of marriage-able age. kailashnath arranges his daughter's marriage...                see full summary » rahul rawail bobby deol aishwarya rai bachchan shammi kapoor anupam kher "
fever,2016,"crime mystery an assassin loses his memory in an accident. he wakes up knowing only his name, and a subconscious memory of a crime he has committed. rajeev jhaveri rajeev khandelwal gauahar khan gemma atkinson ankita makwana "
rakhta charitra,2010,action biography crime a killer bandit decides to become a politician in order to avenge deaths in his family. ram gopal varma vivek oberoi shatrughan sinha sudeep abhimanyu singh 
raag desh,2017,action drama history a period film based on the historic 1945 indian national army red fort trials. tigmanshu dhulia kunal kapoor amit sadh mohit marwah kenneth desai 
pudhiya geethai,2003,"action drama romance sarathy is a brilliant and carefree young man who is unaware that an astrologer has predicted his death at the age of 27. eventually, he comes to loggerheads with reddiar over a land deal gone bad. jagan joseph vijay meera jasmine ameesha patel kalabhavan mani "
akaash vani,2013,drama romance follows the love story of a boy and a girl. luv ranjan kartik aaryan nushrratt bharuccha sunny singh gautam mehra 
kundan,1993,action drama thakur shamsher singh lives a wealthy life that is funded chiefly by criminal activities such smuggling and dealing in drugs. he has never been arrested as he has several high-ranking ...                see full summary » k.c. bokadia dharmendra jaya prada amrish puri farha naaz 
apradhi,1992,"action crime drama satyaprakash is an honest security officer who works at the docks in a small town in india, and lives with his parents, mr. and mrs. vishambernath; wife, janki, a blind daughter, munni; and...                see full summary » k. ravi shankar vikas anand aparajita arun bakshi rajni bala "
house arrest,2019,"comedy a world-weary man's self-imposed home confinement becomes a comedy of errors with the simultaneous arrivals of a peculiar package and a curious journalist. samit basu, shashanka ghosh ali fazal shriya pilgaonkar jim sarbh barkha singh "
garm hava,1974,"drama in post-partition india, a muslim businessman and his family struggle for their rights in a country which was once their own. m.s. sathyu balraj sahni a.k. hangal geeta kak jamal hashmi "
saat hindustani,1969,action adventure drama a woman awaiting surgery recalls her life as a revolutionary along with seven other countrymen. khwaja ahmad abbas utpal dutt jalal agha anwar ali madhu 
abcd (any body can dance),2013,"drama music when a capable dancer is provoked by the evil design of his employer, naturally he will be out to prove his mettle. remo d'souza prabhu deva ganesh acharya kay kay menon lauren gottlieb "
nil battey sannata,2015,drama family a story about a single woman (a mom) and dreams on her daughter. ashwiny iyer tiwari swara bhasker riya shukla ratna pathak shah pankaj tripathi 
badmaash babes,2023,"drama when the stripper from alisha's bachelor party is found dead the next morning, the high society lives of best friends alisha, maya and zee go through a roller coaster ride. ajay v. bhumika gurung pratibha phogat chandni srivastava "
376 d,2020,"crime thriller in a series of heinous events one dark night, in the by lanes of delhi; two brothers come face-to-face with a nightmare they never imagined. their entire life turns upside down. soon they ...                see full summary » gunveen kaur, robin sikarwar vivek kumar deeksha joshi sumit singh sikarwar priyanka sharma "
shola aur shabnam,1992,"action comedy drama the spoiled and arrogant brother, bali, of notorious gangster, kali baba, enlists in the national cadet corps, and wants to have his way with his fellow-students and trainer, inder mohan ...                see full summary » david dhawan govinda divya bharti gulshan grover alok nath "
naina,2005,"drama horror mystery after receiving an eye transplant, a young woman realizes that she can see into the supernatural world. shripal morakhia urmila matondkar anuj sawhney malavika nair amardeep jha "
noorie,1979,drama family romance noorie tells a simple and touching story of noorie and yusuf's fearless love and dream at all cost. manmohan krishna farooq shaikh poonam dhillon madan puri iftekhar 
satya 2,2013,"action crime drama to build a strong underworld, a man comes to mumbai to rectify the errors made by previous mafia leaders. ram gopal varma puneet singh ratn sharwanand anaika soti mahesh thakur "
marigold,2007,comedy music romance ali larter plays an american actress who becomes immersed in the bollywood film world. willard carroll salman khan ali larter nandana sen ian bohen 
teraa surroor,2016,"action drama romance tara wadia (farah karimaee), a singer and girlfriend of a gangster raghu (himesh reshammiya) lives with her mother (shernaz patel). she goes to dublin where she gets detained after being ...                see full summary » shawn arranha himesh reshammiya farah karimaee naseeruddin shah shekhar kapur "
be happy,Unknown, story of a father and his 13 year old daughter. remo d'souza abhishek bachchan nora fatehi 
valley of flowers,2006,"adventure drama fantasy a great asian love story, an unforgettable tale about passion, death and reincarnation. a mesmerizing himalayan epic that spans two centuries, from the silk route of the early 19th century to the bustling metropolis of modern-day tokyo. pan nalin milind soman mylène jampanoï naseeruddin shah jampa kalsang tamang "
zameen,2003,"action adventure thriller colonel ranvir and acp jaideep joins forces to fight against pakistani terrorists, who hijacks an indian airplane and demands to free their militant leader in return. rohit shetty ajay devgn abhishek bachchan bipasha basu mukesh tiwari "
odd couple,2019,drama the movie revolves around two couples with age gaps of 15 years. prashant johari pradeep singh adhikari sumit gulati suchitra krishnamoorthi manoj pahwa 
ayee milan ki raat,1991,"romance a tantrik converts two lovers into a snake, one at sunset and one at sunrise. k. pappu avinash wadhawan shaheen anupam kher kulbhushan kharbanda "
fakira,1976,"action drama thriller vijay helps the poor and robs the rich, while ajay is assigned the job to bring vijay to justice. thirsty for each other's blood, both men are unaware that they are brothers separated at a young age. c.p. dixit shashi kapoor shabana azmi govardhan asrani aruna irani "
sos: secrets of sex,2013,drama prachi becomes pregnant and she and her boyfriend are trying to solve the matter by the way of abortion. kumaar aadarsh kumaar aadarsh gagan guru harman preet kaur ritesh raghuvanshi 
leera the soulmate,2018,"sci-fi salman khan also has an important cameo in one the scene's. while leaving the space salman comes to pick her up to take her back. later on this scene was removed as the director said ""salman didn't act well"" sumnash sri kaljai rishabh arora dank rishu mehul adwani emiway bantai "
red rose,1980,"crime horror mystery anand lives a wealthy lifestyle in bombay in a palatial house, and runs a business 'export india'. while shopping at roopsagar clothing store, he meets one of the sales clerks', sharda, and...                see full summary » bharathiraja rajesh khanna poonam dhillon aruna irani om shivpuri "
ghar ho to aisa,1990,"drama the kumar family consists of ramprasad, his wife, durga; their married son, vijay, his wife, sharda, their daughter, pinky; a married daughter who lives with them, kanchan, her husband, ...                see full summary » kalpataru anil kapoor meenakshi sheshadri raj kiran deepti naval "
khooni mahal,1987,"horror after years of burial, a monster is accidentally set free by a group of people which leads to disastrous sequence of incidents. mohan bhakri raj kiran shoma anand javed khan neelam mehra "
crook: it's good to be bad,2010,action crime drama corrupt police and racially motivated attacks against indian students complicate a re-located crook's life in australia. mohit suri emraan hashmi neha sharma arjan bajwa mashhoor amrohi 
pareshan,2023,"comedy set up in the backdrop of singareni and coalaries, the movie sheds light on troubles that arise between friends, family and lovers. rupak ronaldson bunny abiran raju bedigela muralidhar goud pavani karanam "
apaharan,2005,"action crime drama story of a tumultuous and complex relationship between a father (mohan agashe) and son (ajay devgan), set against the backdrop of a thriving kidnapping industry in the hindi heartland of bihar. prakash jha ajay devgn nana patekar bipasha basu ayub khan "
incar,2023,drama thriller a kidnapped girl's terrifying journey of survival. harsh warrdhan sandeep goyat manish jhanjholia gyan prakash samsher singh sam 
bhangra paa le,2020,"comedy drama music determined to bring traditional bhangra to the world stage, a dancer preps for an international competition against a rival with dreams of her own. sneha taurani sunny kaushal rukshar dhillon shriya pilgaonkar parmeet sethi "
krishna,1996,"action drama romance a convict freshly out of prison is given an undercover name ""krishna"" and the task to bring down a drug kingpin and his cartel. s. deepak, deepak s. shivdasani suniel shetty karisma kapoor shakti kapoor tinnu anand "
mumbai express,2005,"action comedy a bike rider and three small-time crooks kidnap a rich man's son for a huge ransom. but they soon discover that they have the wrong boy who is the illegitimate son of a police officer. singeetam srinivasa rao, dinesh shailendra kamal haasan manisha koirala pasupathy nassar "
shalimar,1978,"action adventure crime sir john locksley, the greatest jewel thief, decides his most prized possession, the shalimar ruby, should be passed on to a worthy successor. he invites the best rival jewel thieves to his island estate to participate in a deadly contest. krishna shah dharmendra zeenat aman rex harrison sylvia miles "
aadhi bhagavan,2013,action crime thriller an action film about two lookalike criminals in which one wants the other to get killed. ameer sultan jayam ravi nitu chandra sudha chandran saiju kurup 
kya yehi pyaar hai,2002,drama romance a college slacker pursues the girl of his dreams and will do just about anything to get her to like him. k. muralimohana rao jackie shroff aftab shivdasani ameesha patel anupama verma 
friendship,2021,"action crime drama set in college, friendship is an emotional saga where two friends go out of their way to help a girl get justice, who is sexually abused and killed by goons. will they succeed? after all, justice delayed is justice denied. shamsurya johnpaulraj, jpr, john paul raj, sham surya harbhajan singh arjun sarja losliya mariyanesan sathish "
dunno y na jaane kyun...,2010,drama romance two men fall in love but struggle to be in a relationship openly in society. sanjay sharma zeenat aman kabir bedi hazel croney helen 
teen devian,1965,"musical romance devdutt anand works in a company selling musical instruments, and is always late for work, infuriating his boss, i.s. johar. things change for the better when johar finds out that devdutt ...                see full summary » amarjeet dev anand nanda karnataki simi garewal i.s. johar "
noblemen,2018,"drama a 15 year old boy, struggling with his adolescent years, is terrorized by a gang of bullies in a posh boarding school. this sets forth a chain of events that leads to a loss of life and innocence. vandana kataria kunal kapoor ali haji mohammed ali mir ivan rodrigues "
angaar,1992,"action crime drama an angry slum-dweller is arrested, found guilty, and institutionalized. shashilal k. nair jackie shroff dimple kapadia nana patekar om puri "
3g: a killer connection,2013,"horror mystery sci-fi sam purchase's a second hand cellphone and starts getting mysterious calls. shiirshak s. anand, shantanu ray chhibber neil nitin mukesh sonal chauhan mrinalini sharma asheesh kapur "
jurm,2005,"crime drama mystery avinash malhotra (bobby deol) is married to sanjana (lara dutta). one night sanjana is murdered, and avinash is arrested for the murder of his wife. vikram bhatt kamal adib bobby deol lara dutta milind gunaji "
milenge milenge,2010,"drama romance hoping that destiny will re-unite them, a couple, on the verge of getting married, attempt to locate each other. satish kaushik kareena kapoor shahid kapoor aarti chhabria delnaaz irani "
sri,2023,biography drama an industrialist srikanth bolla who didn't let his visual impairment come in the way of his vision and founded bollant industries. tushar hiranandani alaya f jyotika sharad kelkar deepak mahato 
english babu desi mem,1996,"comedy drama musical after his brother dies, wealthy vikram reluctantly goes back to india and forms a surprise bond with his orphaned nephew and the showgirl raising him. praveen nischol shah rukh khan sonali bendre rajeshwari saeed jaffrey "
kahani rubberband ki,2022,"comedy drama family the regular life of a young couple in uttar pradesh until a contraceptive device malfunction results in an unintended pregnancy. while maintaining his friendship with kavya, narendra decides to take on the condom manufacturer sarika sanjot manish raisinghan avika gor pratik gandhi gaurav gera "
doosara aadmi,1977,"drama family romance kanu, timsi and nisha find themselves entangled in an emotional saga, the struggle of nisha's past, kanu and timsi's present and an uncertain future. ramesh talwar shashi kapoor rishi kapoor neetu singh rakhee gulzar "
mithya,2008,comedy crime thriller a two-bit actor faces challenges after he is asked by police to impersonate a look-alike gangster. rajat kapoor ranvir shorey neha dhupia naseeruddin shah saurabh shukla 
wajood,1998,"action crime drama this story revolves around malhar gopaldas agnihotri, a out-of-work actor, poor, and dependent on his father, who is heading for retirement. malhar knows that he can act, very well indeed, ...                see full summary » n. chandra nana patekar madhuri dixit mukul dev ramya krishnan "
arzoo,1965,"drama musical romance after completing his medical studies, gopal (rajendra kumar) takes a break and goes on holiday in kashmir. there he meets with usha (sadhana) and both fall in love with each other. back ...                see full summary » ramanand sagar rajendra kumar tuli sadhana shivdasani feroz khan nazima "
aamdani atthanni kharcha rupaiya,2001,"comedy drama family in order to make ends meet, three women steps out from their houses for earning. however, this irks their jobless husbands who can go to extreme lengths to stop them. k. raghavendra rao, a.s. ravindra babu govinda juhi chawla tabu chandrachur singh "
ghar parivaar,1991,"drama noble shankar sells all his property and sends his step-brother balwant to the city for higher education, but balwant returns with a wife who refuses to adjust to the simple village life and becomes the reason for the family to split. mohanji prasad rajesh khanna rishi kapoor raj kiran moushumi chatterjee "
dev,2004,"drama joint commissioner of police dev pratap singh, a duty-bound, self-righteous officer, and special commissioner tejinder khosla, the balancing force between the political interests of chief ...                see full summary » govind nihalani amitabh bachchan om puri fardeen khan kareena kapoor "
khamosh,1986,"mystery thriller when a starlet is murdered on a film location, a detective arrives to investigate the cast and crew. vidhu vinod chopra shabana azmi amol palekar naseeruddin shah soni razdan "
corporate,2006,drama two corporate giants compete in order to recklessly maximize their respective profits. madhur bhandarkar bipasha basu kay kay menon raj babbar rajat kapoor 
avtaar,1983,"drama avtaar krishen lives a poor lifestyle with his wife, radha, and two sons, ramesh and chander. he works in a factory and toils hard so that his sons can get the necessary education, and live...                see full summary » mohan kumar rajesh khanna shabana azmi sujit kumar a.k. hangal "
juliet's x-tape,Unknown,thriller add a plot pravein birje aparna bajpai aditya rajput 
munna,2007,"action munna is a college student who targets khakha, a local gangster with whom he has a personal vendetta since childhood. vamshi paidipally prabhas ileana d'cruz prakash raj kota srinivasa rao "
loev,2015,"drama romance a weekend trip between friends takes a sudden turn, making them each question what love is and what it means to them. sudhanshu saria dhruv ganesh siddharth menon shiv panditt dixit "
dushman duniya ka,1996,"drama a social drama about the drug addiction among the youth and its adverse effects on their lives. mehmood, tabrez hashmi laila mehmood manzoor ali chetana das "
girlfriend,2004,"drama a man comes between two lesbian lovers, hence forming a triangle with bleak consequences. karan razdan isha koppikar aashish chaudhary amrita arora sumit nijhawan "
humse na jeeta koi,1983,"comedy sunder singh lives with his wife, lajwanti, and three sons, bheema, kishan, and vijay, in a small town in india. his two elder sons are slackers and up to mischief and wrestling. they find ...                see full summary » shibu mitra amjad khan randhir kapoor raj kiran asha sachdev "
sapoot,1996,"action crime drama when a gangster is killed by his rivals, his two sons vow revenge. jagdish a. sharma akshay kumar suniel shetty karisma kapoor sonali bendre "
aashik aawara,1993,"drama raised by a kindly thief, orphaned jimmy goes on the run from goons and falls in love with jyoti, whose father indirectly caused his parents' deaths. umesh mehra saif ali khan mamta kulkarni mohnish behl rakesh bedi "
andaz,1971,"drama romance rajoo (rajesh khanna) and sheetal (hema malini) are in love, and expecting some opposition from rajoo's dad (ajit), they marry in a simple temple ceremony. but rajoo's dad vehemently ...                see full summary » ramesh sippy shammi kapoor rajesh khanna hema malini simi garewal "
masterji,1985,"comedy drama romance percocious village belle, radha, the daughter of mukhiya jamnadas, takes a liking to the widowed school-master, masterji, the father of a toddler; when he spurns her, she publicly accuses ...                see full summary » k. raghavendra rao rajesh khanna sridevi anita raj kader khan "
mr. x,2015,"action crime drama after gaining the power of invisibility; a man becomes a vigilante, in order to take revenge on those who have wronged him. vikram bhatt emraan hashmi amyra dastur tanmay bhat sushil pandey "
shaan,1980,action adventure comedy two brothers go after the international mafia kingpin who murdered their cop brother. they are later joined by another man who wants revenge against the gangster. ramesh sippy sunil dutt shashi kapoor amitabh bachchan shatrughan sinha 
biwi no. 1,1999,"comedy drama romance a housewife learns that her husband is cheating on her. thus, her quest to bring him back begins david dhawan karisma kapoor salman khan anil kapoor sushmita sen "
angry young men,Unknown,drama add a plot david dhawan karisma kapoor salman khan anil kapoor sushmita sen 
love nation,2023,"drama sci-fi this is a story of scientist played by deepak parashar who was the messenger to peacefulness and the lover of mankind, lost his life while following the path of ''ahimsa parmo dharma'' by ...                see full summary » basith ahmed khan dharmendra adeeb maviya govind namdeo "
get educated: paathshaala,2010,drama family a new english school-teacher also teaches music but ends up leading both teachers and students to revolt against the school management. milind ukey nana patekar shahid kapoor ayesha takia sushant singh 
doodh ka karz,1990,"action drama fantasy sapheran parvati, along with her newborn son, suraj, watches helplessly as her husband, gangu, is wrongly accused of theft, and then beaten to death by raghuveer singh, bhairav singh, and ...                see full summary » ashok gaekwad jackie shroff neelam kothari prem chopra aruna irani "
shortcut romeo,2013,action crime drama suraj spots a couple making love on a golf course and video films the entire event. he blackmails the couple and asks them to ensure that he has a luxurious life in return for the footage. susi ganesan neil nitin mukesh ameesha patel puja gupta jatin garewal 
bhaiaji superhit,2018,action comedy drama a goon tries to win his wife back by making a movie on their love story. neeraj pathak sunny deol preity g zinta arshad warsi ameesha patel 
himmat,1996,"action comedy drama two indian secret agents, ajay and abdul, share a brotherly bond. however, when abdul is killed in the line of duty, the mission is handed over to ajay, who decides to avenge his friend's death. sunil sharma, anand naseeruddin shah sunny deol tabu shilpa shetty kundra "
siddharth,2013,"drama a chain-wallah from delhi travels across india in search of his missing son, in the hopes that whoever took him, returns him unharmed. richie mehta rajesh tailang tannishtha chatterjee anurag arora shobha sharma jassi "
c kkompany,2008,"comedy drama thriller three down on their luck men adapts a strategical idea of extortion, only to find themselves in deep trouble. sachin yardi tusshar kapoor anupam kher rajpal naurang yadav raima sen "
aan: men at work,2004,action crime drama dcp patnaik and his team's fights against corrupted politicians and mafia rule mumbai city. however their faith in law and order is tested with serious outcomes. madhur bhandarkar akshay kumar shatrughan sinha suniel shetty paresh rawal 
time out,2015,"drama family music years of friendship, laughter and love shared between two brothers faces the music when a 14 year old boy is confronted with the complexities of a simple relationship. rikhil bahadur chirag malhotra pranay pachauri kaamya sharma aditya jain "
monalisa,2021,romance add a plot rehan khan ankit dubey sharanya jit kaur vishal raj sharma 
phool aur angaar,1993,"action drama vijay saxena lives a middle-class lifestyle along with his college-going sister, sweety, in a small town in india. he gets a job as a professor at the city college, where he meets with ...                see full summary » ashok gaekwad govardhan asrani bajrangi arun bali nimai bali "
jai gangaajal,2016,crime drama a newly appointed senior inspector finds herself against very powerful goons and having people from her own department against her. prakash jha priyanka chopra jonas prakash jha manav kaul ninad kamat 
yudh,1985,"action crime drama savitri's twin sons get s abducted by a criminal named gama mating. in need of a son, savitri adopt a young boy, but searches frantically for her twin babies. years later her adopted son ...                see full summary » rajiv rai jackie shroff anil kapoor tina ambani nutan "
knock out,2010,"action crime drama hidden with a mysterious agenda, a sniper holds a businessman hostage in a closed phone booth, where he is ordered to obey the sniper or he will be killed. mani shankar sanjay dutt irrfan khan kangana ranaut gulshan grover "
london paris new york,2012,"romance nikhil and lalitha are two completely different individuals who are drawn to each other in spite of their differences -- or perhaps because of it. follow their journey as they meet in london, paris and new york for a night in each city. anu menon ali zafar aditi rao hydari candice pereira scherrikar bell "
vampires of vijay nagar,Unknown,"comedy horror thriller a determined historian, sifts through old manuscripts, seeking clues about the mysterious legends of vampires in vijay nagar. amar kaushik samantha ruth prabhu ayushmann khurrana aparshakti khurana sapthami gowda "
khudgarz,1987,"drama sita sinha watches as her young son, bihari fights another young, wealthy lad, amar for spattering dirt on his body using his car. sita then intervene, separates both, take them to her ...                see full summary » rakesh roshan jeetendra shatrughan sinha bhanupriya amrita singh "
bol radha bol,1992,action comedy crime a man returning from a trip discovers that an impostor has taken over his life. david dhawan rishi kapoor juhi chawla kader khan shakti kapoor 
junglee,2019,"action adventure thriller the story revolves around a vet, who on his homecoming to his father's elephant reserve, encounters and fights an international poachers racket. chuck russell vidyut jammwal lars kjeldsen asha bhat vishwanath chatterjee "
thangalaan,2024,"action adventure drama based on the true events that revolve around the lives of mine workers in the kolar gold fields, karnataka. pa. ranjith vikram parvathy thiruvothu malavika mohanan pasupathy "
irudhi suttru,2016,action drama sport the story of a former boxer who quits boxing following a fallout with the authorities over the underlying politics but goes on to coach a fisherwoman to fulfill his dream through her. sudha kongara madhavan nassar radha ravi kaali venkat 
world famous lover,2020,"comedy drama romance an amalgamation of four different love stories: seenayya and suvarna, a middle-class couple in a small town; gautham, a youngster romancing in paris with iza, union leader srinu in love with his boss lady, and a first college romance. kranthi madhav vijay deverakonda raashi khanna aishwarya rajesh catherine tresa "
chupke chupke,1975,comedy drama romance a newly wedded husband plays a practical joke on his wife's family with full support from his wife and friends. hrishikesh mukherjee dharmendra sharmila tagore amitabh bachchan jaya bachchan 
jahaan chaar yaar,2022,comedy drama the journey of four married friends who set off to goa seeking solace from their ordinary lives and find themselves in - an extraordinary adventure kamal pandey swara bhasker meher vij shikha talsania pooja chopra 
dil dosti etc,2007,"comedy crime drama two college boys from diverse backgrounds believe that since time is on their side, anything is possible. consequently, their arrogance leads them to challenge each other to prove their efficiencies. manish tiwary imaaduddin shah shreyas talpade smriti mishra nikita anand "
krazzy 4,2008,comedy crime drama 4 mental patients formulate the plan to rescue their kidnapped doctor and teach the kidnappers a lesson. jaideep sen juhi chawla irrfan khan arshad warsi rajpal naurang yadav 
anupama,1966,"drama romance mohan sharma (tarun bose) is a workaholic whose life changes dramatically after his wife dies giving birth to their daughter uma (sharmila tagore). he despises the daughter by day, and ...                see full summary » hrishikesh mukherjee dharmendra sharmila tagore shashikala jawalkar deven verma "
chacha bhatija,1977,"action comedy drama teja's family consists of himself, his wife, sita, his brother, shanker, and a son, sunder. they all live happily. things take a turn for the worse, when sita passes away. teja decides to ...                see full summary » manmohan desai dharmendra hema malini randhir kapoor yogeeta bali "
ittefaq,1969,"crime mystery thriller taking place almost entirely over the course of one stormy night, a woman is terrified when an accused murderer escapes from a mental hospital and seeks refuge in her home. yash chopra rajesh khanna nanda karnataki sujit kumar bindu desai "
patthar ke phool,1991,action drama romance a young police officer and the daughter of a gangster fall in love at first sight. anant balani salman khan raveena tandon kiran kumar manohar singh 
the death sentence: mrityu dand,1997,action drama three women are sentenced to death as they dare to speak out and threaten to break the status quo of a male dominated society. prakash jha shabana azmi madhuri dixit ayub khan shilpa shirodkar 
the fighter suman,2023,"action drama the fighter suman is a captivating love story with a twist. suman, the son of a wealthy businessman, falls in love with a girl named pooja, only to have her mysteriously killed. devastated,...                see full summary » ravi sagar m rajani bharadwaj zayleen ganapathy dharma keerthiraj nimika ratnakar "
shor,1972,"drama shankar (manoj kumar), his lovely wife geeta (nanda) and deepak (master satyajeet) are a poor but happy family. tragedy strikes one day, when deepak wonders over to the railway tracks. when...                see full summary » manoj kumar manoj kumar jaya bachchan premnath malhotra kamini kaushal "
batwara,1989,"action drama in india circa after the british rule, there is a princely family consisting of bade thakur (shammi kapoor), his sons devan (vijayendra ghatge), vikram singh (vinod khanna), and a third son...                see full summary » j.p. dutta dharmendra vinod khanna dimple kapadia poonam dhillon "
bullett raja,2013,"action crime drama a common man who transforms into a gangster revolts against the very system he once obediently followed by declaring war on the police, the government, and the industrialists. tigmanshu dhulia, ajit sable, sanjiv trigunayat saif ali khan sonakshi sinha vidyut jammwal jimmy shergill "
unfreedom,2014,crime drama romance a lesbian daughter fights off an arranged marriage in india while a religious fundamentalist targets an anti-extremist scholar in new york. raj amit kumar victor banerjee adil hussain bhanu uday preeti gupta 
aaja nachle,2007,drama family music dia's dance teacher is dying. she returns to the town where she learnt to live and dance and most importantly to save the endangered ajanta theatre. anil mehta madhuri dixit darshan jariwala raghubir yadav divya dutta 
albert pinto ko gussa kyon ata hai,1980,comedy drama romance a man from mumbai (then bombay) is angry about various issues in different circumstances. saeed akhtar mirza naseeruddin shah shabana azmi smita patil dilip dhawan 
angaaray,1998,"action crime drama a bangalore-based police officer is told to go undercover in mumbai, infiltrate the gang run by his childhood friends and bring them to justice. mahesh bhatt akshay kumar nagarjuna akkineni pooja bhatt sonali bendre "
jeene nahi doonga,1984,"action bitter animosity and hatred has existed between the communities of jangavar and dilavar. while dilavar's roshan wants to bring peace between everyone, he sets an example by marrying chandni...                see full summary » rajkumar kohli dharmendra shatrughan sinha raj babbar anita raj "
woh 3 din,2022,drama an uncomplicated man with few uncomplicated dreams - sanjay mishra as rikshaw driver. raaj aashoo parnika chandak shobha gavane thulla khan ayush kumar 
testing movie1,2015,"animation adventure family testing one from prod trivial trivia from 2010 dom fantana, james hannay, james p savage, ruarc sorensen, timothy fantastic, elise huard dom fantana marty bower paul ohlhaut justin campbell "
mujhse fraaandship karoge,2011,"comedy drama romance when you can't make it on your own, the best thing to do is to fake it. but, the question remains, how long can you fake true love? nupur asthana saqib saleem saba azad nishant dahiya tara d'souza "
quotation gang,Unknown,crime thriller the film revolves around a bold female contract killer. she takes up the crime syndicate and fights for power. an incident changed her life upside down. vivek priyamani sunny leone jackie shroff v. jayaprakash 
mere apne,1971,drama anandi devi is an old widow living in her village she is bought to the city by her distant relative arun. anandi devi realizes that arun and his wife wanted to keep her as a maid following ...                see full summary » gulzar meena kumari vinod khanna shatrughan sinha sumita sanyal 
teri khata,2022,"drama a story of a husband cheating his wife, capturing her property and killing her father. the wife then hires a killer to carry out the killing and manage the situation. prashant kumar giri abhik benazir ram kumar singh bhadouria ravi bhatia manish chawla "
fight club: members only,2006,"action crime drama four college friends starts an underground fight club in order to earn quick money, nevertheless they become suspects of a murder of a man, who turns out to be the mob boss' brother. abhay chopra, vikram chopra suniel shetty sohail khan zayed khan dino morea "
hum to mohabbat karega,2000,"action comedy romance raju, a waiter, is crazy about tv reporter, geeta. during an investigation, in order to prolong their meetings, he bears false witness to a murder and misleads the police with a fake description. kundan shah karisma kapoor bobby deol rohit roy sadashiv amrapurkar "
sanaa,2022,drama it follows an ambitious girl who is raging against an internal battle that is rooted in unhealed trauma. sudhanshu saria radhika madan pooja bhatt shikha talsania sohum shah 
karam,2005,"action crime drama a guilt-ridden hit man tries to quit his job after a traumatic killing, before his boss kidnaps his wife in order to make him do one last job. sanjay f. gupta john abraham priyanka chopra jonas bharat dabholkar vishwajeet pradhan "
majboor,1974,"drama mystery thriller a terminally ill man frames himself for murder to allow his family to collect the reward money. after a successful operation, he escapes police custody and searches for the real killer. ravi tandon amitabh bachchan parveen babi pran sikand farida jalal "
chalte chalte,1976,"romance thriller geeta and anil meet, gets acquainted with each other only to fall in love; they then get married but on their wedding night anil is killed by bandits leaving a devastated geeta who goes ...                see full summary » sunder dar simi garewal bhisham kohli nazneen shreeram lagoo "
pran jaaye par shaan na jaaye,2003,comedy drama aman joshi (aman verma) is on a research assignment. his subject is the chawl dwellers in bombay city. he rents a small tenement there and talks to the people living there. he soon gets ...                see full summary » sanjay jha raveena tandon namrata shirodkar rinke khanna divya dutta 
lootere,1993,action romance thriller a police officer is tasked with protecting a murder witness. dharmesh darshan sunny deol juhi chawla dinesh anand pooja bedi 
chand sa roshan chehra,2005,romance teen lovers are separated by parental snobbery; their efforts to reunite drive the plot. shahab shamsi samir aftab shabbir ahluwalia shahid ahmed talat aziz 
bobby,1973,"comedy musical romance raj, the son of strict, wealthy parents, falls in love with bobby, the daughter of a poor christian fisherman -- a romance his parents oppose. raj kapoor dimple kapadia rishi kapoor pran sikand premnath malhotra "
dhruva,2016,"action crime thriller a committed police officer is on a very dangerous mission to destroy the most corrupt person in the country, siddharth abhimanyu. surender reddy ram charan arvind swami rakul preet singh navdeep "
regina,2023,"crime thriller regina is an upright and straightforward girl whose world revolves around her father. however, things change when her father gets killed. she soon gets married to jo, an employee at a private bank. what will happen when jo dies too? domin d'silva sunaina ananth nag nivas adithan vivek prasanna "
bhopal: a prayer for rain,2014,"drama interwoven stories of people in india and us as they face dilemmas of life time in the months leading to the biggest industrial disaster in human history that claimed 10,000 innocent lives within a few hours. inspired by real events. ravi kumar mischa barton martin sheen kal penn lisa dwan "
saindhav,2023,action crime drama add a plot sailesh kolanu nawazuddin siddiqui ruhani sharma venkatesh daggubati arya 
christopher,2023,"action crime drama a maverick cop is forced to work outside the limits of law, when the system fails.the story weaves across the past and present while revealing the motives that shape his actions. b. unnikrishnan mammootty vinay rai shine tom chacko jinu joseph "
pyaar impossible!,2010,comedy romance everybody loves beautiful alisha and it's no surprise that nerdy abhay loves her too but she doesn't know he exists until years later their paths cross. jugal hansraj priyanka chopra jonas anupam kher dino morea uday chopra 
insaf ka tarazu,1980,"crime drama ramesh, a businessman, is arrested for molesting bharati, a beauty queen. she is later accused of murdering him and arrested. the events that unfold show what compelled her to do so. b.r. chopra zeenat aman raj babbar deepak parashar padmini kolhapure "
sanjog,1985,"drama bombay-bred narain goes to a village, where he meets and falls in love with a village belle, yashodra. she also is attracted to him, and both get married. after their marriage, both go to ...                see full summary » k. viswanath jeetendra jaya prada vinod mehra aruna irani "
kyun! ho gaya na...,2004,"comedy drama romance a woman decides to marry her childhood friend, after getting her heart broken by her sweetheart. samir karnik amitabh bachchan vivek oberoi aishwarya rai bachchan om puri "
netaji subhas chandra bose: the forgotten hero,2005,"biography drama history the film, which is about the last five years of the indian leader subhas chandra's life, also includes his life's story in flashback sequences. shyam benegal vinay anand ila arun pankaj berry nicolas chagrin "
khatta meetha,1978,comedy drama two old people get married and their children from their previous marriages now have to live together under the same roof. clashes and hilarity ensue. basu chatterjee ashok kumar rakesh roshan bindiya goswami raju shrestha 
sector balakot,2023,"war the story begins with a shootout scene where nia officers are on raid to a secret location in jungle where 8 terrorists and 1 master mind is hiding, who are planning a big event before the ...                see full synopsis » hitesh paulbhai khristy elakshi a gupta vipul gupta ridoyanul hoq puneet issar "
nibunan,2017,"action crime thriller along with his partners inspector joseph and vandhana, dsp ranjith kalidoss attempts to hunt down a psychotic killer before realizing he's himself suffering from an unwanted disorder. arun vaidyanathan arjun sarja prasanna varalaxmi sarathkumar sruthi hariharan "
anari,1993,"comedy drama romance a rich girl appoints a simpleton, as her bodyguard. she soon falls in love with him, which creates havoc in his life. k. muralimohana rao rakhee gulzar venkatesh daggubati karisma kapoor suresh oberoi "
mca middle class abbayi,2017,"action comedy a youngster tries to protect his sister-in-law, a transport official, from a dreaded goon who runs an illegal road transport business. venu sriram nani sai pallavi bhoomika chawla rajeev kanakala "
music teacher,2019,drama romance a dejected small-town music teacher grapples with guilt and regret when his ex-pupil who once loved him returns home as the star he always wanted to be. sarthak dasgupta divya dutta neena gupta manav kaul niharika lyra dutt 
taxi no. 9 2 11: nau do gyarah,2006,comedy drama thriller a cabbie (patekar) and businessman (abraham) both in need of big money partake in a two-hour adventure together. milan luthria john abraham nana patekar sonali kulkarni sameera reddy 
shatranj ke khilari,1977,"comedy drama history wazed ali shah was the ruler of one of the last independent kingdoms of india. the british, intent on controlling this rich country, had sent general outram on a secret mission to clear the...                see full summary » satyajit ray sanjeev kumar saeed jaffrey shabana azmi farida jalal "
main khiladi tu anari,1994,action comedy drama a bombay police officer seeks revenge when his brother is killed by a powerful underworld figure. things get complicated when a matinee movie idol begins to shadow the policeman so he can research a movie role. sameer malkan akshay kumar saif ali khan shilpa shetty kundra raageshwari 
sangam,1964,"drama musical romance returning home from war after being assumed dead, a pilot weds the woman he has long loved, unaware that she had been planning to marry his best friend. raj kapoor raj kapoor rajendra kumar tuli vyjayanthimala iftekhar "
satte pe satta,1982,"action comedy drama the eldest of seven brothers, who run a family farm together, marries a pretty nurse, inspiring his country-bumpkin siblings to follow his example. raj n. sippy amitabh bachchan hema malini ranjeeta kaur amjad khan "
d company,2021,"action crime thriller the biggest saga of the year is about to unfold the dark side of india's underworld enterprise. the film will showcase the true story behind india's biggest underworld enterprise, d company...                see full summary » ram gopal varma sandeep bose abhilash chaudhary gaurav daagar pranay dixit "
the test,XXV,sport add a plot s. sashikanth nayanthara madhavan siddharth meera jasmine 
red: the dark side,2007,"drama romance thriller neel has a fatal heart ailment. luckily, he gets a heart transplant. after this surgery, he meets anahita. vikram bhatt aftab shivdasani celina jaitly amrita arora amin hajee "
fool n final,2007,action comedy crime a bunch of misfits and gangsters embarks on a journey to find a lost and stolen diamond. ahmed khan sunny deol shahid kapoor vivek oberoi ayesha takia 
home delivery: aapko... ghar tak,2005,"comedy romance sunny malhotra (vivek oberoi) is a 28 year old writer who has carved a name for himself as a popular agony uncle, named gyan guru, writing for the times of hindustan. sunny also managed to ...                see full summary » sujoy ghosh vivek oberoi mahima chaudhry ayesha takia boman irani "
max,Unknown, add a plot vijay karthikeyan sudeep samyuktha hornadu anirudh bhat sukrutha wagle 
vaah! life ho toh aisi!,2005,comedy drama family adi chachu faces a dilemma - and it's a big one! what if you were told by the god of death himself you had only 15 minutes of life left? what would you do?! mahesh manjrekar shahid kapoor amrita rao sanjay dutt arshad warsi 
khandaani shafakhana,2019,comedy drama a feisty girl from punjab tries to continue her family traditions by opening a sex clinic to help and aware others in her hometown. shilpi dasgupta sonakshi sinha badshah varun sharma priyansh jora 
hostel,2011,"action crime drama an engineering student is molested, beaten and humiliated when he goes to reside in a hostel. manish gupta vatsal sheth tulip joshi mukesh tiwari nagesh bhonsle "
lucknow central,2017,"action crime drama when an innocent man aspiring to be a musician is framed for committing a murder, he decides to form a music band with his co-prisoners for a competition, but his real intention seems to be different. ranjit tewari farhan akhtar diana penty ronit roy gippy grewal "
tere naal love ho gaya,2012,"comedy drama romance mini isn't eager to wed the rich suitor who's been chosen for her, so she stages her own kidnapping and runs off with a man who works for her father. mandeep kumar riteish deshmukh genelia deshmukh om puri tinnu anand "
m.... matric pass,2014,drama romance a film about an innocent girl trapped in delhi sex scandal suresh jain seema dogra paras sharma sushma sharma kaash sherawat 
sanam teri kasam,2009,action drama romance a love triangle forms after a male finds his best friend has married his sweetheart. lawrence d'souza saif ali khan atul agnihotri pooja bhatt sheeba agarwal 
children of war,2014,drama history war would you go to war for peace? a war child's search for acceptance and a nation inundated in blood. mrityunjay devvrat farooq shaikh victor banerjee pawan malhotra indraneil sengupta 
anjaana,1969,"romance raju lives with his widowed mother, janki, in a small town and works as garage mechanic. one day he meets with wealthy rachna malhotra, and after a few misunderstandings, both fall in love ...                see full summary » mohan kumar rajendra kumar tuli babita kapoor pran sikand prem chopra "
mirzya,2016,"action drama fantasy a horse groom reconnects with his childhood love, but she is engaged to marry the local prince. rakeysh omprakash mehra harshvardhan kapoor saiyami kher art malik anuj choudhry "
boyfriend.com,2018,drama add a plot rakeysh omprakash mehra harshvardhan kapoor saiyami kher art malik anuj choudhry 
mera saaya,1966,"drama musical mystery a lawyer's wife dies in his arms. yet, another woman - identical in appearance and accused of aiding a gang of bandits - claims to be the lawyer's wife. a courtroom drama ensues. raj khosla sunil dutt sadhana shivdasani jagdish sethi k.n. singh "
mere dad ki maruti,2013,"comedy drama romance in the midst of a loud punjabi wedding, a boy sneaks his dad's fancy new car to impress the college hottie and all hell breaks loose when he loses it. ashima chibber saqib saleem rhea chakraborty ram kapoor prabal panjabi "
shubh nikah,2023,"comedy drama family families of two different cultures join hands and come together for love, humanity, and peace with a strong message of national integrity arshad siddiqui aksha pardasany rohit vikkram arsh sandhu kunwar aziz "
school romance: pure love web series,2021,romance add a plot alfa aryan shivaay aryan sadhna baksh riya bhagat asim hussain 
andolan,1995,"action comedy drama collegian adarsh and his elder brother, aniket paves two different path ways leading to the same goals when they excel in studies leading to bright futures only to find their respective ...                see full summary » aziz sejawal sanjay dutt govinda somy ali mamta kulkarni "
gumnaami,2019,action drama history gumnaami is a film based on the mukherjee commission hearings which happened from 1999 to 2005 where the three theories about netaji subhas chandra bose's death were discussed and debated. srijit mukherji prasenjit chatterjee anirban bhattacharya tanushree chakraborty sanjay gurbaxani 
dobaara,2018,"drama romance 22-year-old parvathy is a free-spirited girl who loves to live life on her terms. however, when she is left with no option but to tie the knot with a man of her parents' choice, her life ...                see full summary » bejoy nambiar aishwarya arora manav kaul parvathy omanakuttan "
"main, meri patni... aur woh!",2005,"comedy drama romance a short, nondescript man, mithilesh shukla marries a tall and beautiful woman. now jealousy and mithilesh's own insecurities threaten to wreck his happy home. chandan arora rajpal naurang yadav rituparna sengupta naseeruddin shah kay kay menon "
guddi,1971,"drama comedy family a teenage girl will not accept her family's attempt to arrange a marriage for her, as her heart is currently too full of love for the movies and heartthrob actor ""dharmendra."" hrishikesh mukherjee dharmendra jaya bachchan sumita sanyal utpal dutt "
shagird,2011,"action crime drama a rookie cop questions the tactics of his superior, and attempts to track the abductors of his girlfriend. tigmanshu dhulia nana patekar mohit ahlawat rimi sen anurag kashyap "
ishaqzaade,2012,action drama romance a love story of a passion ignited by hatred. of two people. born to hate. destined to love. habib faisal arjun kapoor parineeti chopra gauahar khan anil rastogi 
do anjaane,1976,drama a man (amitabh bachchan) is found wounded on railway tracks and when he awakens he has no memory of who he is and doesn't remember anything about his life. six years later he is living with...                see full summary » dulal guha amitabh bachchan rekha prem chopra pradeep kumar 
chalta purza,1977,"action thriller rajesh khanna plays the role of amar an unemployed struggle in life, just because he believes in honesty. ammar's eyes open when his mother dies in a car accident. he realizes that his ...                see full summary » bhappi sonie rajesh khanna parveen babi rakesh roshan ajit khan "
safar,1970,drama romance dr neela is asked to assist in a a surgery by her senior dr chandra but the patient passes away and dr chandra tells her that patient had zero chances of survival and he asked her to ...                see full summary » asit sen rajesh khanna sharmila tagore feroz khan ashok kumar 
badhaai ho badhaai,2002,"comedy drama musical the d'souza and chaddha families are neighbors and have been good friends for as long as they can remember; despite their diverse religious and cultural beliefs, they celebrate diwali and ...                see full summary » satish kaushik anil kapoor rana jung bahadur s.k. batra panni chatterjee "
tera intezaar,2017,romance thriller a woman sets out to uncover how her lover went missing. raajeev walia arbaaz khan sunny leone bhani singh salil ankola 
sehra,1963,"drama romance this vintage bollywood drama centers on a courageous girl named angara, who finds herself torn between true love and loyalty to her gypsy band and her father when she falls for vikram, a warrior from a rival clan. shantaram rajaram vankudre sandhya lalita pawar prashanth mumtaz askari "
welcome to sajjanpur,2008,"comedy drama an educated man spends his days writing letters for the varied inhabitants of his small, poor, and illiterate village, in this political and social satire. shyam benegal shreyas talpade amrita rao ravi kishan ila arun "
ram-avtar,1988,action drama romance ram and avtar are both childhood best friends. the difference between the two friends is that ram would willingly make priceless sacrifice for his friend; the time when both are separated ...                see full summary » sunil hingorani sunny deol anil kapoor sridevi shakti kapoor 
mosagallu,2021,crime drama thriller the story of the world's biggest i.t. scam. jeffrey gee chin vishnu manchu kajal aggarwal suniel shetty ruhi singh 
sardar ka grandson,2021,comedy drama romance a devoted grandson embarks on a complicated and comic journey to fulfill his ailing grandmother's last wish. kaashvi nair john abraham rakul preet singh aditi rao hydari arjun kapoor 
always kabhi kabhi,2011,"comedy crime drama a story centered on four students coming of age during a year at their school, st. marks. roshan abbas samir chandra lillete dubey satyajeet dubey ali fazal "
xcuse me,2003,"comedy chantu and bantu are two meddling friends who join a hotel management program in goa by deceit. during their training, they expose the illicit activities of many hotel personnel and guests. n. chandra sharman joshi sahil khan anil chaudhary snehal dabi "
chuhiya,2022," this story is the most comprehensive look at the education system, caste system and gender inequality in india. motivated by ancient religious edicts, no amount of governmental ...                see full summary » hyder kazmi hyder kazmi onkar das manikpuri anupama prakash akshay verma "
dillagi,1999,"drama musical romance when ranvir, the responsible elder brother of a middle-class indian family, realises that his reckless younger brother rajvir is in love, he arranges for rajvir's marriage, not realising that the girl is the same person he is in love with. sunny deol sunny deol bobby deol urmila matondkar dara singh randhawa "
love love love,1989,"drama romance amit, the son of a taxi driver, and reema, a rich business man's daughter, fall in love. however reema's father wants to marry her to vicky, who's father is the biggest gangster in mumbai. how will their love triumph? babbar subhash aamir khan juhi chawla gulshan grover dalip tahil "
raaz 3: the third dimension,2012,"horror romance thriller when an ingénue's sudden popularity threatens to shove her out of the spotlight, a movie star uses black magic in an attempt to derail her career. vikram bhatt bipasha basu emraan hashmi esha gupta samir chandra "
ragini mms,2011,"drama horror mystery out to relax and have fun at a farmhouse, a couple experience horror at the hands of an unknown entity. pavan kirpalani kainaz motivala rajkummar rao rajat kaul janice "
lakeer ka fakeer,2013,"crime the film revolves around the lives of three friends-cum-petty crooks whose biggest crime is the fact that they reside in mumbai's notorious area, where nefarious activities of the organized-crime syndicates take shape. zubair khan vinod acharya vicky ahuja saaikat bagbaan ajaz khan "
yeh dillagi,1994,comedy drama musical a poor girl is rebuked by a rich boy. she leaves town to return successful and rich. he falls for her but his brother is already in love with the girl. naresh malhotra kajol akshay kumar saif ali khan saeed jaffrey 
suspect,2022,"crime drama three bachelors used to stay in a row house. they are fond of illegal activities one of the bachelor takes revenge to other flatmates for her family past. her neighbour and family members end up saving her for her innocent revenge. sudhir tandel, prakash vora pritesh bharucha mousumi das kanika gaba neeraj gurjar "
parwana,1971,"romance thriller kumar sen is an artist of eminence, a talented painter, and a renowned sculptor; and like the majority of his clan, he has a sensitive introvert. but no artist can achieve any degree of ...                see full summary » jyoti swaroop navin nischol amitabh bachchan yogeeta bali om prakash "
#mute,2023,thriller a lone divorcee sets the race against time to search for the person that shattered her life. prashantt chandraah archana jois sidhaartha maadhyamika aadukalam naren tejus venkatesh 
gulaab gang,2014,action drama a fearless woman fights social injustice; creating a sanctuary for abused women and battling a crooked politician. soumik sen madhuri dixit juhi chawla divya jagdale priyanka bose 
yaraana,1995,drama romance thriller lalita (madhuri dixit) catches the eye of j.b. (raj babbar) and he immediately falls in love with her and decides he must marry her. he bribes lalita's uncle madanlal (tej sapru) into ...                see full summary » david dhawan rishi kapoor madhuri dixit raj babbar kader khan 
msg: the messenger of god,2015,"action comedy drama guru ji is a social reformer who works to help people fight against social evils. jeetu arora, gurmeet ram rahim singh gurmeet ram rahim singh daniel kaleb flora saini jayshree soni "
kaantha,Unknown, plot under wraps. selvamani selvaraj dulquer salmaan 
maa,1992,"drama fantasy horror a multi-millionaire, ram khanna, is advised by a fake astrologer that he will meet and marry a woman whose name will start with ""m"". ram does meet mamta, and they both fall in love. ram ...                see full summary » ajay kashyap jeetendra jaya prada aruna irani sahila chaddha "
tadapti jawani,2005,thriller kaajal's husband has to join the army as war is about to start and kaajal develops feelings for manohar who saved her from an accident. there is also maya and kamini fighting for manohar's ...                see full summary » jaspal neelam poonam dasgupta rajesh sabharwal aman sagar 
bewafai,1985,"drama romance asha's jealousy gets the better of her when she finds out that the man she loves, ashok, is showering his attention to other two girls, vinny and renu. r. thyagaraajan rajesh khanna rajinikanth tina ambani padmini kolhapure "
god tussi great ho,2008,comedy drama fantasy a tv anchor keeps on blaming god for his unsuccessful life. god appears and he is given the god's power for 10 days just to see how he manages to keep everyone happy. rumi jaffery amitabh bachchan salman khan priyanka chopra jonas anupam kher 
chameli,2018,drama add a plot aaryaan saxena sherlyn chopra avinash dwivedi brijendra kala sheetal kale 
paar,1984,"drama this is goutam ghose's speculative commentary on poverty and exploitation in rural bihar, based on bengali story paathi. goutam ghose naseeruddin shah shabana azmi utpal dutt anil chatterjee "
chori chori,1956,comedy musical romance a spoiled rich girl on the run travels with a reporter looking for a news scoop. anant thakur nargis raj kapoor gope master bhagwan 
super,2005,"action comedy sonu, his sister, sasha, and their friend, akhil, live a poor lifestyle in india. while sasha has given her heart to akhil, he treats her as a close friend and confidant. times get so tough...                see full summary » puri jagannadh nagarjuna akkineni sonu sood ayesha takia anushka shetty "
tamanna,1998,"drama in 1975 mahim, bombay, eunuch tikku is the only child of yesteryear bollywood actress nazneen begum, who has fallen upon hard times, is virtually destitute, and is dependent on tikku, who ...                see full summary » mahesh bhatt paresh rawal pooja bhatt sharad s. kapoor manoj bajpayee "
haunted evil dead,2022,horror ida and albin are a happy couple. they set off to a cabin in the vast swedish woodlands to have a fun holiday with their friends. but under the floorboards waits an evil from sweden's dark past. mahesh bhatt paresh rawal pooja bhatt sharad s. kapoor manoj bajpayee 
lal baadshah,1999,"action crime drama lal singh (amitabh bachchan) lives with his mother (nirupa roy) in a small basti in bombay and grows up with the poor and needy, who call him lal badshah. he's a helpful person dead-set ...                see full summary » k.c. bokadia amitabh bachchan manisha koirala shilpa shetty kundra shakti kapoor "
teesri aankh,1982,"action thriller childless malti is married to a honest man, kailash nath, who one day brings home a newborn baby boy and asks her to take care of him. malti names the boy ashok, and brings him up as her ...                see full summary » subodh mukherji dharmendra shatrughan sinha zeenat aman neetu singh "
phir milenge,2004,drama tamanna sahni (shilpa shetty) is a dedicated staff member of a top advertising agency; her ideas and designs have mainly contributed to the agency's success. she leaves for a college ...                see full summary » revathi salman khan abhishek bachchan shilpa shetty kundra mita vashisht 
karm,1977,"drama family asha and arvind are in love but are not allowed to marry by her astrologer father. they start living together and plan to start a family without getting married, but fate intervenes. b.r. chopra rajesh khanna vidya sinha shabana azmi govardhan asrani "
millitary raaj,1998,"action an army major is transferred to a training camp after being blamed by the police for doing their job. however, when the law and order worsens, the police ask him to take over the nation's security. sanjay sharma mithun chakraborty prem chopra siddharth dhawan irfan kamal "
jaan tere naam,1992,"drama romance lovely pinky malhotra is a heart-breaker in the college where she studies, and has a number of young men who would lay down their lives for her. amongst them are sunil and vicky. she is ...                see full summary » deepak balraj vij ronit roy farheen sulabha deshpande vijay arora "
madam chief minister,2021,drama the right of a woman to live with dignity has always been at crossroads with society's norms. subhash kapoor richa chadha manav kaul saurabh shukla akshay oberoi 
sabse bada khiladi,1995,action crime thriller a police officer impersonates his murdered twin brother in order to bring his killers to justice. umesh mehra akshay kumar mamta kulkarni mohnish behl avtar gill 
chaalbaaz in london,2022,"comedy chaalbaaz in london is a bollywood comedy movie, directed by pankaj parashar. the cast of chaalbaaz in london includes shraddha kapoor pankaj parashar shraddha kapoor "
pyaar diwana hota hai,2002,comedy drama romance a villager pretends to be disabled in order to be near an nri (non-resident indian). pankaj parashar shraddha kapoor 
bulandi,2000,action drama a noble family presides over a small town in india. rama rao tatineni anil kapoor rekha raveena tandon rajinikanth 
bhakta kannappa,Unknown,action adventure drama add a plot mukesh kumar singh nayanthara prabhas madhoo vishnu manchu 
gaddaar,1995,action drama romance add a plot raam shetty suniel shetty harish sonali bendre kiran kumar 
maa beta,1962,"comedy crime drama dependent on his elder brother, bishan, ganga and his wife, rameshwari, are abused and asked to leave. they work hard, set up their own business, and soon become wealthy enough to even ...                see full summary » lekhraj bhakri manoj kumar ameeta vijay dutt sheila ramani "
parvarish,1977,"action crime drama a policeman adopts the son of a bandit. a misunderstanding leads the officer's own biological son to believe he is the bandit's son and he takes up a secret life of crime; meanwhile, the adopted son becomes an officer of the law. manmohan desai shammi kapoor amitabh bachchan vinod khanna neetu singh "
barkhaa,2015,"drama romance follows the relationship between two young minds, which took a unfavorable turn. shadaab mirza sara loren priyanshu chatterjee muntazir ahmad taha shah badussha "
bheja fry,2007,"comedy drama ranjit, who makes fun of idiots, gets completely annoyed when he invites a tax inspector and a singer to his house. sagar ballary vinay pathak rajat kapoor sarika thakur milind soman "
saheb biwi aur gangster,2011,"action crime drama hired to kill a nobleman, the assassin instead falls for the former's unstable wife. tigmanshu dhulia jimmy shergill mahie gill randeep hooda shreya narayan "
dil maange more!!!,2004,"musical romance nikhil, a simple naive young man, twice fails in his quest for love. will he be third time lucky? anant mahadevan shahid kapoor ayesha takia tulip joshi soha ali khan "
khullam khulla pyaar karen,2005,"comedy international criminal don, supremo, alias trikal anna is concerned when he hears that two of his trusted lieutenants are at war with each other. so he decides to travel to india to settle ...                see full summary » harmesh malhotra govinda preity g zinta prem chopra sadashiv amrapurkar "
pareeksha,2020,"drama the film revolves around the story of an ordinary rickshaw driver in bihar who aspires and dreams of providing a maximum possible quality education to his son by making arrangements for him to study at a private english medium school. prakash jha, saurabh choubey adil hussain priyanka bose shourya deep shubham "
gambler,1995,"action comedy crime police inspector dayashanker pandey is a slacker who wants a risk-free life; he's quite comfortable sharing tall tales and a desk job. but fate has other plans: whenever he goes outside, he...                see full summary » dayal nihalani govinda shilpa shetty kundra aditya pancholi gulshan grover "
humjoli,1970,"comedy drama romance village-based gopalnath (pran) had always dreamed of becoming rich. on a visit to bombay city, his dreams are fulfilled when he agrees to marry plain-looking roopa, the sole heiress of a ...                see full summary » ramanna jeetendra leena chandavarkar pran sikand shashikala jawalkar "
wrong way,2023,"horror shiva and his 4 friends are driving to lonavala to have some good time but little did they know what awaits them devendra rajput, salil sand naveen jagbir sandhu shiva dagar ankita sharma gamya wijayadasa "
zabardast,1985,"action drama ratan kumar lives a middle-class existence with his wife, pushpa and son, sunder. when he is asked to commit a crime for balram singh, he does so, but decides to keep a suitcase full of ...                see full summary » nasir hussain sanjeev kumar sunny deol rajeev kapoor jaya prada "
salaakhen,1998,"action drama when an honest school teacher testifies in a rape case against a prominent businessman's son, he is psychologically tortured and forced to commit suicide. his young son then takes the law into his own hands in order to avenge his father. guddu dhanoa sunny deol raveena tandon anupam kher farida jalal "
shlok - the desi sherlock,Unknown,"crime thriller follows a detective looking into several crimes. as more crimes occur nearby, an unexpected event takes place. kunal kohli, laura lake hiten patel bobby deol lee nicholas harris karishma kotak "
ravan raaj: a true story,1995,action crime thriller in bombay a series of kidnapping takes place and many young women go missing. the police force is also not doing much to stop this until arjun verma is assigned to the case.during the ...                see full summary » rama rao tatineni mithun chakraborty madhoo aditya pancholi paresh rawal 
anmol,1993,"drama family romance anmol is made to work as a maid in her own house by her step-mother and step-sisters. later, a singer falls for her and decides to free her from her evil family. ketan desai maya alagh sudha chopra anil dhawan sunil dhawan "
hebbuli,2017,"action drama thriller a fearless commando arrives home at the news of his brother's suicide until he starts to deeply investigate the reason behind his mysterious demise. s krishna, rudresh m. gowda v. ravichandran sudeep amala paul ravi kishan "
dadagiri,1987,"action crime drama after the passing of her parents, a young heiress suffers abuse at the hands of her relatives. deepak s. shivdasani rati agnihotri rakesh bedi mohan choti sudhir dalvi "
tute khwab,2019,comedy family musical add a plot pramod sharma pramod sharma dhanashri rathod mahesh kumar rajesh pr dadu 
tony,2018,"thriller four psychology students plant a camera in a church's confession box and come across a serial killer confessing to murder to the priest. life takes a bizarre turn when they meet tony, the serial killer and go on a murdering spree with him. vipul k. rawal mahesh jilowa yashodhan rana manoj chandila dhruv souran "
rosh,2023,drama thriller rajat ronika and alina hits a delivery boy on road and he dies on the spot. after some time door bell rings and an injured delivery boy enters in house stating he is late because someone hit him on road by a car and thrill starts. jayveer panghaal allu ashish mimoh chakraborty vrajesh hirjee jillian kilroy 
p se pyaar f se faraar,2019,"crime drama romance high-school sweethearts suraj maali and janvi singh are well aware of their diverse socio-economic backgrounds and so, the young lovers opt for marriage by elopement. this, in turn, conjures up a storm the couple isn't prepared for. manoj shidheshwari tiwari bhavesh kumar jimmy shergill kumud mishra sanjay mishra "
the royal bengal tiger,2014,"thriller a soft spoken, timid person changes drastically after he comes across his old friend . rajesh ganguly jeet abir chatterjee priyanka sarkar shraddha das "
brahmachari,1968,"comedy drama musical abandoned as a child, brahmachari lives in a mortgaged house with twelve young orphans. he saves a woman from dying and she changes his life forever. but first she has to deal with her own affairs. bhappi sonie shammi kapoor rajshree pran sikand mumtaz askari "
ekk deewana tha,2012,drama romance an aspiring filmmaker from mumbai falls in love with a woman from a strict orthodox christian family. gautham vasudev menon prateik patil babbar amy jackson sachin khedekar manu rishi chadha 
missing,2018,"drama mystery thriller sushant dubey checks in at a beach resort of mauritius late night with his lovely wife aparna and three-year-old daughter, titli, who has high fever. as aparna wakes up the next morning, ...                see full summary » mukul abhyankar manoj bajpayee tabu annu kapoor rajesh jais "
thugs,2023,action thriller the lives of a few gangsters in kanyakumari. brinda master hridhu haroon sarath kumar munishkanth thenappan p.l. 
middle class love,2022,comedy drama romance a young college boy is frustrated being in middle-class family setup and finds love the ideal way to get out of it. ratnaa sinha prit kamani eisha singh kavya thapar manoj pahwa 
mutamestri,1993,action drama the story of a vegetable market worker who rises to the state of a minister. a. kodandarami reddy chiranjeevi meena roja sharat saxena 
akayla,1991,"action drama thriller inspector vijay verma is a very lonely cop whose only family is a younger brother, ajay verma, who is studying abroad. he also has two good friends, shekhar and seema. one day when he ...                see full summary » ramesh sippy amitabh bachchan jackie shroff amrita singh meenakshi sheshadri "
oonche log,1985,"drama family thakur vikram singh, while driving home in his chauffeur-driven car, loses control, and crashes it in a building, instantly killing a woman. vikram finds out that the woman had a young son,...                see full summary » brij rajesh khanna salma agha pradeep kumar danny denzongpa "
shikari: the hunter,1991,"action adventure shankar and chanchal earn their living by doing road shows. once, shankar sees natasha on a circus poster and dreams of working with her. he gets an offer to work in the circus in russia latif faiziyev, umesh mehra mithun chakraborty naseeruddin shah irina kushnareva varsha usgaonkar "
rk/rkay,2021,"drama rk is a filmmaker, making a new film, in which he also plays the lead character of mahboob. its a quaint film, like a tribute to the cinema of the sixties. people close to him are not ...                see full summary » rajat kapoor rajat kapoor mallika sherawat ranvir shorey chandrachoor rai "
go goa gone 2,Unknown,"action adventure comedy sequel of the 2013 'zom-com' film go goa gone. krishna d.k., raj nidimoru saif ali khan radhika madan abhishek banerjee fahim fazli "
double dhamaal,2011,comedy crime drama four slackers decide to avenge their humiliation at the hands of a con-man. indra kumar sanjay dutt riteish deshmukh arshad warsi jaaved jaaferi 
ek chalis ki last local,2007,adventure comedy crime a comic thriller about two people who miss the last local train at 1:40 am and how missing of their train changes their course of life forever. sanjay m. khanduri abhay deol neha dhupia amit mistry nawazuddin siddiqui 
golmaal 5,Unknown,"adventure comedy mystery a group of childhood friends, gets caught in a puzzled up situation together, as they have a knack for it. rohit shetty ajay devgn arshad warsi kunal kemmu shreyas talpade "
jannat 2,2012,crime drama thriller a dealer of illegal guns is bullied into being an informer for a cop who wants to put an end to this racket. kunal deshmukh emraan hashmi randeep hooda esha gupta mohd. zeeshan ayyub 
zeher,2005,"crime drama mystery siddharth and sonia are happily married to each other until anna walks into siddharth's life. things takes a worst turn, when anna gets killed and siddharth finds himself in deep trouble. mohit suri emraan hashmi shamita shetty udita goswami sameer kochhar "
gangaajal,2003,"action crime drama an ips officer motivates and leads a dysfunctional, corrupt police force of tezpur to fight against the corrupt politician. prakash jha ajay devgn gracy singh mohan joshi yashpal sharma "
junglee,1961,comedy drama musical a humorless and pompous businessman goes wild when he falls in love. now if only his domineering mother could understand his new lease on life. subodh mukherji shammi kapoor saira banu shashikala jawalkar anoop kumar 
untitled ranveer singh & shankar film,Unknown, add a plot s. shankar ranveer singh 
hum paanch,1980,"action drama wealthy, lecherous zamindar thakur vir pratap singh lords over a small region in rural india, mercilessly killing anyone who opposes his rule. he gets the male villagers addicted to ...                see full summary » bapu sanjeev kumar shabana azmi mithun chakraborty deepti naval "
bandini,1963,"drama musical romance during the british raj of the 1930s, a prison-doctor falls in love with a convict who eventually reveals the story of her past and her connection to a freedom fighter. bimal roy ashok kumar nutan dharmendra raja paranjpe "
plan,2004,"action comedy crime to pay off their gambling debt, four best friends kidnap an organized crime figure having mistaken him for a wealthy businessman. hriday shetty sanjay dutt priyanka chopra jonas dino morea sameera reddy "
shudra the rising,2012,history shudra - the rising is the story of 250 million people subjugated in war and condemned to slavery and bestial existence for ages. these peace loving and imprudent people of ancient times ...                see full summary » sanjiv jaiswal priya annatram habib azmi pravin baby mahesh balraj 
ilaaka,1989,"action drama ilaaka - has a small little world of its own. a world of dreams and desires love and longings, hatred and hardships. this is raja who stands at the cross roads of truth and traditions.. in ...                see full summary » aziz sejawal mithun chakraborty sanjay dutt madhuri dixit amrish puri "
kamaal dhamaal malamaal,2012,"comedy drama jhonny is often fooled by villagers as he is fit for nothing. he is in love with maria but is often targeted by her brothers. then enters sam, who will be like a samaritain to jhonny's family. priyadarshan nana patekar shreyas talpade om puri paresh rawal "
we r friends,2006,drama add a plot jaidev chakraborty addy ashok asrani bhupindder bhoopii nazneen contractor 
geet gaata chal,1975,"comedy drama family durga babu, and his wife, ganga, comes across shyam, an orphan, who sings and dances on special occasions, and decide to take him home. shyam meets with their daughter, radha, and she ...                see full summary » hiren nag sachin pilgaonkar sarika thakur urmila bhatt madan puri "
luv ka the end,2011,"comedy drama rhea, the girl next door falls in love with luv nanda, only to find out he is not as nice as she thought he was. she decides to get even with luv nanda. bumpy shraddha kapoor taha shah badussha errol peter marks meherzan mazda "
thanedaar,1990,"action crime drama a policeman is killed in a brawl - one of his boys is adopted by another policeman, the other whisked away and brought up by bandits. years later, the boys meet-again on opposite sides of the law. raj n. sippy jeetendra sanjay dutt jaya prada madhuri dixit "
miss mary,1957,"comedy r.k. raju, a private investigator is assigned the task of locating the missing daughter of a wealthy hindu couple. his investigation take him to different locales, and he comes across miss ...                see full summary » l.v. prasad meena kumari kishore kumar gemini ganesan jamuna "
bombai ka babu,1960,"drama musical romance babu and malik are two inseparable friends who live in a small town in india. one day they decide to play a prank and steal something. they get caught, while malik's dad come to bail out ...                see full summary » raj khosla dev anand suchitra sen jeevan dhar nasir hussain "
souten: the other woman,2006,"thriller after the accidental death of her lover, mitali gets married to wealthy widower ranbeer singh who lives in a palace in rajasthan, india, along with his daughter, sapna. the trio settle down...                see full summary » karan razdan mahima chaudhry padmini kolhapure shakti kapoor gulshan grover "
humko tumse pyaar hai,2006,"drama romance a blind woman is taken care by a wealthy nobleman after her fiancee is presumed to be dead. things takes a turn when her former fiancee comes back to her, which puts her in a dilemma. bunty soorma arjun rampal ameesha patel bobby deol achint kaur "
faraar,1975,"action crime drama when two lovers separated due to financial circumstance are reunited several years later under one roof, sparks fly and emotions run high. how will they resolve this relationship? shankar mukherjee sanjeev kumar sharmila tagore amitabh bachchan sulochana latkar "
taxi driver,1954,"musical romance mangal drives a taxi by day, then drinks at night, listens to his singer girlfriend sylvie and then goes into a drunken stupor - and wakes up with a hangover. one day, while assisting ...                see full summary » chetan anand dev anand kalpana kartik sheila ramani johnny walker "
kalicharan,1976,action adventure crime a police officer goes undercover to catch a wealthy and reputable person who is involved in criminal activities. subhash ghai shatrughan sinha reena roy ajit khan premnath malhotra 
heeriye,Unknown,thriller add a plot subhash ghai shatrughan sinha reena roy ajit khan premnath malhotra 
sur: the melody of life,2002,"drama musical romance a renowned music teacher mentors a promising young singer, but when her fame begins to overshadow his own, he lets jealousy and competition take over. tanuja chandra lucky ali simone singh achint kaur ehsan khan "
time to dance,2021,"musical romance when a ballroom dancer's shot at a crucial tournament is jeopardized, a street dancer must face his own painful past and step up as her new partner. stanley d'costa sooraj pancholi isabelle kaif waluscha d'souza rajpal naurang yadav "
nigahen: nagina part ii,1989,"drama family fantasy after the tragic deaths of his son ajit and daughter-in-law rajni, raja saheb decides to educate his granddaughter neelam in the city. years later, neelam has grown up and returns ...                see full summary » harmesh malhotra sunny deol sridevi anupam kher gulshan grover "
kyo kii... main jhuth nahin bolta,2001,"action comedy drama raj is a successful lawyer due to constant cheating and dishonesty. when his wife comes to know about this, she threatens to leave him. fearful of his parents' divorce, raj's son wishes that his father become unable to lie. david dhawan govinda sushmita sen rambha anupam kher "
